date,product_id,product_name,category,units_sold,unit_price,unit_cost,promotion,lead_time_days,current_stock
2024-07-01,P001,Bottled Water 1L,Beverages,165,0.6,0.37,0,5,
2024-07-02,P001,Bottled Water 1L,Beverages,193,0.6,0.37,0,5,
2024-07-03,P001,Bottled Water 1L,Beverages,168,0.6,0.37,0,5,
2024-07-04,P001,Bottled Water 1L,Beverages,168,0.6,0.37,0,5,
2024-07-05,P001,Bottled Water 1L,Beverages,248,0.6,0.37,0,5,
2024-07-06,P001,Bottled Water 1L,Beverages,232,0.6,0.37,0,5,
2024-07-07,P001,Bottled Water 1L,Beverages,180,0.6,0.37,0,5,
2024-07-08,P001,Bottled Water 1L,Beverages,136,0.6,0.37,0,5,
2024-07-09,P001,Bottled Water 1L,Beverages,174,0.6,0.37,0,5,
2024-07-10,P001,Bottled Water 1L,Beverages,201,0.6,0.37,0,5,
2024-07-11,P001,Bottled Water 1L,Beverages,113,0.6,0.37,0,5,
2024-07-12,P001,Bottled Water 1L,Beverages,158,0.6,0.37,0,5,
2024-07-13,P001,Bottled Water 1L,Beverages,150,0.6,0.37,0,5,
2024-07-14,P001,Bottled Water 1L,Beverages,241,0.6,0.37,0,5,
2024-07-15,P001,Bottled Water 1L,Beverages,97,0.6,0.37,0,5,
2024-07-16,P001,Bottled Water 1L,Beverages,168,0.6,0.37,0,5,
2024-07-17,P001,Bottled Water 1L,Beverages,198,0.6,0.37,0,5,
2024-07-18,P001,Bottled Water 1L,Beverages,156,0.6,0.37,0,5,
2024-07-19,P001,Bottled Water 1L,Beverages,130,0.6,0.37,0,5,
2024-07-20,P001,Bottled Water 1L,Beverages,240,0.6,0.37,0,5,
2024-07-21,P001,Bottled Water 1L,Beverages,127,0.6,0.37,0,5,
2024-07-22,P001,Bottled Water 1L,Beverages,185,0.6,0.37,0,5,
2024-07-23,P001,Bottled Water 1L,Beverages,110,0.6,0.37,0,5,
2024-07-24,P001,Bottled Water 1L,Beverages,182,0.6,0.37,0,5,
2024-07-25,P001,Bottled Water 1L,Beverages,147,0.6,0.37,0,5,
2024-07-26,P001,Bottled Water 1L,Beverages,169,0.6,0.37,0,5,
2024-07-27,P001,Bottled Water 1L,Beverages,160,0.6,0.37,0,5,
2024-07-28,P001,Bottled Water 1L,Beverages,293,0.6,0.37,0,5,
2024-07-29,P001,Bottled Water 1L,Beverages,213,0.6,0.37,0,5,
2024-07-30,P001,Bottled Water 1L,Beverages,166,0.6,0.37,0,5,
2024-07-31,P001,Bottled Water 1L,Beverages,169,0.6,0.37,0,5,
2024-08-01,P001,Bottled Water 1L,Beverages,126,0.6,0.37,0,5,
2024-08-02,P001,Bottled Water 1L,Beverages,177,0.6,0.37,0,5,
2024-08-03,P001,Bottled Water 1L,Beverages,130,0.6,0.37,0,5,
2024-08-04,P001,Bottled Water 1L,Beverages,275,0.6,0.37,0,5,
2024-08-05,P001,Bottled Water 1L,Beverages,117,0.6,0.37,0,5,
2024-08-06,P001,Bottled Water 1L,Beverages,118,0.6,0.37,0,5,
2024-08-07,P001,Bottled Water 1L,Beverages,136,0.6,0.37,0,5,
2024-08-08,P001,Bottled Water 1L,Beverages,128,0.6,0.37,0,5,
2024-08-09,P001,Bottled Water 1L,Beverages,156,0.6,0.37,0,5,
2024-08-10,P001,Bottled Water 1L,Beverages,206,0.6,0.37,0,5,
2024-08-11,P001,Bottled Water 1L,Beverages,312,0.6,0.37,0,5,
2024-08-12,P001,Bottled Water 1L,Beverages,193,0.6,0.37,0,5,
2024-08-13,P001,Bottled Water 1L,Beverages,188,0.6,0.37,0,5,
2024-08-14,P001,Bottled Water 1L,Beverages,169,0.6,0.37,0,5,
2024-08-15,P001,Bottled Water 1L,Beverages,141,0.6,0.37,0,5,
2024-08-16,P001,Bottled Water 1L,Beverages,94,0.6,0.37,0,5,
2024-08-17,P001,Bottled Water 1L,Beverages,168,0.6,0.37,0,5,
2024-08-18,P001,Bottled Water 1L,Beverages,222,0.6,0.37,0,5,
2024-08-19,P001,Bottled Water 1L,Beverages,126,0.6,0.37,0,5,
2024-08-20,P001,Bottled Water 1L,Beverages,140,0.6,0.37,0,5,
2024-08-21,P001,Bottled Water 1L,Beverages,168,0.6,0.37,0,5,
2024-08-22,P001,Bottled Water 1L,Beverages,111,0.6,0.37,0,5,
2024-08-23,P001,Bottled Water 1L,Beverages,86,0.6,0.37,0,5,
2024-08-24,P001,Bottled Water 1L,Beverages,294,0.6,0.37,0,5,
2024-08-25,P001,Bottled Water 1L,Beverages,183,0.6,0.37,0,5,
2024-08-26,P001,Bottled Water 1L,Beverages,113,0.6,0.37,0,5,
2024-08-27,P001,Bottled Water 1L,Beverages,92,0.6,0.37,0,5,
2024-08-28,P001,Bottled Water 1L,Beverages,127,0.6,0.37,0,5,
2024-08-29,P001,Bottled Water 1L,Beverages,110,0.6,0.37,0,5,
2024-08-30,P001,Bottled Water 1L,Beverages,103,0.6,0.37,0,5,
2024-08-31,P001,Bottled Water 1L,Beverages,219,0.6,0.37,0,5,
2024-09-01,P001,Bottled Water 1L,Beverages,223,0.51,0.37,1,5,
2024-09-02,P001,Bottled Water 1L,Beverages,348,0.51,0.37,1,5,
2024-09-03,P001,Bottled Water 1L,Beverages,162,0.51,0.37,1,5,
2024-09-04,P001,Bottled Water 1L,Beverages,276,0.51,0.37,1,5,
2024-09-05,P001,Bottled Water 1L,Beverages,247,0.51,0.37,1,5,
2024-09-06,P001,Bottled Water 1L,Beverages,178,0.51,0.37,1,5,
2024-09-07,P001,Bottled Water 1L,Beverages,342,0.51,0.37,1,5,
2024-09-08,P001,Bottled Water 1L,Beverages,269,0.51,0.37,1,5,
2024-09-09,P001,Bottled Water 1L,Beverages,180,0.6,0.37,0,5,
2024-09-10,P001,Bottled Water 1L,Beverages,119,0.6,0.37,0,5,
2024-09-11,P001,Bottled Water 1L,Beverages,138,0.6,0.37,0,5,
2024-09-12,P001,Bottled Water 1L,Beverages,195,0.6,0.37,0,5,
2024-09-13,P001,Bottled Water 1L,Beverages,135,0.6,0.37,0,5,
2024-09-14,P001,Bottled Water 1L,Beverages,181,0.6,0.37,0,5,
2024-09-15,P001,Bottled Water 1L,Beverages,210,0.6,0.37,0,5,
2024-09-16,P001,Bottled Water 1L,Beverages,167,0.6,0.37,0,5,
2024-09-17,P001,Bottled Water 1L,Beverages,95,0.6,0.37,0,5,
2024-09-18,P001,Bottled Water 1L,Beverages,154,0.6,0.37,0,5,
2024-09-19,P001,Bottled Water 1L,Beverages,122,0.6,0.37,0,5,
2024-09-20,P001,Bottled Water 1L,Beverages,90,0.6,0.37,0,5,
2024-09-21,P001,Bottled Water 1L,Beverages,185,0.6,0.37,0,5,
2024-09-22,P001,Bottled Water 1L,Beverages,212,0.6,0.37,0,5,
2024-09-23,P001,Bottled Water 1L,Beverages,84,0.6,0.37,0,5,
2024-09-24,P001,Bottled Water 1L,Beverages,140,0.6,0.37,0,5,
2024-09-25,P001,Bottled Water 1L,Beverages,106,0.6,0.37,0,5,
2024-09-26,P001,Bottled Water 1L,Beverages,100,0.6,0.37,0,5,
2024-09-27,P001,Bottled Water 1L,Beverages,111,0.6,0.37,0,5,
2024-09-28,P001,Bottled Water 1L,Beverages,170,0.6,0.37,0,5,
2024-09-29,P001,Bottled Water 1L,Beverages,97,0.6,0.37,0,5,
2024-09-30,P001,Bottled Water 1L,Beverages,111,0.6,0.37,0,5,
2024-10-01,P001,Bottled Water 1L,Beverages,135,0.6,0.37,0,5,
2024-10-02,P001,Bottled Water 1L,Beverages,116,0.6,0.37,0,5,
2024-10-03,P001,Bottled Water 1L,Beverages,136,0.6,0.37,0,5,
2024-10-04,P001,Bottled Water 1L,Beverages,109,0.6,0.37,0,5,
2024-10-05,P001,Bottled Water 1L,Beverages,120,0.6,0.37,0,5,
2024-10-06,P001,Bottled Water 1L,Beverages,148,0.6,0.37,0,5,
2024-10-07,P001,Bottled Water 1L,Beverages,156,0.6,0.37,0,5,
2024-10-08,P001,Bottled Water 1L,Beverages,68,0.6,0.37,0,5,
2024-10-09,P001,Bottled Water 1L,Beverages,124,0.6,0.37,0,5,
2024-10-10,P001,Bottled Water 1L,Beverages,122,0.6,0.37,0,5,
2024-10-11,P001,Bottled Water 1L,Beverages,98,0.61,0.37,0,5,
2024-10-12,P001,Bottled Water 1L,Beverages,175,0.61,0.37,0,5,
2024-10-13,P001,Bottled Water 1L,Beverages,84,0.61,0.37,0,5,
2024-10-14,P001,Bottled Water 1L,Beverages,95,0.61,0.37,0,5,
2024-10-15,P001,Bottled Water 1L,Beverages,102,0.61,0.37,0,5,
2024-10-16,P001,Bottled Water 1L,Beverages,96,0.61,0.37,0,5,
2024-10-17,P001,Bottled Water 1L,Beverages,59,0.61,0.37,0,5,
2024-10-18,P001,Bottled Water 1L,Beverages,84,0.61,0.37,0,5,
2024-10-19,P001,Bottled Water 1L,Beverages,147,0.61,0.37,0,5,
2024-10-20,P001,Bottled Water 1L,Beverages,95,0.61,0.37,0,5,
2024-10-21,P001,Bottled Water 1L,Beverages,150,0.61,0.37,0,5,
2024-10-22,P001,Bottled Water 1L,Beverages,86,0.61,0.37,0,5,
2024-10-23,P001,Bottled Water 1L,Beverages,87,0.61,0.37,0,5,
2024-10-24,P001,Bottled Water 1L,Beverages,98,0.61,0.37,0,5,
2024-10-25,P001,Bottled Water 1L,Beverages,98,0.61,0.37,0,5,
2024-10-26,P001,Bottled Water 1L,Beverages,135,0.61,0.37,0,5,
2024-10-27,P001,Bottled Water 1L,Beverages,118,0.61,0.37,0,5,
2024-10-28,P001,Bottled Water 1L,Beverages,98,0.61,0.37,0,5,
2024-10-29,P001,Bottled Water 1L,Beverages,89,0.61,0.37,0,5,
2024-10-30,P001,Bottled Water 1L,Beverages,66,0.61,0.37,0,5,
2024-10-31,P001,Bottled Water 1L,Beverages,88,0.61,0.37,0,5,
2024-11-01,P001,Bottled Water 1L,Beverages,97,0.61,0.37,0,5,
2024-11-02,P001,Bottled Water 1L,Beverages,140,0.61,0.37,0,5,
2024-11-03,P001,Bottled Water 1L,Beverages,110,0.61,0.37,0,5,
2024-11-04,P001,Bottled Water 1L,Beverages,91,0.61,0.37,0,5,
2024-11-05,P001,Bottled Water 1L,Beverages,64,0.61,0.37,0,5,
2024-11-06,P001,Bottled Water 1L,Beverages,109,0.61,0.37,0,5,
2024-11-07,P001,Bottled Water 1L,Beverages,90,0.61,0.37,0,5,
2024-11-08,P001,Bottled Water 1L,Beverages,83,0.61,0.37,0,5,
2024-11-09,P001,Bottled Water 1L,Beverages,126,0.52,0.37,1,5,
2024-11-10,P001,Bottled Water 1L,Beverages,134,0.52,0.37,1,5,
2024-11-11,P001,Bottled Water 1L,Beverages,125,0.52,0.37,1,5,
2024-11-12,P001,Bottled Water 1L,Beverages,84,0.52,0.37,1,5,
2024-11-13,P001,Bottled Water 1L,Beverages,144,0.52,0.37,1,5,
2024-11-14,P001,Bottled Water 1L,Beverages,182,0.52,0.37,1,5,
2024-11-15,P001,Bottled Water 1L,Beverages,158,0.52,0.37,1,5,
2024-11-16,P001,Bottled Water 1L,Beverages,81,0.61,0.37,0,5,
2024-11-17,P001,Bottled Water 1L,Beverages,140,0.61,0.37,0,5,
2024-11-18,P001,Bottled Water 1L,Beverages,84,0.61,0.37,0,5,
2024-11-19,P001,Bottled Water 1L,Beverages,66,0.61,0.37,0,5,
2024-11-20,P001,Bottled Water 1L,Beverages,91,0.61,0.37,0,5,
2024-11-21,P001,Bottled Water 1L,Beverages,41,0.61,0.37,0,5,
2024-11-22,P001,Bottled Water 1L,Beverages,112,0.61,0.37,0,5,
2024-11-23,P001,Bottled Water 1L,Beverages,141,0.52,0.37,1,5,
2024-11-24,P001,Bottled Water 1L,Beverages,94,0.52,0.37,1,5,
2024-11-25,P001,Bottled Water 1L,Beverages,64,0.52,0.37,1,5,
2024-11-26,P001,Bottled Water 1L,Beverages,56,0.61,0.37,0,5,
2024-11-27,P001,Bottled Water 1L,Beverages,84,0.61,0.37,0,5,
2024-11-28,P001,Bottled Water 1L,Beverages,76,0.61,0.37,0,5,
2024-11-29,P001,Bottled Water 1L,Beverages,59,0.61,0.37,0,5,
2024-11-30,P001,Bottled Water 1L,Beverages,82,0.61,0.37,0,5,
2024-12-01,P001,Bottled Water 1L,Beverages,102,0.61,0.37,0,5,
2024-12-02,P001,Bottled Water 1L,Beverages,63,0.61,0.37,0,5,
2024-12-03,P001,Bottled Water 1L,Beverages,90,0.61,0.37,0,5,
2024-12-04,P001,Bottled Water 1L,Beverages,72,0.61,0.37,0,5,
2024-12-05,P001,Bottled Water 1L,Beverages,75,0.61,0.37,0,5,
2024-12-06,P001,Bottled Water 1L,Beverages,80,0.61,0.37,0,5,
2024-12-07,P001,Bottled Water 1L,Beverages,142,0.61,0.37,0,5,
2024-12-08,P001,Bottled Water 1L,Beverages,120,0.61,0.37,0,5,
2024-12-09,P001,Bottled Water 1L,Beverages,77,0.61,0.37,0,5,
2024-12-10,P001,Bottled Water 1L,Beverages,41,0.61,0.37,0,5,
2024-12-11,P001,Bottled Water 1L,Beverages,80,0.61,0.37,0,5,
2024-12-12,P001,Bottled Water 1L,Beverages,84,0.61,0.37,0,5,
2024-12-13,P001,Bottled Water 1L,Beverages,81,0.61,0.37,0,5,
2024-12-14,P001,Bottled Water 1L,Beverages,90,0.61,0.37,0,5,
2024-12-15,P001,Bottled Water 1L,Beverages,84,0.61,0.37,0,5,
2024-12-16,P001,Bottled Water 1L,Beverages,45,0.61,0.37,0,5,
2024-12-17,P001,Bottled Water 1L,Beverages,58,0.61,0.37,0,5,
2024-12-18,P001,Bottled Water 1L,Beverages,60,0.61,0.37,0,5,
2024-12-19,P001,Bottled Water 1L,Beverages,69,0.61,0.37,0,5,
2024-12-20,P001,Bottled Water 1L,Beverages,44,0.61,0.37,0,5,
2024-12-21,P001,Bottled Water 1L,Beverages,81,0.61,0.37,0,5,
2024-12-22,P001,Bottled Water 1L,Beverages,84,0.61,0.37,0,5,
2024-12-23,P001,Bottled Water 1L,Beverages,66,0.61,0.37,0,5,
2024-12-24,P001,Bottled Water 1L,Beverages,76,0.61,0.37,0,5,
2024-12-25,P001,Bottled Water 1L,Beverages,93,0.61,0.37,0,5,
2024-12-26,P001,Bottled Water 1L,Beverages,121,0.61,0.37,0,5,
2024-12-27,P001,Bottled Water 1L,Beverages,79,0.61,0.37,0,5,
2024-12-28,P001,Bottled Water 1L,Beverages,88,0.61,0.37,0,5,
2024-12-29,P001,Bottled Water 1L,Beverages,105,0.61,0.37,0,5,
2024-12-30,P001,Bottled Water 1L,Beverages,58,0.61,0.37,0,5,
2024-12-31,P001,Bottled Water 1L,Beverages,50,0.61,0.37,0,5,
2025-01-01,P001,Bottled Water 1L,Beverages,96,0.61,0.37,0,5,
2025-01-02,P001,Bottled Water 1L,Beverages,87,0.61,0.37,0,5,
2025-01-03,P001,Bottled Water 1L,Beverages,71,0.61,0.37,0,5,
2025-01-04,P001,Bottled Water 1L,Beverages,98,0.61,0.37,0,5,
2025-01-05,P001,Bottled Water 1L,Beverages,85,0.61,0.37,0,5,
2025-01-06,P001,Bottled Water 1L,Beverages,71,0.61,0.37,0,5,
2025-01-07,P001,Bottled Water 1L,Beverages,63,0.61,0.37,0,5,
2025-01-08,P001,Bottled Water 1L,Beverages,83,0.61,0.37,0,5,
2025-01-09,P001,Bottled Water 1L,Beverages,70,0.61,0.37,0,5,
2025-01-10,P001,Bottled Water 1L,Beverages,52,0.61,0.37,0,5,
2025-01-11,P001,Bottled Water 1L,Beverages,162,0.61,0.37,0,5,
2025-01-12,P001,Bottled Water 1L,Beverages,111,0.61,0.37,0,5,
2025-01-13,P001,Bottled Water 1L,Beverages,82,0.61,0.37,0,5,
2025-01-14,P001,Bottled Water 1L,Beverages,92,0.61,0.37,0,5,
2025-01-15,P001,Bottled Water 1L,Beverages,80,0.61,0.37,0,5,
2025-01-16,P001,Bottled Water 1L,Beverages,57,0.61,0.37,0,5,
2025-01-17,P001,Bottled Water 1L,Beverages,57,0.61,0.37,0,5,
2025-01-18,P001,Bottled Water 1L,Beverages,114,0.61,0.37,0,5,
2025-01-19,P001,Bottled Water 1L,Beverages,116,0.61,0.37,0,5,
2025-01-20,P001,Bottled Water 1L,Beverages,68,0.61,0.37,0,5,
2025-01-21,P001,Bottled Water 1L,Beverages,90,0.61,0.37,0,5,
2025-01-22,P001,Bottled Water 1L,Beverages,58,0.61,0.37,0,5,
2025-01-23,P001,Bottled Water 1L,Beverages,78,0.61,0.37,0,5,
2025-01-24,P001,Bottled Water 1L,Beverages,89,0.61,0.37,0,5,
2025-01-25,P001,Bottled Water 1L,Beverages,130,0.61,0.37,0,5,
2025-01-26,P001,Bottled Water 1L,Beverages,100,0.61,0.37,0,5,
2025-01-27,P001,Bottled Water 1L,Beverages,69,0.61,0.37,0,5,
2025-01-28,P001,Bottled Water 1L,Beverages,118,0.61,0.37,0,5,
2025-01-29,P001,Bottled Water 1L,Beverages,88,0.61,0.37,0,5,
2025-01-30,P001,Bottled Water 1L,Beverages,77,0.61,0.37,0,5,
2025-01-31,P001,Bottled Water 1L,Beverages,129,0.61,0.37,0,5,
2025-02-01,P001,Bottled Water 1L,Beverages,144,0.61,0.37,0,5,
2025-02-02,P001,Bottled Water 1L,Beverages,169,0.61,0.37,0,5,
2025-02-03,P001,Bottled Water 1L,Beverages,81,0.61,0.37,0,5,
2025-02-04,P001,Bottled Water 1L,Beverages,116,0.61,0.37,0,5,
2025-02-05,P001,Bottled Water 1L,Beverages,47,0.61,0.37,0,5,
2025-02-06,P001,Bottled Water 1L,Beverages,95,0.61,0.37,0,5,
2025-02-07,P001,Bottled Water 1L,Beverages,125,0.61,0.37,0,5,
2025-02-08,P001,Bottled Water 1L,Beverages,155,0.61,0.37,0,5,
2025-02-09,P001,Bottled Water 1L,Beverages,99,0.61,0.37,0,5,
2025-02-10,P001,Bottled Water 1L,Beverages,97,0.61,0.37,0,5,
2025-02-11,P001,Bottled Water 1L,Beverages,114,0.61,0.37,0,5,
2025-02-12,P001,Bottled Water 1L,Beverages,85,0.61,0.37,0,5,
2025-02-13,P001,Bottled Water 1L,Beverages,70,0.61,0.37,0,5,
2025-02-14,P001,Bottled Water 1L,Beverages,125,0.61,0.37,0,5,
2025-02-15,P001,Bottled Water 1L,Beverages,154,0.61,0.37,0,5,
2025-02-16,P001,Bottled Water 1L,Beverages,189,0.61,0.37,0,5,
2025-02-17,P001,Bottled Water 1L,Beverages,106,0.61,0.37,0,5,
2025-02-18,P001,Bottled Water 1L,Beverages,113,0.61,0.37,0,5,
2025-02-19,P001,Bottled Water 1L,Beverages,97,0.61,0.37,0,5,
2025-02-20,P001,Bottled Water 1L,Beverages,82,0.61,0.37,0,5,
2025-02-21,P001,Bottled Water 1L,Beverages,72,0.61,0.37,0,5,
2025-02-22,P001,Bottled Water 1L,Beverages,121,0.61,0.37,0,5,
2025-02-23,P001,Bottled Water 1L,Beverages,149,0.61,0.37,0,5,
2025-02-24,P001,Bottled Water 1L,Beverages,87,0.61,0.37,0,5,
2025-02-25,P001,Bottled Water 1L,Beverages,127,0.61,0.37,0,5,
2025-02-26,P001,Bottled Water 1L,Beverages,131,0.61,0.37,0,5,
2025-02-27,P001,Bottled Water 1L,Beverages,104,0.61,0.37,0,5,
2025-02-28,P001,Bottled Water 1L,Beverages,136,0.61,0.37,0,5,
2025-03-01,P001,Bottled Water 1L,Beverages,137,0.61,0.37,0,5,
2025-03-02,P001,Bottled Water 1L,Beverages,171,0.61,0.37,0,5,
2025-03-03,P001,Bottled Water 1L,Beverages,169,0.61,0.37,0,5,
2025-03-04,P001,Bottled Water 1L,Beverages,123,0.61,0.37,0,5,
2025-03-05,P001,Bottled Water 1L,Beverages,166,0.61,0.37,0,5,
2025-03-06,P001,Bottled Water 1L,Beverages,96,0.61,0.37,0,5,
2025-03-07,P001,Bottled Water 1L,Beverages,75,0.61,0.37,0,5,
2025-03-08,P001,Bottled Water 1L,Beverages,250,0.61,0.37,0,5,
2025-03-09,P001,Bottled Water 1L,Beverages,162,0.61,0.37,0,5,
2025-03-10,P001,Bottled Water 1L,Beverages,77,0.61,0.37,0,5,
2025-03-11,P001,Bottled Water 1L,Beverages,99,0.61,0.37,0,5,
2025-03-12,P001,Bottled Water 1L,Beverages,142,0.61,0.37,0,5,
2025-03-13,P001,Bottled Water 1L,Beverages,129,0.61,0.37,0,5,
2025-03-14,P001,Bottled Water 1L,Beverages,83,0.61,0.37,0,5,
2025-03-15,P001,Bottled Water 1L,Beverages,220,0.61,0.37,0,5,
2025-03-16,P001,Bottled Water 1L,Beverages,145,0.61,0.37,0,5,
2025-03-17,P001,Bottled Water 1L,Beverages,106,0.61,0.37,0,5,
2025-03-18,P001,Bottled Water 1L,Beverages,113,0.61,0.37,0,5,
2025-03-19,P001,Bottled Water 1L,Beverages,127,0.61,0.37,0,5,
2025-03-20,P001,Bottled Water 1L,Beverages,102,0.61,0.37,0,5,
2025-03-21,P001,Bottled Water 1L,Beverages,126,0.61,0.37,0,5,
2025-03-22,P001,Bottled Water 1L,Beverages,229,0.61,0.37,0,5,
2025-03-23,P001,Bottled Water 1L,Beverages,149,0.61,0.37,0,5,
2025-03-24,P001,Bottled Water 1L,Beverages,155,0.61,0.37,0,5,
2025-03-25,P001,Bottled Water 1L,Beverages,134,0.61,0.37,0,5,
2025-03-26,P001,Bottled Water 1L,Beverages,144,0.61,0.37,0,5,
2025-03-27,P001,Bottled Water 1L,Beverages,91,0.61,0.37,0,5,
2025-03-28,P001,Bottled Water 1L,Beverages,115,0.61,0.37,0,5,
2025-03-29,P001,Bottled Water 1L,Beverages,165,0.61,0.37,0,5,
2025-03-30,P001,Bottled Water 1L,Beverages,184,0.61,0.37,0,5,
2025-03-31,P001,Bottled Water 1L,Beverages,104,0.61,0.37,0,5,
2025-04-01,P001,Bottled Water 1L,Beverages,103,0.61,0.37,0,5,
2025-04-02,P001,Bottled Water 1L,Beverages,152,0.61,0.37,0,5,
2025-04-03,P001,Bottled Water 1L,Beverages,154,0.61,0.37,0,5,
2025-04-04,P001,Bottled Water 1L,Beverages,118,0.61,0.37,0,5,
2025-04-05,P001,Bottled Water 1L,Beverages,128,0.61,0.37,0,5,
2025-04-06,P001,Bottled Water 1L,Beverages,124,0.61,0.37,0,5,
2025-04-07,P001,Bottled Water 1L,Beverages,115,0.61,0.37,0,5,
2025-04-08,P001,Bottled Water 1L,Beverages,230,0.61,0.37,0,5,
2025-04-09,P001,Bottled Water 1L,Beverages,117,0.61,0.37,0,5,
2025-04-10,P001,Bottled Water 1L,Beverages,78,0.61,0.37,0,5,
2025-04-11,P001,Bottled Water 1L,Beverages,112,0.61,0.37,0,5,
2025-04-12,P001,Bottled Water 1L,Beverages,230,0.61,0.37,0,5,
2025-04-13,P001,Bottled Water 1L,Beverages,171,0.61,0.37,0,5,
2025-04-14,P001,Bottled Water 1L,Beverages,80,0.61,0.37,0,5,
2025-04-15,P001,Bottled Water 1L,Beverages,135,0.61,0.37,0,5,
2025-04-16,P001,Bottled Water 1L,Beverages,187,0.61,0.37,0,5,
2025-04-17,P001,Bottled Water 1L,Beverages,181,0.61,0.37,0,5,
2025-04-18,P001,Bottled Water 1L,Beverages,181,0.61,0.37,0,5,
2025-04-19,P001,Bottled Water 1L,Beverages,164,0.61,0.37,0,5,
2025-04-20,P001,Bottled Water 1L,Beverages,304,0.61,0.37,0,5,
2025-04-21,P001,Bottled Water 1L,Beverages,190,0.61,0.37,0,5,
2025-04-22,P001,Bottled Water 1L,Beverages,128,0.61,0.37,0,5,
2025-04-23,P001,Bottled Water 1L,Beverages,207,0.61,0.37,0,5,
2025-04-24,P001,Bottled Water 1L,Beverages,134,0.61,0.37,0,5,
2025-04-25,P001,Bottled Water 1L,Beverages,199,0.61,0.37,0,5,
2025-04-26,P001,Bottled Water 1L,Beverages,204,0.61,0.37,0,5,
2025-04-27,P001,Bottled Water 1L,Beverages,307,0.61,0.37,0,5,
2025-04-28,P001,Bottled Water 1L,Beverages,144,0.61,0.37,0,5,
2025-04-29,P001,Bottled Water 1L,Beverages,97,0.61,0.37,0,5,
2025-04-30,P001,Bottled Water 1L,Beverages,140,0.61,0.37,0,5,
2025-05-01,P001,Bottled Water 1L,Beverages,183,0.61,0.37,0,5,
2025-05-02,P001,Bottled Water 1L,Beverages,158,0.62,0.37,0,5,
2025-05-03,P001,Bottled Water 1L,Beverages,256,0.62,0.37,0,5,
2025-05-04,P001,Bottled Water 1L,Beverages,244,0.62,0.37,0,5,
2025-05-05,P001,Bottled Water 1L,Beverages,145,0.62,0.37,0,5,
2025-05-06,P001,Bottled Water 1L,Beverages,186,0.62,0.37,0,5,
2025-05-07,P001,Bottled Water 1L,Beverages,187,0.62,0.37,0,5,
2025-05-08,P001,Bottled Water 1L,Beverages,248,0.62,0.37,0,5,
2025-05-09,P001,Bottled Water 1L,Beverages,153,0.62,0.37,0,5,
2025-05-10,P001,Bottled Water 1L,Beverages,327,0.52,0.37,1,5,
2025-05-11,P001,Bottled Water 1L,Beverages,297,0.52,0.37,1,5,
2025-05-12,P001,Bottled Water 1L,Beverages,248,0.52,0.37,1,5,
2025-05-13,P001,Bottled Water 1L,Beverages,361,0.52,0.37,1,5,
2025-05-14,P001,Bottled Water 1L,Beverages,217,0.52,0.37,1,5,
2025-05-15,P001,Bottled Water 1L,Beverages,146,0.52,0.37,1,5,
2025-05-16,P001,Bottled Water 1L,Beverages,204,0.52,0.37,1,5,
2025-05-17,P001,Bottled Water 1L,Beverages,141,0.62,0.37,0,5,
2025-05-18,P001,Bottled Water 1L,Beverages,267,0.62,0.37,0,5,
2025-05-19,P001,Bottled Water 1L,Beverages,152,0.62,0.37,0,5,
2025-05-20,P001,Bottled Water 1L,Beverages,235,0.62,0.37,0,5,
2025-05-21,P001,Bottled Water 1L,Beverages,112,0.62,0.37,0,5,
2025-05-22,P001,Bottled Water 1L,Beverages,99,0.62,0.37,0,5,
2025-05-23,P001,Bottled Water 1L,Beverages,182,0.62,0.37,0,5,
2025-05-24,P001,Bottled Water 1L,Beverages,206,0.62,0.37,0,5,
2025-05-25,P001,Bottled Water 1L,Beverages,251,0.62,0.37,0,5,
2025-05-26,P001,Bottled Water 1L,Beverages,151,0.62,0.37,0,5,
2025-05-27,P001,Bottled Water 1L,Beverages,310,0.62,0.37,0,5,
2025-05-28,P001,Bottled Water 1L,Beverages,151,0.62,0.37,0,5,
2025-05-29,P001,Bottled Water 1L,Beverages,178,0.62,0.37,0,5,
2025-05-30,P001,Bottled Water 1L,Beverages,228,0.62,0.37,0,5,
2025-05-31,P001,Bottled Water 1L,Beverages,193,0.62,0.37,0,5,
2025-06-01,P001,Bottled Water 1L,Beverages,212,0.62,0.37,0,5,
2025-06-02,P001,Bottled Water 1L,Beverages,153,0.62,0.37,0,5,
2025-06-03,P001,Bottled Water 1L,Beverages,189,0.62,0.37,0,5,
2025-06-04,P001,Bottled Water 1L,Beverages,168,0.62,0.37,0,5,
2025-06-05,P001,Bottled Water 1L,Beverages,259,0.62,0.37,0,5,
2025-06-06,P001,Bottled Water 1L,Beverages,250,0.62,0.37,0,5,
2025-06-07,P001,Bottled Water 1L,Beverages,307,0.62,0.37,0,5,
2025-06-08,P001,Bottled Water 1L,Beverages,152,0.62,0.37,0,5,
2025-06-09,P001,Bottled Water 1L,Beverages,196,0.62,0.37,0,5,
2025-06-10,P001,Bottled Water 1L,Beverages,255,0.62,0.37,0,5,
2025-06-11,P001,Bottled Water 1L,Beverages,215,0.62,0.37,0,5,
2025-06-12,P001,Bottled Water 1L,Beverages,204,0.62,0.37,0,5,
2025-06-13,P001,Bottled Water 1L,Beverages,183,0.62,0.37,0,5,
2025-06-14,P001,Bottled Water 1L,Beverages,181,0.62,0.37,0,5,
2025-06-15,P001,Bottled Water 1L,Beverages,274,0.62,0.37,0,5,
2025-06-16,P001,Bottled Water 1L,Beverages,151,0.62,0.37,0,5,
2025-06-17,P001,Bottled Water 1L,Beverages,159,0.62,0.37,0,5,
2025-06-18,P001,Bottled Water 1L,Beverages,249,0.62,0.37,0,5,
2025-06-19,P001,Bottled Water 1L,Beverages,204,0.62,0.37,0,5,
2025-06-20,P001,Bottled Water 1L,Beverages,156,0.62,0.37,0,5,
2025-06-21,P001,Bottled Water 1L,Beverages,197,0.62,0.37,0,5,
2025-06-22,P001,Bottled Water 1L,Beverages,193,0.62,0.37,0,5,
2025-06-23,P001,Bottled Water 1L,Beverages,103,0.62,0.37,0,5,
2025-06-24,P001,Bottled Water 1L,Beverages,199,0.62,0.37,0,5,
2025-06-25,P001,Bottled Water 1L,Beverages,231,0.62,0.37,0,5,
2025-06-26,P001,Bottled Water 1L,Beverages,192,0.62,0.37,0,5,
2025-06-27,P001,Bottled Water 1L,Beverages,160,0.53,0.37,1,5,
2025-06-28,P001,Bottled Water 1L,Beverages,274,0.53,0.37,1,5,
2025-06-29,P001,Bottled Water 1L,Beverages,235,0.53,0.37,1,5,
2025-06-30,P001,Bottled Water 1L,Beverages,337,0.53,0.37,1,5,
2025-07-01,P001,Bottled Water 1L,Beverages,137,0.62,0.37,0,5,
2025-07-02,P001,Bottled Water 1L,Beverages,132,0.62,0.37,0,5,
2025-07-03,P001,Bottled Water 1L,Beverages,190,0.62,0.37,0,5,
2025-07-04,P001,Bottled Water 1L,Beverages,115,0.62,0.37,0,5,
2025-07-05,P001,Bottled Water 1L,Beverages,265,0.62,0.37,0,5,
2025-07-06,P001,Bottled Water 1L,Beverages,122,0.62,0.37,0,5,
2025-07-07,P001,Bottled Water 1L,Beverages,190,0.53,0.37,1,5,
2025-07-08,P001,Bottled Water 1L,Beverages,274,0.53,0.37,1,5,
2025-07-09,P001,Bottled Water 1L,Beverages,372,0.53,0.37,1,5,
2025-07-10,P001,Bottled Water 1L,Beverages,216,0.62,0.37,0,5,
2025-07-11,P001,Bottled Water 1L,Beverages,219,0.62,0.37,0,5,
2025-07-12,P001,Bottled Water 1L,Beverages,241,0.62,0.37,0,5,
2025-07-13,P001,Bottled Water 1L,Beverages,190,0.62,0.37,0,5,
2025-07-14,P001,Bottled Water 1L,Beverages,172,0.62,0.37,0,5,
2025-07-15,P001,Bottled Water 1L,Beverages,231,0.62,0.37,0,5,
2025-07-16,P001,Bottled Water 1L,Beverages,134,0.53,0.37,1,5,
2025-07-17,P001,Bottled Water 1L,Beverages,272,0.53,0.37,1,5,
2025-07-18,P001,Bottled Water 1L,Beverages,264,0.53,0.37,1,5,
2025-07-19,P001,Bottled Water 1L,Beverages,175,0.53,0.37,1,5,
2025-07-20,P001,Bottled Water 1L,Beverages,324,0.53,0.37,1,5,
2025-07-21,P001,Bottled Water 1L,Beverages,233,0.53,0.37,1,5,
2025-07-22,P001,Bottled Water 1L,Beverages,243,0.53,0.37,1,5,
2025-07-23,P001,Bottled Water 1L,Beverages,218,0.62,0.37,0,5,
2025-07-24,P001,Bottled Water 1L,Beverages,178,0.62,0.37,0,5,
2025-07-25,P001,Bottled Water 1L,Beverages,187,0.62,0.37,0,5,
2025-07-26,P001,Bottled Water 1L,Beverages,303,0.62,0.37,0,5,
2025-07-27,P001,Bottled Water 1L,Beverages,162,0.62,0.37,0,5,
2025-07-28,P001,Bottled Water 1L,Beverages,161,0.62,0.37,0,5,
2025-07-29,P001,Bottled Water 1L,Beverages,154,0.62,0.37,0,5,
2025-07-30,P001,Bottled Water 1L,Beverages,150,0.62,0.37,0,5,
2025-07-31,P001,Bottled Water 1L,Beverages,285,0.62,0.37,0,5,
2025-08-01,P001,Bottled Water 1L,Beverages,93,0.62,0.37,0,5,
2025-08-02,P001,Bottled Water 1L,Beverages,260,0.62,0.37,0,5,
2025-08-03,P001,Bottled Water 1L,Beverages,145,0.62,0.37,0,5,
2025-08-04,P001,Bottled Water 1L,Beverages,136,0.62,0.37,0,5,
2025-08-05,P001,Bottled Water 1L,Beverages,104,0.62,0.37,0,5,
2025-08-06,P001,Bottled Water 1L,Beverages,150,0.62,0.37,0,5,
2025-08-07,P001,Bottled Water 1L,Beverages,171,0.62,0.37,0,5,
2025-08-08,P001,Bottled Water 1L,Beverages,184,0.62,0.37,0,5,
2025-08-09,P001,Bottled Water 1L,Beverages,213,0.62,0.37,0,5,
2025-08-10,P001,Bottled Water 1L,Beverages,176,0.62,0.37,0,5,
2025-08-11,P001,Bottled Water 1L,Beverages,161,0.62,0.37,0,5,
2025-08-12,P001,Bottled Water 1L,Beverages,142,0.62,0.37,0,5,
2025-08-13,P001,Bottled Water 1L,Beverages,188,0.62,0.37,0,5,
2025-08-14,P001,Bottled Water 1L,Beverages,168,0.62,0.37,0,5,
2025-08-15,P001,Bottled Water 1L,Beverages,121,0.62,0.37,0,5,
2025-08-16,P001,Bottled Water 1L,Beverages,268,0.62,0.37,0,5,
2025-08-17,P001,Bottled Water 1L,Beverages,209,0.62,0.37,0,5,
2025-08-18,P001,Bottled Water 1L,Beverages,252,0.62,0.37,0,5,
2025-08-19,P001,Bottled Water 1L,Beverages,173,0.62,0.37,0,5,
2025-08-20,P001,Bottled Water 1L,Beverages,180,0.62,0.37,0,5,
2025-08-21,P001,Bottled Water 1L,Beverages,199,0.62,0.37,0,5,
2025-08-22,P001,Bottled Water 1L,Beverages,203,0.62,0.37,0,5,
2025-08-23,P001,Bottled Water 1L,Beverages,176,0.62,0.37,0,5,
2025-08-24,P001,Bottled Water 1L,Beverages,223,0.62,0.37,0,5,
2025-08-25,P001,Bottled Water 1L,Beverages,95,0.62,0.37,0,5,
2025-08-26,P001,Bottled Water 1L,Beverages,174,0.62,0.37,0,5,
2025-08-27,P001,Bottled Water 1L,Beverages,155,0.62,0.37,0,5,
2025-08-28,P001,Bottled Water 1L,Beverages,177,0.62,0.37,0,5,
2025-08-29,P001,Bottled Water 1L,Beverages,193,0.62,0.37,0,5,
2025-08-30,P001,Bottled Water 1L,Beverages,204,0.62,0.37,0,5,
2025-08-31,P001,Bottled Water 1L,Beverages,198,0.62,0.37,0,5,
2025-09-01,P001,Bottled Water 1L,Beverages,104,0.62,0.37,0,5,
2025-09-02,P001,Bottled Water 1L,Beverages,93,0.62,0.37,0,5,
2025-09-03,P001,Bottled Water 1L,Beverages,105,0.62,0.37,0,5,
2025-09-04,P001,Bottled Water 1L,Beverages,127,0.62,0.37,0,5,
2025-09-05,P001,Bottled Water 1L,Beverages,134,0.62,0.37,0,5,
2025-09-06,P001,Bottled Water 1L,Beverages,135,0.62,0.37,0,5,
2025-09-07,P001,Bottled Water 1L,Beverages,262,0.62,0.37,0,5,
2025-09-08,P001,Bottled Water 1L,Beverages,153,0.62,0.37,0,5,
2025-09-09,P001,Bottled Water 1L,Beverages,105,0.62,0.37,0,5,
2025-09-10,P001,Bottled Water 1L,Beverages,191,0.62,0.37,0,5,
2025-09-11,P001,Bottled Water 1L,Beverages,192,0.62,0.37,0,5,
2025-09-12,P001,Bottled Water 1L,Beverages,151,0.62,0.37,0,5,
2025-09-13,P001,Bottled Water 1L,Beverages,143,0.62,0.37,0,5,
2025-09-14,P001,Bottled Water 1L,Beverages,156,0.62,0.37,0,5,
2025-09-15,P001,Bottled Water 1L,Beverages,128,0.62,0.37,0,5,
2025-09-16,P001,Bottled Water 1L,Beverages,139,0.62,0.37,0,5,
2025-09-17,P001,Bottled Water 1L,Beverages,66,0.62,0.37,0,5,
2025-09-18,P001,Bottled Water 1L,Beverages,174,0.62,0.37,0,5,
2025-09-19,P001,Bottled Water 1L,Beverages,162,0.62,0.37,0,5,
2025-09-20,P001,Bottled Water 1L,Beverages,140,0.62,0.37,0,5,
2025-09-21,P001,Bottled Water 1L,Beverages,203,0.62,0.37,0,5,
2025-09-22,P001,Bottled Water 1L,Beverages,185,0.62,0.37,0,5,
2025-09-23,P001,Bottled Water 1L,Beverages,100,0.62,0.37,0,5,
2025-09-24,P001,Bottled Water 1L,Beverages,110,0.62,0.37,0,5,
2025-09-25,P001,Bottled Water 1L,Beverages,101,0.62,0.37,0,5,
2025-09-26,P001,Bottled Water 1L,Beverages,145,0.62,0.37,0,5,
2025-09-27,P001,Bottled Water 1L,Beverages,158,0.62,0.37,0,5,
2025-09-28,P001,Bottled Water 1L,Beverages,144,0.62,0.37,0,5,
2025-09-29,P001,Bottled Water 1L,Beverages,91,0.62,0.37,0,5,
2025-09-30,P001,Bottled Water 1L,Beverages,116,0.62,0.37,0,5,
2025-10-01,P001,Bottled Water 1L,Beverages,116,0.62,0.37,0,5,
2025-10-02,P001,Bottled Water 1L,Beverages,140,0.62,0.37,0,5,
2025-10-03,P001,Bottled Water 1L,Beverages,105,0.62,0.37,0,5,
2025-10-04,P001,Bottled Water 1L,Beverages,143,0.62,0.37,0,5,
2025-10-05,P001,Bottled Water 1L,Beverages,136,0.62,0.37,0,5,
2025-10-06,P001,Bottled Water 1L,Beverages,135,0.62,0.37,0,5,
2025-10-07,P001,Bottled Water 1L,Beverages,111,0.62,0.37,0,5,
2025-10-08,P001,Bottled Water 1L,Beverages,119,0.62,0.37,0,5,
2025-10-09,P001,Bottled Water 1L,Beverages,115,0.62,0.37,0,5,
2025-10-10,P001,Bottled Water 1L,Beverages,158,0.62,0.37,0,5,
2025-10-11,P001,Bottled Water 1L,Beverages,172,0.62,0.37,0,5,
2025-10-12,P001,Bottled Water 1L,Beverages,170,0.62,0.37,0,5,
2025-10-13,P001,Bottled Water 1L,Beverages,121,0.62,0.37,0,5,
2025-10-14,P001,Bottled Water 1L,Beverages,138,0.62,0.37,0,5,
2025-10-15,P001,Bottled Water 1L,Beverages,117,0.62,0.37,0,5,
2025-10-16,P001,Bottled Water 1L,Beverages,81,0.62,0.37,0,5,
2025-10-17,P001,Bottled Water 1L,Beverages,226,0.53,0.37,1,5,
2025-10-18,P001,Bottled Water 1L,Beverages,264,0.53,0.37,1,5,
2025-10-19,P001,Bottled Water 1L,Beverages,223,0.53,0.37,1,5,
2025-10-20,P001,Bottled Water 1L,Beverages,190,0.53,0.37,1,5,
2025-10-21,P001,Bottled Water 1L,Beverages,118,0.53,0.37,1,5,
2025-10-22,P001,Bottled Water 1L,Beverages,99,0.62,0.37,0,5,
2025-10-23,P001,Bottled Water 1L,Beverages,87,0.62,0.37,0,5,
2025-10-24,P001,Bottled Water 1L,Beverages,55,0.62,0.37,0,5,
2025-10-25,P001,Bottled Water 1L,Beverages,132,0.62,0.37,0,5,
2025-10-26,P001,Bottled Water 1L,Beverages,170,0.62,0.37,0,5,
2025-10-27,P001,Bottled Water 1L,Beverages,98,0.62,0.37,0,5,
2025-10-28,P001,Bottled Water 1L,Beverages,112,0.62,0.37,0,5,
2025-10-29,P001,Bottled Water 1L,Beverages,137,0.62,0.37,0,5,
2025-10-30,P001,Bottled Water 1L,Beverages,117,0.62,0.37,0,5,
2025-10-31,P001,Bottled Water 1L,Beverages,125,0.62,0.37,0,5,
2025-11-01,P001,Bottled Water 1L,Beverages,95,0.62,0.37,0,5,
2025-11-02,P001,Bottled Water 1L,Beverages,135,0.62,0.37,0,5,
2025-11-03,P001,Bottled Water 1L,Beverages,83,0.62,0.37,0,5,
2025-11-04,P001,Bottled Water 1L,Beverages,112,0.62,0.37,0,5,
2025-11-05,P001,Bottled Water 1L,Beverages,84,0.62,0.37,0,5,
2025-11-06,P001,Bottled Water 1L,Beverages,92,0.62,0.37,0,5,
2025-11-07,P001,Bottled Water 1L,Beverages,135,0.62,0.37,0,5,
2025-11-08,P001,Bottled Water 1L,Beverages,152,0.62,0.37,0,5,
2025-11-09,P001,Bottled Water 1L,Beverages,116,0.62,0.37,0,5,
2025-11-10,P001,Bottled Water 1L,Beverages,86,0.62,0.37,0,5,
2025-11-11,P001,Bottled Water 1L,Beverages,97,0.62,0.37,0,5,
2025-11-12,P001,Bottled Water 1L,Beverages,61,0.62,0.37,0,5,
2025-11-13,P001,Bottled Water 1L,Beverages,72,0.62,0.37,0,5,
2025-11-14,P001,Bottled Water 1L,Beverages,100,0.62,0.37,0,5,
2025-11-15,P001,Bottled Water 1L,Beverages,149,0.62,0.37,0,5,
2025-11-16,P001,Bottled Water 1L,Beverages,84,0.62,0.37,0,5,
2025-11-17,P001,Bottled Water 1L,Beverages,102,0.62,0.37,0,5,
2025-11-18,P001,Bottled Water 1L,Beverages,104,0.62,0.37,0,5,
2025-11-19,P001,Bottled Water 1L,Beverages,78,0.62,0.37,0,5,
2025-11-20,P001,Bottled Water 1L,Beverages,63,0.62,0.37,0,5,
2025-11-21,P001,Bottled Water 1L,Beverages,57,0.63,0.37,0,5,
2025-11-22,P001,Bottled Water 1L,Beverages,103,0.63,0.37,0,5,
2025-11-23,P001,Bottled Water 1L,Beverages,131,0.63,0.37,0,5,
2025-11-24,P001,Bottled Water 1L,Beverages,91,0.63,0.37,0,5,
2025-11-25,P001,Bottled Water 1L,Beverages,87,0.63,0.37,0,5,
2025-11-26,P001,Bottled Water 1L,Beverages,84,0.63,0.37,0,5,
2025-11-27,P001,Bottled Water 1L,Beverages,61,0.63,0.37,0,5,
2025-11-28,P001,Bottled Water 1L,Beverages,61,0.63,0.37,0,5,
2025-11-29,P001,Bottled Water 1L,Beverages,107,0.63,0.37,0,5,
2025-11-30,P001,Bottled Water 1L,Beverages,136,0.63,0.37,0,5,
2025-12-01,P001,Bottled Water 1L,Beverages,123,0.53,0.37,1,5,
2025-12-02,P001,Bottled Water 1L,Beverages,115,0.53,0.37,1,5,
2025-12-03,P001,Bottled Water 1L,Beverages,161,0.53,0.37,1,5,
2025-12-04,P001,Bottled Water 1L,Beverages,61,0.53,0.37,1,5,
2025-12-05,P001,Bottled Water 1L,Beverages,104,0.53,0.37,1,5,
2025-12-06,P001,Bottled Water 1L,Beverages,143,0.53,0.37,1,5,
2025-12-07,P001,Bottled Water 1L,Beverages,121,0.63,0.37,0,5,
2025-12-08,P001,Bottled Water 1L,Beverages,48,0.63,0.37,0,5,
2025-12-09,P001,Bottled Water 1L,Beverages,30,0.63,0.37,0,5,
2025-12-10,P001,Bottled Water 1L,Beverages,47,0.63,0.37,0,5,
2025-12-11,P001,Bottled Water 1L,Beverages,90,0.63,0.37,0,5,
2025-12-12,P001,Bottled Water 1L,Beverages,107,0.63,0.37,0,5,
2025-12-13,P001,Bottled Water 1L,Beverages,130,0.63,0.37,0,5,
2025-12-14,P001,Bottled Water 1L,Beverages,206,0.53,0.37,1,5,
2025-12-15,P001,Bottled Water 1L,Beverages,120,0.53,0.37,1,5,
2025-12-16,P001,Bottled Water 1L,Beverages,114,0.53,0.37,1,5,
2025-12-17,P001,Bottled Water 1L,Beverages,102,0.53,0.37,1,5,
2025-12-18,P001,Bottled Water 1L,Beverages,138,0.53,0.37,1,5,
2025-12-19,P001,Bottled Water 1L,Beverages,122,0.53,0.37,1,5,
2025-12-20,P001,Bottled Water 1L,Beverages,95,0.63,0.37,0,5,
2025-12-21,P001,Bottled Water 1L,Beverages,95,0.63,0.37,0,5,
2025-12-22,P001,Bottled Water 1L,Beverages,114,0.63,0.37,0,5,
2025-12-23,P001,Bottled Water 1L,Beverages,41,0.63,0.37,0,5,
2025-12-24,P001,Bottled Water 1L,Beverages,67,0.63,0.37,0,5,
2025-12-25,P001,Bottled Water 1L,Beverages,102,0.63,0.37,0,5,
2025-12-26,P001,Bottled Water 1L,Beverages,76,0.63,0.37,0,5,
2025-12-27,P001,Bottled Water 1L,Beverages,136,0.63,0.37,0,5,
2025-12-28,P001,Bottled Water 1L,Beverages,86,0.63,0.37,0,5,
2025-12-29,P001,Bottled Water 1L,Beverages,110,0.63,0.37,0,5,
2025-12-30,P001,Bottled Water 1L,Beverages,85,0.63,0.37,0,5,
2025-12-31,P001,Bottled Water 1L,Beverages,120,0.63,0.37,0,5,
2026-01-01,P001,Bottled Water 1L,Beverages,75,0.63,0.37,0,5,
2026-01-02,P001,Bottled Water 1L,Beverages,91,0.63,0.37,0,5,
2026-01-03,P001,Bottled Water 1L,Beverages,99,0.63,0.37,0,5,
2026-01-04,P001,Bottled Water 1L,Beverages,96,0.63,0.37,0,5,
2026-01-05,P001,Bottled Water 1L,Beverages,89,0.63,0.37,0,5,
2026-01-06,P001,Bottled Water 1L,Beverages,80,0.63,0.37,0,5,
2026-01-07,P001,Bottled Water 1L,Beverages,111,0.63,0.37,0,5,
2026-01-08,P001,Bottled Water 1L,Beverages,79,0.63,0.37,0,5,
2026-01-09,P001,Bottled Water 1L,Beverages,81,0.63,0.37,0,5,
2026-01-10,P001,Bottled Water 1L,Beverages,165,0.63,0.37,0,5,
2026-01-11,P001,Bottled Water 1L,Beverages,144,0.63,0.37,0,5,
2026-01-12,P001,Bottled Water 1L,Beverages,47,0.63,0.37,0,5,
2026-01-13,P001,Bottled Water 1L,Beverages,67,0.63,0.37,0,5,
2026-01-14,P001,Bottled Water 1L,Beverages,67,0.63,0.37,0,5,
2026-01-15,P001,Bottled Water 1L,Beverages,102,0.63,0.37,0,5,
2026-01-16,P001,Bottled Water 1L,Beverages,66,0.63,0.37,0,5,
2026-01-17,P001,Bottled Water 1L,Beverages,113,0.63,0.37,0,5,
2026-01-18,P001,Bottled Water 1L,Beverages,136,0.63,0.37,0,5,
2026-01-19,P001,Bottled Water 1L,Beverages,87,0.63,0.37,0,5,
2026-01-20,P001,Bottled Water 1L,Beverages,97,0.63,0.37,0,5,
2026-01-21,P001,Bottled Water 1L,Beverages,87,0.63,0.37,0,5,
2026-01-22,P001,Bottled Water 1L,Beverages,63,0.63,0.37,0,5,
2026-01-23,P001,Bottled Water 1L,Beverages,59,0.63,0.37,0,5,
2026-01-24,P001,Bottled Water 1L,Beverages,164,0.63,0.37,0,5,
2026-01-25,P001,Bottled Water 1L,Beverages,125,0.63,0.37,0,5,
2026-01-26,P001,Bottled Water 1L,Beverages,94,0.63,0.37,0,5,
2026-01-27,P001,Bottled Water 1L,Beverages,87,0.63,0.37,0,5,
2026-01-28,P001,Bottled Water 1L,Beverages,91,0.63,0.37,0,5,
2026-01-29,P001,Bottled Water 1L,Beverages,102,0.63,0.37,0,5,
2026-01-30,P001,Bottled Water 1L,Beverages,82,0.63,0.37,0,5,
2026-01-31,P001,Bottled Water 1L,Beverages,105,0.63,0.37,0,5,
2026-02-01,P001,Bottled Water 1L,Beverages,78,0.63,0.37,0,5,
2026-02-02,P001,Bottled Water 1L,Beverages,105,0.63,0.37,0,5,
2026-02-03,P001,Bottled Water 1L,Beverages,99,0.63,0.37,0,5,
2026-02-04,P001,Bottled Water 1L,Beverages,139,0.63,0.37,0,5,
2026-02-05,P001,Bottled Water 1L,Beverages,135,0.63,0.37,0,5,
2026-02-06,P001,Bottled Water 1L,Beverages,162,0.63,0.37,0,5,
2026-02-07,P001,Bottled Water 1L,Beverages,76,0.63,0.37,0,5,
2026-02-08,P001,Bottled Water 1L,Beverages,109,0.63,0.37,0,5,
2026-02-09,P001,Bottled Water 1L,Beverages,127,0.63,0.37,0,5,
2026-02-10,P001,Bottled Water 1L,Beverages,107,0.63,0.37,0,5,
2026-02-11,P001,Bottled Water 1L,Beverages,112,0.63,0.37,0,5,
2026-02-12,P001,Bottled Water 1L,Beverages,87,0.63,0.37,0,5,
2026-02-13,P001,Bottled Water 1L,Beverages,162,0.63,0.37,0,5,
2026-02-14,P001,Bottled Water 1L,Beverages,135,0.63,0.37,0,5,
2026-02-15,P001,Bottled Water 1L,Beverages,117,0.63,0.37,0,5,
2026-02-16,P001,Bottled Water 1L,Beverages,146,0.63,0.37,0,5,
2026-02-17,P001,Bottled Water 1L,Beverages,109,0.63,0.37,0,5,
2026-02-18,P001,Bottled Water 1L,Beverages,137,0.63,0.37,0,5,
2026-02-19,P001,Bottled Water 1L,Beverages,115,0.63,0.37,0,5,
2026-02-20,P001,Bottled Water 1L,Beverages,152,0.63,0.37,0,5,
2026-02-21,P001,Bottled Water 1L,Beverages,150,0.63,0.37,0,5,
2026-02-22,P001,Bottled Water 1L,Beverages,206,0.63,0.37,0,5,
2026-02-23,P001,Bottled Water 1L,Beverages,186,0.63,0.37,0,5,
2026-02-24,P001,Bottled Water 1L,Beverages,88,0.63,0.37,0,5,
2026-02-25,P001,Bottled Water 1L,Beverages,153,0.63,0.37,0,5,
2026-02-26,P001,Bottled Water 1L,Beverages,117,0.63,0.37,0,5,
2026-02-27,P001,Bottled Water 1L,Beverages,111,0.63,0.37,0,5,
2026-02-28,P001,Bottled Water 1L,Beverages,263,0.54,0.37,1,5,
2026-03-01,P001,Bottled Water 1L,Beverages,191,0.54,0.37,1,5,
2026-03-02,P001,Bottled Water 1L,Beverages,254,0.54,0.37,1,5,
2026-03-03,P001,Bottled Water 1L,Beverages,169,0.54,0.37,1,5,
2026-03-04,P001,Bottled Water 1L,Beverages,222,0.54,0.37,1,5,
2026-03-05,P001,Bottled Water 1L,Beverages,107,0.63,0.37,0,5,
2026-03-06,P001,Bottled Water 1L,Beverages,151,0.63,0.37,0,5,
2026-03-07,P001,Bottled Water 1L,Beverages,138,0.63,0.37,0,5,
2026-03-08,P001,Bottled Water 1L,Beverages,148,0.63,0.37,0,5,
2026-03-09,P001,Bottled Water 1L,Beverages,101,0.63,0.37,0,5,
2026-03-10,P001,Bottled Water 1L,Beverages,163,0.63,0.37,0,5,
2026-03-11,P001,Bottled Water 1L,Beverages,87,0.63,0.37,0,5,
2026-03-12,P001,Bottled Water 1L,Beverages,110,0.63,0.37,0,5,
2026-03-13,P001,Bottled Water 1L,Beverages,127,0.63,0.37,0,5,
2026-03-14,P001,Bottled Water 1L,Beverages,141,0.63,0.37,0,5,
2026-03-15,P001,Bottled Water 1L,Beverages,216,0.63,0.37,0,5,
2026-03-16,P001,Bottled Water 1L,Beverages,163,0.63,0.37,0,5,
2026-03-17,P001,Bottled Water 1L,Beverages,91,0.63,0.37,0,5,
2026-03-18,P001,Bottled Water 1L,Beverages,187,0.63,0.37,0,5,
2026-03-19,P001,Bottled Water 1L,Beverages,145,0.63,0.37,0,5,
2026-03-20,P001,Bottled Water 1L,Beverages,153,0.63,0.37,0,5,
2026-03-21,P001,Bottled Water 1L,Beverages,191,0.63,0.37,0,5,
2026-03-22,P001,Bottled Water 1L,Beverages,175,0.63,0.37,0,5,
2026-03-23,P001,Bottled Water 1L,Beverages,143,0.63,0.37,0,5,
2026-03-24,P001,Bottled Water 1L,Beverages,124,0.63,0.37,0,5,
2026-03-25,P001,Bottled Water 1L,Beverages,177,0.63,0.37,0,5,
2026-03-26,P001,Bottled Water 1L,Beverages,96,0.63,0.37,0,5,
2026-03-27,P001,Bottled Water 1L,Beverages,125,0.63,0.37,0,5,
2026-03-28,P001,Bottled Water 1L,Beverages,158,0.63,0.37,0,5,
2026-03-29,P001,Bottled Water 1L,Beverages,197,0.63,0.37,0,5,
2026-03-30,P001,Bottled Water 1L,Beverages,206,0.63,0.37,0,5,
2026-03-31,P001,Bottled Water 1L,Beverages,112,0.63,0.37,0,5,
2026-04-01,P001,Bottled Water 1L,Beverages,188,0.63,0.37,0,5,
2026-04-02,P001,Bottled Water 1L,Beverages,125,0.63,0.37,0,5,
2026-04-03,P001,Bottled Water 1L,Beverages,103,0.63,0.37,0,5,
2026-04-04,P001,Bottled Water 1L,Beverages,238,0.63,0.37,0,5,
2026-04-05,P001,Bottled Water 1L,Beverages,158,0.63,0.37,0,5,
2026-04-06,P001,Bottled Water 1L,Beverages,183,0.63,0.37,0,5,
2026-04-07,P001,Bottled Water 1L,Beverages,140,0.63,0.37,0,5,
2026-04-08,P001,Bottled Water 1L,Beverages,133,0.63,0.37,0,5,
2026-04-09,P001,Bottled Water 1L,Beverages,120,0.63,0.37,0,5,
2026-04-10,P001,Bottled Water 1L,Beverages,151,0.63,0.37,0,5,
2026-04-11,P001,Bottled Water 1L,Beverages,193,0.63,0.37,0,5,
2026-04-12,P001,Bottled Water 1L,Beverages,242,0.63,0.37,0,5,
2026-04-13,P001,Bottled Water 1L,Beverages,118,0.63,0.37,0,5,
2026-04-14,P001,Bottled Water 1L,Beverages,122,0.63,0.37,0,5,
2026-04-15,P001,Bottled Water 1L,Beverages,106,0.63,0.37,0,5,
2026-04-16,P001,Bottled Water 1L,Beverages,126,0.63,0.37,0,5,
2026-04-17,P001,Bottled Water 1L,Beverages,190,0.63,0.37,0,5,
2026-04-18,P001,Bottled Water 1L,Beverages,208,0.63,0.37,0,5,
2026-04-19,P001,Bottled Water 1L,Beverages,216,0.63,0.37,0,5,
2026-04-20,P001,Bottled Water 1L,Beverages,276,0.63,0.37,0,5,
2026-04-21,P001,Bottled Water 1L,Beverages,154,0.63,0.37,0,5,
2026-04-22,P001,Bottled Water 1L,Beverages,232,0.63,0.37,0,5,
2026-04-23,P001,Bottled Water 1L,Beverages,129,0.63,0.37,0,5,
2026-04-24,P001,Bottled Water 1L,Beverages,192,0.63,0.37,0,5,
2026-04-25,P001,Bottled Water 1L,Beverages,218,0.63,0.37,0,5,
2026-04-26,P001,Bottled Water 1L,Beverages,189,0.63,0.37,0,5,
2026-04-27,P001,Bottled Water 1L,Beverages,315,0.63,0.37,0,5,
2026-04-28,P001,Bottled Water 1L,Beverages,240,0.63,0.37,0,5,
2026-04-29,P001,Bottled Water 1L,Beverages,134,0.63,0.37,0,5,
2026-04-30,P001,Bottled Water 1L,Beverages,107,0.63,0.37,0,5,
2026-05-01,P001,Bottled Water 1L,Beverages,178,0.63,0.37,0,5,
2026-05-02,P001,Bottled Water 1L,Beverages,275,0.63,0.37,0,5,
2026-05-03,P001,Bottled Water 1L,Beverages,240,0.63,0.37,0,5,
2026-05-04,P001,Bottled Water 1L,Beverages,178,0.63,0.37,0,5,
2026-05-05,P001,Bottled Water 1L,Beverages,130,0.63,0.37,0,5,
2026-05-06,P001,Bottled Water 1L,Beverages,169,0.63,0.37,0,5,
2026-05-07,P001,Bottled Water 1L,Beverages,124,0.63,0.37,0,5,
2026-05-08,P001,Bottled Water 1L,Beverages,177,0.63,0.37,0,5,
2026-05-09,P001,Bottled Water 1L,Beverages,278,0.63,0.37,0,5,
2026-05-10,P001,Bottled Water 1L,Beverages,119,0.63,0.37,0,5,
2026-05-11,P001,Bottled Water 1L,Beverages,228,0.63,0.37,0,5,
2026-05-12,P001,Bottled Water 1L,Beverages,199,0.63,0.37,0,5,
2026-05-13,P001,Bottled Water 1L,Beverages,219,0.63,0.37,0,5,
2026-05-14,P001,Bottled Water 1L,Beverages,180,0.63,0.37,0,5,
2026-05-15,P001,Bottled Water 1L,Beverages,74,0.63,0.37,0,5,
2026-05-16,P001,Bottled Water 1L,Beverages,179,0.63,0.37,0,5,
2026-05-17,P001,Bottled Water 1L,Beverages,240,0.63,0.37,0,5,
2026-05-18,P001,Bottled Water 1L,Beverages,230,0.63,0.37,0,5,
2026-05-19,P001,Bottled Water 1L,Beverages,210,0.63,0.37,0,5,
2026-05-20,P001,Bottled Water 1L,Beverages,102,0.63,0.37,0,5,
2026-05-21,P001,Bottled Water 1L,Beverages,194,0.63,0.37,0,5,
2026-05-22,P001,Bottled Water 1L,Beverages,185,0.63,0.37,0,5,
2026-05-23,P001,Bottled Water 1L,Beverages,341,0.63,0.37,0,5,
2026-05-24,P001,Bottled Water 1L,Beverages,304,0.63,0.37,0,5,
2026-05-25,P001,Bottled Water 1L,Beverages,188,0.63,0.37,0,5,
2026-05-26,P001,Bottled Water 1L,Beverages,179,0.63,0.37,0,5,
2026-05-27,P001,Bottled Water 1L,Beverages,182,0.63,0.37,0,5,
2026-05-28,P001,Bottled Water 1L,Beverages,238,0.63,0.37,0,5,
2026-05-29,P001,Bottled Water 1L,Beverages,238,0.63,0.37,0,5,
2026-05-30,P001,Bottled Water 1L,Beverages,408,0.63,0.37,0,5,
2026-05-31,P001,Bottled Water 1L,Beverages,430,0.63,0.37,0,5,
2026-06-01,P001,Bottled Water 1L,Beverages,124,0.63,0.37,0,5,
2026-06-02,P001,Bottled Water 1L,Beverages,223,0.63,0.37,0,5,
2026-06-03,P001,Bottled Water 1L,Beverages,184,0.63,0.37,0,5,
2026-06-04,P001,Bottled Water 1L,Beverages,167,0.63,0.37,0,5,
2026-06-05,P001,Bottled Water 1L,Beverages,113,0.63,0.37,0,5,
2026-06-06,P001,Bottled Water 1L,Beverages,203,0.63,0.37,0,5,
2026-06-07,P001,Bottled Water 1L,Beverages,307,0.63,0.37,0,5,
2026-06-08,P001,Bottled Water 1L,Beverages,134,0.63,0.37,0,5,
2026-06-09,P001,Bottled Water 1L,Beverages,154,0.63,0.37,0,5,
2026-06-10,P001,Bottled Water 1L,Beverages,146,0.63,0.37,0,5,
2026-06-11,P001,Bottled Water 1L,Beverages,204,0.63,0.37,0,5,
2026-06-12,P001,Bottled Water 1L,Beverages,238,0.64,0.37,0,5,
2026-06-13,P001,Bottled Water 1L,Beverages,229,0.64,0.37,0,5,
2026-06-14,P001,Bottled Water 1L,Beverages,230,0.64,0.37,0,5,
2026-06-15,P001,Bottled Water 1L,Beverages,333,0.64,0.37,0,5,
2026-06-16,P001,Bottled Water 1L,Beverages,217,0.64,0.37,0,5,
2026-06-17,P001,Bottled Water 1L,Beverages,145,0.64,0.37,0,5,
2026-06-18,P001,Bottled Water 1L,Beverages,185,0.64,0.37,0,5,
2026-06-19,P001,Bottled Water 1L,Beverages,147,0.64,0.37,0,5,
2026-06-20,P001,Bottled Water 1L,Beverages,213,0.64,0.37,0,5,
2026-06-21,P001,Bottled Water 1L,Beverages,309,0.64,0.37,0,5,
2026-06-22,P001,Bottled Water 1L,Beverages,290,0.64,0.37,0,5,
2026-06-23,P001,Bottled Water 1L,Beverages,257,0.64,0.37,0,5,
2026-06-24,P001,Bottled Water 1L,Beverages,116,0.64,0.37,0,5,
2026-06-25,P001,Bottled Water 1L,Beverages,250,0.64,0.37,0,5,
2026-06-26,P001,Bottled Water 1L,Beverages,166,0.64,0.37,0,5,
2026-06-27,P001,Bottled Water 1L,Beverages,281,0.64,0.37,0,5,
2026-06-28,P001,Bottled Water 1L,Beverages,300,0.64,0.37,0,5,
2026-06-29,P001,Bottled Water 1L,Beverages,200,0.64,0.37,0,5,
2026-06-30,P001,Bottled Water 1L,Beverages,265,0.64,0.37,0,5,641
2024-07-01,P002,Ground Coffee 250g,Beverages,39,6.5,4.03,0,10,
2024-07-02,P002,Ground Coffee 250g,Beverages,64,6.5,4.03,0,10,
2024-07-03,P002,Ground Coffee 250g,Beverages,29,6.5,4.03,0,10,
2024-07-04,P002,Ground Coffee 250g,Beverages,27,6.5,4.03,0,10,
2024-07-05,P002,Ground Coffee 250g,Beverages,24,6.5,4.03,0,10,
2024-07-06,P002,Ground Coffee 250g,Beverages,51,6.5,4.03,0,10,
2024-07-07,P002,Ground Coffee 250g,Beverages,49,6.5,4.03,0,10,
2024-07-08,P002,Ground Coffee 250g,Beverages,20,6.5,4.03,0,10,
2024-07-09,P002,Ground Coffee 250g,Beverages,47,6.5,4.03,0,10,
2024-07-10,P002,Ground Coffee 250g,Beverages,25,6.5,4.03,0,10,
2024-07-11,P002,Ground Coffee 250g,Beverages,36,6.51,4.03,0,10,
2024-07-12,P002,Ground Coffee 250g,Beverages,55,6.51,4.03,0,10,
2024-07-13,P002,Ground Coffee 250g,Beverages,24,6.51,4.03,0,10,
2024-07-14,P002,Ground Coffee 250g,Beverages,33,6.51,4.03,0,10,
2024-07-15,P002,Ground Coffee 250g,Beverages,33,6.51,4.03,0,10,
2024-07-16,P002,Ground Coffee 250g,Beverages,52,6.51,4.03,0,10,
2024-07-17,P002,Ground Coffee 250g,Beverages,69,6.51,4.03,0,10,
2024-07-18,P002,Ground Coffee 250g,Beverages,34,6.51,4.03,0,10,
2024-07-19,P002,Ground Coffee 250g,Beverages,54,6.51,4.03,0,10,
2024-07-20,P002,Ground Coffee 250g,Beverages,40,6.51,4.03,0,10,
2024-07-21,P002,Ground Coffee 250g,Beverages,50,6.51,4.03,0,10,
2024-07-22,P002,Ground Coffee 250g,Beverages,46,6.51,4.03,0,10,
2024-07-23,P002,Ground Coffee 250g,Beverages,54,6.51,4.03,0,10,
2024-07-24,P002,Ground Coffee 250g,Beverages,16,6.51,4.03,0,10,
2024-07-25,P002,Ground Coffee 250g,Beverages,32,5.54,4.03,1,10,
2024-07-26,P002,Ground Coffee 250g,Beverages,46,5.54,4.03,1,10,
2024-07-27,P002,Ground Coffee 250g,Beverages,31,5.54,4.03,1,10,
2024-07-28,P002,Ground Coffee 250g,Beverages,45,5.54,4.03,1,10,
2024-07-29,P002,Ground Coffee 250g,Beverages,32,5.54,4.03,1,10,
2024-07-30,P002,Ground Coffee 250g,Beverages,58,5.54,4.03,1,10,
2024-07-31,P002,Ground Coffee 250g,Beverages,64,6.52,4.03,0,10,
2024-08-01,P002,Ground Coffee 250g,Beverages,27,6.52,4.03,0,10,
2024-08-02,P002,Ground Coffee 250g,Beverages,31,6.52,4.03,0,10,
2024-08-03,P002,Ground Coffee 250g,Beverages,25,6.52,4.03,0,10,
2024-08-04,P002,Ground Coffee 250g,Beverages,41,6.52,4.03,0,10,
2024-08-05,P002,Ground Coffee 250g,Beverages,48,6.52,4.03,0,10,
2024-08-06,P002,Ground Coffee 250g,Beverages,33,6.52,4.03,0,10,
2024-08-07,P002,Ground Coffee 250g,Beverages,42,6.52,4.03,0,10,
2024-08-08,P002,Ground Coffee 250g,Beverages,20,6.52,4.03,0,10,
2024-08-09,P002,Ground Coffee 250g,Beverages,57,6.52,4.03,0,10,
2024-08-10,P002,Ground Coffee 250g,Beverages,25,6.52,4.03,0,10,
2024-08-11,P002,Ground Coffee 250g,Beverages,12,6.52,4.03,0,10,
2024-08-12,P002,Ground Coffee 250g,Beverages,26,6.52,4.03,0,10,
2024-08-13,P002,Ground Coffee 250g,Beverages,36,6.52,4.03,0,10,
2024-08-14,P002,Ground Coffee 250g,Beverages,18,6.52,4.03,0,10,
2024-08-15,P002,Ground Coffee 250g,Beverages,48,6.52,4.03,0,10,
2024-08-16,P002,Ground Coffee 250g,Beverages,26,6.52,4.03,0,10,
2024-08-17,P002,Ground Coffee 250g,Beverages,28,6.53,4.03,0,10,
2024-08-18,P002,Ground Coffee 250g,Beverages,10,6.53,4.03,0,10,
2024-08-19,P002,Ground Coffee 250g,Beverages,18,6.53,4.03,0,10,
2024-08-20,P002,Ground Coffee 250g,Beverages,42,6.53,4.03,0,10,
2024-08-21,P002,Ground Coffee 250g,Beverages,35,6.53,4.03,0,10,
2024-08-22,P002,Ground Coffee 250g,Beverages,44,6.53,4.03,0,10,
2024-08-23,P002,Ground Coffee 250g,Beverages,46,6.53,4.03,0,10,
2024-08-24,P002,Ground Coffee 250g,Beverages,58,5.55,4.03,1,10,
2024-08-25,P002,Ground Coffee 250g,Beverages,31,5.55,4.03,1,10,
2024-08-26,P002,Ground Coffee 250g,Beverages,41,5.55,4.03,1,10,
2024-08-27,P002,Ground Coffee 250g,Beverages,65,5.55,4.03,1,10,
2024-08-28,P002,Ground Coffee 250g,Beverages,59,6.53,4.03,0,10,
2024-08-29,P002,Ground Coffee 250g,Beverages,36,6.53,4.03,0,10,
2024-08-30,P002,Ground Coffee 250g,Beverages,34,6.53,4.03,0,10,
2024-08-31,P002,Ground Coffee 250g,Beverages,53,6.53,4.03,0,10,
2024-09-01,P002,Ground Coffee 250g,Beverages,37,6.53,4.03,0,10,
2024-09-02,P002,Ground Coffee 250g,Beverages,44,6.53,4.03,0,10,
2024-09-03,P002,Ground Coffee 250g,Beverages,47,6.53,4.03,0,10,
2024-09-04,P002,Ground Coffee 250g,Beverages,61,6.53,4.03,0,10,
2024-09-05,P002,Ground Coffee 250g,Beverages,30,6.54,4.03,0,10,
2024-09-06,P002,Ground Coffee 250g,Beverages,27,6.54,4.03,0,10,
2024-09-07,P002,Ground Coffee 250g,Beverages,50,6.54,4.03,0,10,
2024-09-08,P002,Ground Coffee 250g,Beverages,27,6.54,4.03,0,10,
2024-09-09,P002,Ground Coffee 250g,Beverages,19,6.54,4.03,0,10,
2024-09-10,P002,Ground Coffee 250g,Beverages,68,6.54,4.03,0,10,
2024-09-11,P002,Ground Coffee 250g,Beverages,36,6.54,4.03,0,10,
2024-09-12,P002,Ground Coffee 250g,Beverages,43,6.54,4.03,0,10,
2024-09-13,P002,Ground Coffee 250g,Beverages,34,6.54,4.03,0,10,
2024-09-14,P002,Ground Coffee 250g,Beverages,33,6.54,4.03,0,10,
2024-09-15,P002,Ground Coffee 250g,Beverages,24,6.54,4.03,0,10,
2024-09-16,P002,Ground Coffee 250g,Beverages,39,6.54,4.03,0,10,
2024-09-17,P002,Ground Coffee 250g,Beverages,61,6.54,4.03,0,10,
2024-09-18,P002,Ground Coffee 250g,Beverages,54,6.54,4.03,0,10,
2024-09-19,P002,Ground Coffee 250g,Beverages,15,6.54,4.03,0,10,
2024-09-20,P002,Ground Coffee 250g,Beverages,48,6.54,4.03,0,10,
2024-09-21,P002,Ground Coffee 250g,Beverages,32,6.54,4.03,0,10,
2024-09-22,P002,Ground Coffee 250g,Beverages,60,6.54,4.03,0,10,
2024-09-23,P002,Ground Coffee 250g,Beverages,37,6.54,4.03,0,10,
2024-09-24,P002,Ground Coffee 250g,Beverages,35,6.55,4.03,0,10,
2024-09-25,P002,Ground Coffee 250g,Beverages,26,6.55,4.03,0,10,
2024-09-26,P002,Ground Coffee 250g,Beverages,34,6.55,4.03,0,10,
2024-09-27,P002,Ground Coffee 250g,Beverages,48,6.55,4.03,0,10,
2024-09-28,P002,Ground Coffee 250g,Beverages,20,6.55,4.03,0,10,
2024-09-29,P002,Ground Coffee 250g,Beverages,29,6.55,4.03,0,10,
2024-09-30,P002,Ground Coffee 250g,Beverages,34,6.55,4.03,0,10,
2024-10-01,P002,Ground Coffee 250g,Beverages,53,6.55,4.03,0,10,
2024-10-02,P002,Ground Coffee 250g,Beverages,35,6.55,4.03,0,10,
2024-10-03,P002,Ground Coffee 250g,Beverages,29,6.55,4.03,0,10,
2024-10-04,P002,Ground Coffee 250g,Beverages,32,6.55,4.03,0,10,
2024-10-05,P002,Ground Coffee 250g,Beverages,72,6.55,4.03,0,10,
2024-10-06,P002,Ground Coffee 250g,Beverages,69,6.55,4.03,0,10,
2024-10-07,P002,Ground Coffee 250g,Beverages,26,6.55,4.03,0,10,
2024-10-08,P002,Ground Coffee 250g,Beverages,46,6.55,4.03,0,10,
2024-10-09,P002,Ground Coffee 250g,Beverages,23,6.55,4.03,0,10,
2024-10-10,P002,Ground Coffee 250g,Beverages,79,6.55,4.03,0,10,
2024-10-11,P002,Ground Coffee 250g,Beverages,36,6.55,4.03,0,10,
2024-10-12,P002,Ground Coffee 250g,Beverages,35,6.55,4.03,0,10,
2024-10-13,P002,Ground Coffee 250g,Beverages,41,6.56,4.03,0,10,
2024-10-14,P002,Ground Coffee 250g,Beverages,34,6.56,4.03,0,10,
2024-10-15,P002,Ground Coffee 250g,Beverages,31,6.56,4.03,0,10,
2024-10-16,P002,Ground Coffee 250g,Beverages,56,6.56,4.03,0,10,
2024-10-17,P002,Ground Coffee 250g,Beverages,57,6.56,4.03,0,10,
2024-10-18,P002,Ground Coffee 250g,Beverages,34,6.56,4.03,0,10,
2024-10-19,P002,Ground Coffee 250g,Beverages,70,6.56,4.03,0,10,
2024-10-20,P002,Ground Coffee 250g,Beverages,30,6.56,4.03,0,10,
2024-10-21,P002,Ground Coffee 250g,Beverages,34,6.56,4.03,0,10,
2024-10-22,P002,Ground Coffee 250g,Beverages,31,6.56,4.03,0,10,
2024-10-23,P002,Ground Coffee 250g,Beverages,33,6.56,4.03,0,10,
2024-10-24,P002,Ground Coffee 250g,Beverages,40,6.56,4.03,0,10,
2024-10-25,P002,Ground Coffee 250g,Beverages,20,6.56,4.03,0,10,
2024-10-26,P002,Ground Coffee 250g,Beverages,37,6.56,4.03,0,10,
2024-10-27,P002,Ground Coffee 250g,Beverages,50,6.56,4.03,0,10,
2024-10-28,P002,Ground Coffee 250g,Beverages,48,6.56,4.03,0,10,
2024-10-29,P002,Ground Coffee 250g,Beverages,47,6.56,4.03,0,10,
2024-10-30,P002,Ground Coffee 250g,Beverages,47,6.56,4.03,0,10,
2024-10-31,P002,Ground Coffee 250g,Beverages,49,6.57,4.03,0,10,
2024-11-01,P002,Ground Coffee 250g,Beverages,21,6.57,4.03,0,10,
2024-11-02,P002,Ground Coffee 250g,Beverages,38,6.57,4.03,0,10,
2024-11-03,P002,Ground Coffee 250g,Beverages,35,6.57,4.03,0,10,
2024-11-04,P002,Ground Coffee 250g,Beverages,34,6.57,4.03,0,10,
2024-11-05,P002,Ground Coffee 250g,Beverages,46,6.57,4.03,0,10,
2024-11-06,P002,Ground Coffee 250g,Beverages,48,6.57,4.03,0,10,
2024-11-07,P002,Ground Coffee 250g,Beverages,57,6.57,4.03,0,10,
2024-11-08,P002,Ground Coffee 250g,Beverages,43,6.57,4.03,0,10,
2024-11-09,P002,Ground Coffee 250g,Beverages,36,6.57,4.03,0,10,
2024-11-10,P002,Ground Coffee 250g,Beverages,61,6.57,4.03,0,10,
2024-11-11,P002,Ground Coffee 250g,Beverages,27,6.57,4.03,0,10,
2024-11-12,P002,Ground Coffee 250g,Beverages,28,6.57,4.03,0,10,
2024-11-13,P002,Ground Coffee 250g,Beverages,81,5.59,4.03,1,10,
2024-11-14,P002,Ground Coffee 250g,Beverages,65,5.59,4.03,1,10,
2024-11-15,P002,Ground Coffee 250g,Beverages,49,5.59,4.03,1,10,
2024-11-16,P002,Ground Coffee 250g,Beverages,30,6.57,4.03,0,10,
2024-11-17,P002,Ground Coffee 250g,Beverages,33,6.57,4.03,0,10,
2024-11-18,P002,Ground Coffee 250g,Beverages,38,6.57,4.03,0,10,
2024-11-19,P002,Ground Coffee 250g,Beverages,39,6.58,4.03,0,10,
2024-11-20,P002,Ground Coffee 250g,Beverages,22,6.58,4.03,0,10,
2024-11-21,P002,Ground Coffee 250g,Beverages,35,6.58,4.03,0,10,
2024-11-22,P002,Ground Coffee 250g,Beverages,45,6.58,4.03,0,10,
2024-11-23,P002,Ground Coffee 250g,Beverages,43,6.58,4.03,0,10,
2024-11-24,P002,Ground Coffee 250g,Beverages,18,6.58,4.03,0,10,
2024-11-25,P002,Ground Coffee 250g,Beverages,27,6.58,4.03,0,10,
2024-11-26,P002,Ground Coffee 250g,Beverages,10,6.58,4.03,0,10,
2024-11-27,P002,Ground Coffee 250g,Beverages,48,6.58,4.03,0,10,
2024-11-28,P002,Ground Coffee 250g,Beverages,36,6.58,4.03,0,10,
2024-11-29,P002,Ground Coffee 250g,Beverages,41,6.58,4.03,0,10,
2024-11-30,P002,Ground Coffee 250g,Beverages,52,6.58,4.03,0,10,
2024-12-01,P002,Ground Coffee 250g,Beverages,35,6.58,4.03,0,10,
2024-12-02,P002,Ground Coffee 250g,Beverages,47,6.58,4.03,0,10,
2024-12-03,P002,Ground Coffee 250g,Beverages,34,6.58,4.03,0,10,
2024-12-04,P002,Ground Coffee 250g,Beverages,54,6.58,4.03,0,10,
2024-12-05,P002,Ground Coffee 250g,Beverages,17,6.58,4.03,0,10,
2024-12-06,P002,Ground Coffee 250g,Beverages,25,6.58,4.03,0,10,
2024-12-07,P002,Ground Coffee 250g,Beverages,50,6.58,4.03,0,10,
2024-12-08,P002,Ground Coffee 250g,Beverages,37,6.59,4.03,0,10,
2024-12-09,P002,Ground Coffee 250g,Beverages,25,6.59,4.03,0,10,
2024-12-10,P002,Ground Coffee 250g,Beverages,39,6.59,4.03,0,10,
2024-12-11,P002,Ground Coffee 250g,Beverages,32,6.59,4.03,0,10,
2024-12-12,P002,Ground Coffee 250g,Beverages,16,6.59,4.03,0,10,
2024-12-13,P002,Ground Coffee 250g,Beverages,33,6.59,4.03,0,10,
2024-12-14,P002,Ground Coffee 250g,Beverages,56,6.59,4.03,0,10,
2024-12-15,P002,Ground Coffee 250g,Beverages,44,6.59,4.03,0,10,
2024-12-16,P002,Ground Coffee 250g,Beverages,23,6.59,4.03,0,10,
2024-12-17,P002,Ground Coffee 250g,Beverages,23,6.59,4.03,0,10,
2024-12-18,P002,Ground Coffee 250g,Beverages,45,6.59,4.03,0,10,
2024-12-19,P002,Ground Coffee 250g,Beverages,22,6.59,4.03,0,10,
2024-12-20,P002,Ground Coffee 250g,Beverages,69,6.59,4.03,0,10,
2024-12-21,P002,Ground Coffee 250g,Beverages,39,6.59,4.03,0,10,
2024-12-22,P002,Ground Coffee 250g,Beverages,47,6.59,4.03,0,10,
2024-12-23,P002,Ground Coffee 250g,Beverages,54,6.59,4.03,0,10,
2024-12-24,P002,Ground Coffee 250g,Beverages,35,6.59,4.03,0,10,
2024-12-25,P002,Ground Coffee 250g,Beverages,56,6.59,4.03,0,10,
2024-12-26,P002,Ground Coffee 250g,Beverages,40,6.6,4.03,0,10,
2024-12-27,P002,Ground Coffee 250g,Beverages,30,6.6,4.03,0,10,
2024-12-28,P002,Ground Coffee 250g,Beverages,68,6.6,4.03,0,10,
2024-12-29,P002,Ground Coffee 250g,Beverages,50,6.6,4.03,0,10,
2024-12-30,P002,Ground Coffee 250g,Beverages,31,6.6,4.03,0,10,
2024-12-31,P002,Ground Coffee 250g,Beverages,23,5.61,4.03,1,10,
2025-01-01,P002,Ground Coffee 250g,Beverages,41,5.61,4.03,1,10,
2025-01-02,P002,Ground Coffee 250g,Beverages,43,5.61,4.03,1,10,
2025-01-03,P002,Ground Coffee 250g,Beverages,36,5.61,4.03,1,10,
2025-01-04,P002,Ground Coffee 250g,Beverages,60,6.6,4.03,0,10,
2025-01-05,P002,Ground Coffee 250g,Beverages,29,6.6,4.03,0,10,
2025-01-06,P002,Ground Coffee 250g,Beverages,34,6.6,4.03,0,10,
2025-01-07,P002,Ground Coffee 250g,Beverages,24,6.6,4.03,0,10,
2025-01-08,P002,Ground Coffee 250g,Beverages,34,6.6,4.03,0,10,
2025-01-09,P002,Ground Coffee 250g,Beverages,22,6.6,4.03,0,10,
2025-01-10,P002,Ground Coffee 250g,Beverages,27,6.6,4.03,0,10,
2025-01-11,P002,Ground Coffee 250g,Beverages,56,6.6,4.03,0,10,
2025-01-12,P002,Ground Coffee 250g,Beverages,38,6.6,4.03,0,10,
2025-01-13,P002,Ground Coffee 250g,Beverages,41,6.6,4.03,0,10,
2025-01-14,P002,Ground Coffee 250g,Beverages,63,6.61,4.03,0,10,
2025-01-15,P002,Ground Coffee 250g,Beverages,50,6.61,4.03,0,10,
2025-01-16,P002,Ground Coffee 250g,Beverages,49,6.61,4.03,0,10,
2025-01-17,P002,Ground Coffee 250g,Beverages,19,6.61,4.03,0,10,
2025-01-18,P002,Ground Coffee 250g,Beverages,59,6.61,4.03,0,10,
2025-01-19,P002,Ground Coffee 250g,Beverages,39,6.61,4.03,0,10,
2025-01-20,P002,Ground Coffee 250g,Beverages,41,6.61,4.03,0,10,
2025-01-21,P002,Ground Coffee 250g,Beverages,34,6.61,4.03,0,10,
2025-01-22,P002,Ground Coffee 250g,Beverages,32,6.61,4.03,0,10,
2025-01-23,P002,Ground Coffee 250g,Beverages,28,6.61,4.03,0,10,
2025-01-24,P002,Ground Coffee 250g,Beverages,31,6.61,4.03,0,10,
2025-01-25,P002,Ground Coffee 250g,Beverages,36,5.62,4.03,1,10,
2025-01-26,P002,Ground Coffee 250g,Beverages,36,5.62,4.03,1,10,
2025-01-27,P002,Ground Coffee 250g,Beverages,40,5.62,4.03,1,10,
2025-01-28,P002,Ground Coffee 250g,Beverages,43,5.62,4.03,1,10,
2025-01-29,P002,Ground Coffee 250g,Beverages,30,5.62,4.03,1,10,
2025-01-30,P002,Ground Coffee 250g,Beverages,48,5.62,4.03,1,10,
2025-01-31,P002,Ground Coffee 250g,Beverages,35,6.61,4.03,0,10,
2025-02-01,P002,Ground Coffee 250g,Beverages,42,6.61,4.03,0,10,
2025-02-02,P002,Ground Coffee 250g,Beverages,28,6.62,4.03,0,10,
2025-02-03,P002,Ground Coffee 250g,Beverages,48,6.62,4.03,0,10,
2025-02-04,P002,Ground Coffee 250g,Beverages,29,6.62,4.03,0,10,
2025-02-05,P002,Ground Coffee 250g,Beverages,49,6.62,4.03,0,10,
2025-02-06,P002,Ground Coffee 250g,Beverages,24,6.62,4.03,0,10,
2025-02-07,P002,Ground Coffee 250g,Beverages,41,6.62,4.03,0,10,
2025-02-08,P002,Ground Coffee 250g,Beverages,47,6.62,4.03,0,10,
2025-02-09,P002,Ground Coffee 250g,Beverages,55,6.62,4.03,0,10,
2025-02-10,P002,Ground Coffee 250g,Beverages,28,6.62,4.03,0,10,
2025-02-11,P002,Ground Coffee 250g,Beverages,19,6.62,4.03,0,10,
2025-02-12,P002,Ground Coffee 250g,Beverages,40,6.62,4.03,0,10,
2025-02-13,P002,Ground Coffee 250g,Beverages,48,6.62,4.03,0,10,
2025-02-14,P002,Ground Coffee 250g,Beverages,47,6.62,4.03,0,10,
2025-02-15,P002,Ground Coffee 250g,Beverages,36,6.62,4.03,0,10,
2025-02-16,P002,Ground Coffee 250g,Beverages,40,6.62,4.03,0,10,
2025-02-17,P002,Ground Coffee 250g,Beverages,28,6.62,4.03,0,10,
2025-02-18,P002,Ground Coffee 250g,Beverages,51,6.62,4.03,0,10,
2025-02-19,P002,Ground Coffee 250g,Beverages,53,6.62,4.03,0,10,
2025-02-20,P002,Ground Coffee 250g,Beverages,23,6.62,4.03,0,10,
2025-02-21,P002,Ground Coffee 250g,Beverages,51,6.63,4.03,0,10,
2025-02-22,P002,Ground Coffee 250g,Beverages,14,6.63,4.03,0,10,
2025-02-23,P002,Ground Coffee 250g,Beverages,19,6.63,4.03,0,10,
2025-02-24,P002,Ground Coffee 250g,Beverages,15,6.63,4.03,0,10,
2025-02-25,P002,Ground Coffee 250g,Beverages,44,6.63,4.03,0,10,
2025-02-26,P002,Ground Coffee 250g,Beverages,46,6.63,4.03,0,10,
2025-02-27,P002,Ground Coffee 250g,Beverages,42,6.63,4.03,0,10,
2025-02-28,P002,Ground Coffee 250g,Beverages,24,6.63,4.03,0,10,
2025-03-01,P002,Ground Coffee 250g,Beverages,37,6.63,4.03,0,10,
2025-03-02,P002,Ground Coffee 250g,Beverages,46,6.63,4.03,0,10,
2025-03-03,P002,Ground Coffee 250g,Beverages,46,6.63,4.03,0,10,
2025-03-04,P002,Ground Coffee 250g,Beverages,72,6.63,4.03,0,10,
2025-03-05,P002,Ground Coffee 250g,Beverages,89,6.63,4.03,0,10,
2025-03-06,P002,Ground Coffee 250g,Beverages,29,6.63,4.03,0,10,
2025-03-07,P002,Ground Coffee 250g,Beverages,55,6.63,4.03,0,10,
2025-03-08,P002,Ground Coffee 250g,Beverages,42,6.63,4.03,0,10,
2025-03-09,P002,Ground Coffee 250g,Beverages,27,6.63,4.03,0,10,
2025-03-10,P002,Ground Coffee 250g,Beverages,31,6.63,4.03,0,10,
2025-03-11,P002,Ground Coffee 250g,Beverages,58,6.64,4.03,0,10,
2025-03-12,P002,Ground Coffee 250g,Beverages,14,6.64,4.03,0,10,
2025-03-13,P002,Ground Coffee 250g,Beverages,45,6.64,4.03,0,10,
2025-03-14,P002,Ground Coffee 250g,Beverages,40,6.64,4.03,0,10,
2025-03-15,P002,Ground Coffee 250g,Beverages,45,6.64,4.03,0,10,
2025-03-16,P002,Ground Coffee 250g,Beverages,30,6.64,4.03,0,10,
2025-03-17,P002,Ground Coffee 250g,Beverages,32,6.64,4.03,0,10,
2025-03-18,P002,Ground Coffee 250g,Beverages,22,6.64,4.03,0,10,
2025-03-19,P002,Ground Coffee 250g,Beverages,56,6.64,4.03,0,10,
2025-03-20,P002,Ground Coffee 250g,Beverages,39,6.64,4.03,0,10,
2025-03-21,P002,Ground Coffee 250g,Beverages,47,6.64,4.03,0,10,
2025-03-22,P002,Ground Coffee 250g,Beverages,31,6.64,4.03,0,10,
2025-03-23,P002,Ground Coffee 250g,Beverages,40,6.64,4.03,0,10,
2025-03-24,P002,Ground Coffee 250g,Beverages,78,6.64,4.03,0,10,
2025-03-25,P002,Ground Coffee 250g,Beverages,38,6.64,4.03,0,10,
2025-03-26,P002,Ground Coffee 250g,Beverages,32,6.64,4.03,0,10,
2025-03-27,P002,Ground Coffee 250g,Beverages,27,6.64,4.03,0,10,
2025-03-28,P002,Ground Coffee 250g,Beverages,16,6.64,4.03,0,10,
2025-03-29,P002,Ground Coffee 250g,Beverages,66,6.64,4.03,0,10,
2025-03-30,P002,Ground Coffee 250g,Beverages,82,6.65,4.03,0,10,
2025-03-31,P002,Ground Coffee 250g,Beverages,28,6.65,4.03,0,10,
2025-04-01,P002,Ground Coffee 250g,Beverages,28,6.65,4.03,0,10,
2025-04-02,P002,Ground Coffee 250g,Beverages,36,6.65,4.03,0,10,
2025-04-03,P002,Ground Coffee 250g,Beverages,28,6.65,4.03,0,10,
2025-04-04,P002,Ground Coffee 250g,Beverages,27,6.65,4.03,0,10,
2025-04-05,P002,Ground Coffee 250g,Beverages,26,6.65,4.03,0,10,
2025-04-06,P002,Ground Coffee 250g,Beverages,28,6.65,4.03,0,10,
2025-04-07,P002,Ground Coffee 250g,Beverages,41,6.65,4.03,0,10,
2025-04-08,P002,Ground Coffee 250g,Beverages,35,6.65,4.03,0,10,
2025-04-09,P002,Ground Coffee 250g,Beverages,23,6.65,4.03,0,10,
2025-04-10,P002,Ground Coffee 250g,Beverages,38,6.65,4.03,0,10,
2025-04-11,P002,Ground Coffee 250g,Beverages,39,6.65,4.03,0,10,
2025-04-12,P002,Ground Coffee 250g,Beverages,32,6.65,4.03,0,10,
2025-04-13,P002,Ground Coffee 250g,Beverages,33,6.65,4.03,0,10,
2025-04-14,P002,Ground Coffee 250g,Beverages,40,6.65,4.03,0,10,
2025-04-15,P002,Ground Coffee 250g,Beverages,34,6.65,4.03,0,10,
2025-04-16,P002,Ground Coffee 250g,Beverages,37,6.65,4.03,0,10,
2025-04-17,P002,Ground Coffee 250g,Beverages,27,6.65,4.03,0,10,
2025-04-18,P002,Ground Coffee 250g,Beverages,53,6.66,4.03,0,10,
2025-04-19,P002,Ground Coffee 250g,Beverages,67,6.66,4.03,0,10,
2025-04-20,P002,Ground Coffee 250g,Beverages,19,6.66,4.03,0,10,
2025-04-21,P002,Ground Coffee 250g,Beverages,42,6.66,4.03,0,10,
2025-04-22,P002,Ground Coffee 250g,Beverages,39,6.66,4.03,0,10,
2025-04-23,P002,Ground Coffee 250g,Beverages,25,6.66,4.03,0,10,
2025-04-24,P002,Ground Coffee 250g,Beverages,46,6.66,4.03,0,10,
2025-04-25,P002,Ground Coffee 250g,Beverages,18,6.66,4.03,0,10,
2025-04-26,P002,Ground Coffee 250g,Beverages,23,6.66,4.03,0,10,
2025-04-27,P002,Ground Coffee 250g,Beverages,33,6.66,4.03,0,10,
2025-04-28,P002,Ground Coffee 250g,Beverages,45,6.66,4.03,0,10,
2025-04-29,P002,Ground Coffee 250g,Beverages,26,6.66,4.03,0,10,
2025-04-30,P002,Ground Coffee 250g,Beverages,40,6.66,4.03,0,10,
2025-05-01,P002,Ground Coffee 250g,Beverages,28,6.66,4.03,0,10,
2025-05-02,P002,Ground Coffee 250g,Beverages,48,6.66,4.03,0,10,
2025-05-03,P002,Ground Coffee 250g,Beverages,43,6.66,4.03,0,10,
2025-05-04,P002,Ground Coffee 250g,Beverages,36,6.66,4.03,0,10,
2025-05-05,P002,Ground Coffee 250g,Beverages,32,6.66,4.03,0,10,
2025-05-06,P002,Ground Coffee 250g,Beverages,27,6.66,4.03,0,10,
2025-05-07,P002,Ground Coffee 250g,Beverages,17,6.67,4.03,0,10,
2025-05-08,P002,Ground Coffee 250g,Beverages,63,6.67,4.03,0,10,
2025-05-09,P002,Ground Coffee 250g,Beverages,22,6.67,4.03,0,10,
2025-05-10,P002,Ground Coffee 250g,Beverages,37,6.67,4.03,0,10,
2025-05-11,P002,Ground Coffee 250g,Beverages,59,6.67,4.03,0,10,
2025-05-12,P002,Ground Coffee 250g,Beverages,23,6.67,4.03,0,10,
2025-05-13,P002,Ground Coffee 250g,Beverages,37,6.67,4.03,0,10,
2025-05-14,P002,Ground Coffee 250g,Beverages,25,6.67,4.03,0,10,
2025-05-15,P002,Ground Coffee 250g,Beverages,51,6.67,4.03,0,10,
2025-05-16,P002,Ground Coffee 250g,Beverages,20,6.67,4.03,0,10,
2025-05-17,P002,Ground Coffee 250g,Beverages,57,6.67,4.03,0,10,
2025-05-18,P002,Ground Coffee 250g,Beverages,36,6.67,4.03,0,10,
2025-05-19,P002,Ground Coffee 250g,Beverages,41,6.67,4.03,0,10,
2025-05-20,P002,Ground Coffee 250g,Beverages,51,6.67,4.03,0,10,
2025-05-21,P002,Ground Coffee 250g,Beverages,49,6.67,4.03,0,10,
2025-05-22,P002,Ground Coffee 250g,Beverages,50,6.67,4.03,0,10,
2025-05-23,P002,Ground Coffee 250g,Beverages,9,6.67,4.03,0,10,
2025-05-24,P002,Ground Coffee 250g,Beverages,58,6.67,4.03,0,10,
2025-05-25,P002,Ground Coffee 250g,Beverages,32,6.68,4.03,0,10,
2025-05-26,P002,Ground Coffee 250g,Beverages,40,6.68,4.03,0,10,
2025-05-27,P002,Ground Coffee 250g,Beverages,41,6.68,4.03,0,10,
2025-05-28,P002,Ground Coffee 250g,Beverages,25,6.68,4.03,0,10,
2025-05-29,P002,Ground Coffee 250g,Beverages,39,6.68,4.03,0,10,
2025-05-30,P002,Ground Coffee 250g,Beverages,51,6.68,4.03,0,10,
2025-05-31,P002,Ground Coffee 250g,Beverages,76,6.68,4.03,0,10,
2025-06-01,P002,Ground Coffee 250g,Beverages,45,6.68,4.03,0,10,
2025-06-02,P002,Ground Coffee 250g,Beverages,65,6.68,4.03,0,10,
2025-06-03,P002,Ground Coffee 250g,Beverages,66,6.68,4.03,0,10,
2025-06-04,P002,Ground Coffee 250g,Beverages,77,6.68,4.03,0,10,
2025-06-05,P002,Ground Coffee 250g,Beverages,37,6.68,4.03,0,10,
2025-06-06,P002,Ground Coffee 250g,Beverages,56,6.68,4.03,0,10,
2025-06-07,P002,Ground Coffee 250g,Beverages,53,6.68,4.03,0,10,
2025-06-08,P002,Ground Coffee 250g,Beverages,17,6.68,4.03,0,10,
2025-06-09,P002,Ground Coffee 250g,Beverages,32,6.68,4.03,0,10,
2025-06-10,P002,Ground Coffee 250g,Beverages,30,6.68,4.03,0,10,
2025-06-11,P002,Ground Coffee 250g,Beverages,26,6.68,4.03,0,10,
2025-06-12,P002,Ground Coffee 250g,Beverages,29,6.68,4.03,0,10,
2025-06-13,P002,Ground Coffee 250g,Beverages,30,6.69,4.03,0,10,
2025-06-14,P002,Ground Coffee 250g,Beverages,46,6.69,4.03,0,10,
2025-06-15,P002,Ground Coffee 250g,Beverages,50,6.69,4.03,0,10,
2025-06-16,P002,Ground Coffee 250g,Beverages,36,6.69,4.03,0,10,
2025-06-17,P002,Ground Coffee 250g,Beverages,38,6.69,4.03,0,10,
2025-06-18,P002,Ground Coffee 250g,Beverages,32,6.69,4.03,0,10,
2025-06-19,P002,Ground Coffee 250g,Beverages,17,6.69,4.03,0,10,
2025-06-20,P002,Ground Coffee 250g,Beverages,21,6.69,4.03,0,10,
2025-06-21,P002,Ground Coffee 250g,Beverages,60,6.69,4.03,0,10,
2025-06-22,P002,Ground Coffee 250g,Beverages,38,6.69,4.03,0,10,
2025-06-23,P002,Ground Coffee 250g,Beverages,55,6.69,4.03,0,10,
2025-06-24,P002,Ground Coffee 250g,Beverages,20,6.69,4.03,0,10,
2025-06-25,P002,Ground Coffee 250g,Beverages,36,6.69,4.03,0,10,
2025-06-26,P002,Ground Coffee 250g,Beverages,45,6.69,4.03,0,10,
2025-06-27,P002,Ground Coffee 250g,Beverages,27,6.69,4.03,0,10,
2025-06-28,P002,Ground Coffee 250g,Beverages,36,6.69,4.03,0,10,
2025-06-29,P002,Ground Coffee 250g,Beverages,36,6.69,4.03,0,10,
2025-06-30,P002,Ground Coffee 250g,Beverages,26,6.69,4.03,0,10,
2025-07-01,P002,Ground Coffee 250g,Beverages,30,6.69,4.03,0,10,
2025-07-02,P002,Ground Coffee 250g,Beverages,32,6.7,4.03,0,10,
2025-07-03,P002,Ground Coffee 250g,Beverages,34,6.7,4.03,0,10,
2025-07-04,P002,Ground Coffee 250g,Beverages,38,6.7,4.03,0,10,
2025-07-05,P002,Ground Coffee 250g,Beverages,27,6.7,4.03,0,10,
2025-07-06,P002,Ground Coffee 250g,Beverages,54,6.7,4.03,0,10,
2025-07-07,P002,Ground Coffee 250g,Beverages,34,6.7,4.03,0,10,
2025-07-08,P002,Ground Coffee 250g,Beverages,32,6.7,4.03,0,10,
2025-07-09,P002,Ground Coffee 250g,Beverages,46,6.7,4.03,0,10,
2025-07-10,P002,Ground Coffee 250g,Beverages,35,6.7,4.03,0,10,
2025-07-11,P002,Ground Coffee 250g,Beverages,51,6.7,4.03,0,10,
2025-07-12,P002,Ground Coffee 250g,Beverages,25,6.7,4.03,0,10,
2025-07-13,P002,Ground Coffee 250g,Beverages,51,6.7,4.03,0,10,
2025-07-14,P002,Ground Coffee 250g,Beverages,41,6.7,4.03,0,10,
2025-07-15,P002,Ground Coffee 250g,Beverages,13,6.7,4.03,0,10,
2025-07-16,P002,Ground Coffee 250g,Beverages,25,6.7,4.03,0,10,
2025-07-17,P002,Ground Coffee 250g,Beverages,42,6.7,4.03,0,10,
2025-07-18,P002,Ground Coffee 250g,Beverages,35,6.7,4.03,0,10,
2025-07-19,P002,Ground Coffee 250g,Beverages,47,6.7,4.03,0,10,
2025-07-20,P002,Ground Coffee 250g,Beverages,33,6.71,4.03,0,10,
2025-07-21,P002,Ground Coffee 250g,Beverages,32,6.71,4.03,0,10,
2025-07-22,P002,Ground Coffee 250g,Beverages,14,6.71,4.03,0,10,
2025-07-23,P002,Ground Coffee 250g,Beverages,26,6.71,4.03,0,10,
2025-07-24,P002,Ground Coffee 250g,Beverages,43,6.71,4.03,0,10,
2025-07-25,P002,Ground Coffee 250g,Beverages,29,5.7,4.03,1,10,
2025-07-26,P002,Ground Coffee 250g,Beverages,70,5.7,4.03,1,10,
2025-07-27,P002,Ground Coffee 250g,Beverages,52,5.7,4.03,1,10,
2025-07-28,P002,Ground Coffee 250g,Beverages,88,5.7,4.03,1,10,
2025-07-29,P002,Ground Coffee 250g,Beverages,56,5.7,4.03,1,10,
2025-07-30,P002,Ground Coffee 250g,Beverages,63,5.7,4.03,1,10,
2025-07-31,P002,Ground Coffee 250g,Beverages,55,5.7,4.03,1,10,
2025-08-01,P002,Ground Coffee 250g,Beverages,18,6.71,4.03,0,10,
2025-08-02,P002,Ground Coffee 250g,Beverages,45,6.71,4.03,0,10,
2025-08-03,P002,Ground Coffee 250g,Beverages,30,6.71,4.03,0,10,
2025-08-04,P002,Ground Coffee 250g,Beverages,37,6.71,4.03,0,10,
2025-08-05,P002,Ground Coffee 250g,Beverages,49,6.71,4.03,0,10,
2025-08-06,P002,Ground Coffee 250g,Beverages,28,6.71,4.03,0,10,
2025-08-07,P002,Ground Coffee 250g,Beverages,71,6.71,4.03,0,10,
2025-08-08,P002,Ground Coffee 250g,Beverages,41,6.72,4.03,0,10,
2025-08-09,P002,Ground Coffee 250g,Beverages,66,6.72,4.03,0,10,
2025-08-10,P002,Ground Coffee 250g,Beverages,26,6.72,4.03,0,10,
2025-08-11,P002,Ground Coffee 250g,Beverages,32,6.72,4.03,0,10,
2025-08-12,P002,Ground Coffee 250g,Beverages,32,6.72,4.03,0,10,
2025-08-13,P002,Ground Coffee 250g,Beverages,44,6.72,4.03,0,10,
2025-08-14,P002,Ground Coffee 250g,Beverages,37,6.72,4.03,0,10,
2025-08-15,P002,Ground Coffee 250g,Beverages,32,6.72,4.03,0,10,
2025-08-16,P002,Ground Coffee 250g,Beverages,34,6.72,4.03,0,10,
2025-08-17,P002,Ground Coffee 250g,Beverages,26,6.72,4.03,0,10,
2025-08-18,P002,Ground Coffee 250g,Beverages,31,6.72,4.03,0,10,
2025-08-19,P002,Ground Coffee 250g,Beverages,39,6.72,4.03,0,10,
2025-08-20,P002,Ground Coffee 250g,Beverages,28,6.72,4.03,0,10,
2025-08-21,P002,Ground Coffee 250g,Beverages,11,6.72,4.03,0,10,
2025-08-22,P002,Ground Coffee 250g,Beverages,60,6.72,4.03,0,10,
2025-08-23,P002,Ground Coffee 250g,Beverages,57,6.72,4.03,0,10,
2025-08-24,P002,Ground Coffee 250g,Beverages,44,6.72,4.03,0,10,
2025-08-25,P002,Ground Coffee 250g,Beverages,13,6.72,4.03,0,10,
2025-08-26,P002,Ground Coffee 250g,Beverages,48,6.72,4.03,0,10,
2025-08-27,P002,Ground Coffee 250g,Beverages,48,6.73,4.03,0,10,
2025-08-28,P002,Ground Coffee 250g,Beverages,44,6.73,4.03,0,10,
2025-08-29,P002,Ground Coffee 250g,Beverages,41,6.73,4.03,0,10,
2025-08-30,P002,Ground Coffee 250g,Beverages,44,6.73,4.03,0,10,
2025-08-31,P002,Ground Coffee 250g,Beverages,29,6.73,4.03,0,10,
2025-09-01,P002,Ground Coffee 250g,Beverages,43,6.73,4.03,0,10,
2025-09-02,P002,Ground Coffee 250g,Beverages,40,6.73,4.03,0,10,
2025-09-03,P002,Ground Coffee 250g,Beverages,30,6.73,4.03,0,10,
2025-09-04,P002,Ground Coffee 250g,Beverages,38,6.73,4.03,0,10,
2025-09-05,P002,Ground Coffee 250g,Beverages,21,6.73,4.03,0,10,
2025-09-06,P002,Ground Coffee 250g,Beverages,45,6.73,4.03,0,10,
2025-09-07,P002,Ground Coffee 250g,Beverages,55,6.73,4.03,0,10,
2025-09-08,P002,Ground Coffee 250g,Beverages,54,6.73,4.03,0,10,
2025-09-09,P002,Ground Coffee 250g,Beverages,40,6.73,4.03,0,10,
2025-09-10,P002,Ground Coffee 250g,Beverages,41,6.73,4.03,0,10,
2025-09-11,P002,Ground Coffee 250g,Beverages,55,6.73,4.03,0,10,
2025-09-12,P002,Ground Coffee 250g,Beverages,29,6.73,4.03,0,10,
2025-09-13,P002,Ground Coffee 250g,Beverages,43,6.73,4.03,0,10,
2025-09-14,P002,Ground Coffee 250g,Beverages,47,6.73,4.03,0,10,
2025-09-15,P002,Ground Coffee 250g,Beverages,35,5.73,4.03,1,10,
2025-09-16,P002,Ground Coffee 250g,Beverages,23,5.73,4.03,1,10,
2025-09-17,P002,Ground Coffee 250g,Beverages,39,5.73,4.03,1,10,
2025-09-18,P002,Ground Coffee 250g,Beverages,37,6.74,4.03,0,10,
2025-09-19,P002,Ground Coffee 250g,Beverages,36,6.74,4.03,0,10,
2025-09-20,P002,Ground Coffee 250g,Beverages,38,6.74,4.03,0,10,
2025-09-21,P002,Ground Coffee 250g,Beverages,18,6.74,4.03,0,10,
2025-09-22,P002,Ground Coffee 250g,Beverages,19,6.74,4.03,0,10,
2025-09-23,P002,Ground Coffee 250g,Beverages,49,6.74,4.03,0,10,
2025-09-24,P002,Ground Coffee 250g,Beverages,33,6.74,4.03,0,10,
2025-09-25,P002,Ground Coffee 250g,Beverages,30,6.74,4.03,0,10,
2025-09-26,P002,Ground Coffee 250g,Beverages,47,6.74,4.03,0,10,
2025-09-27,P002,Ground Coffee 250g,Beverages,48,6.74,4.03,0,10,
2025-09-28,P002,Ground Coffee 250g,Beverages,42,6.74,4.03,0,10,
2025-09-29,P002,Ground Coffee 250g,Beverages,49,6.74,4.03,0,10,
2025-09-30,P002,Ground Coffee 250g,Beverages,38,6.74,4.03,0,10,
2025-10-01,P002,Ground Coffee 250g,Beverages,47,6.74,4.03,0,10,
2025-10-02,P002,Ground Coffee 250g,Beverages,23,6.74,4.03,0,10,
2025-10-03,P002,Ground Coffee 250g,Beverages,25,6.75,4.03,0,10,
2025-10-04,P002,Ground Coffee 250g,Beverages,48,6.75,4.03,0,10,
2025-10-05,P002,Ground Coffee 250g,Beverages,32,6.75,4.03,0,10,
2025-10-06,P002,Ground Coffee 250g,Beverages,68,6.75,4.03,0,10,
2025-10-07,P002,Ground Coffee 250g,Beverages,17,6.75,4.03,0,10,
2025-10-08,P002,Ground Coffee 250g,Beverages,45,6.75,4.03,0,10,
2025-10-09,P002,Ground Coffee 250g,Beverages,81,6.75,4.03,0,10,
2025-10-10,P002,Ground Coffee 250g,Beverages,27,6.75,4.03,0,10,
2025-10-11,P002,Ground Coffee 250g,Beverages,42,6.75,4.03,0,10,
2025-10-12,P002,Ground Coffee 250g,Beverages,43,6.75,4.03,0,10,
2025-10-13,P002,Ground Coffee 250g,Beverages,41,6.75,4.03,0,10,
2025-10-14,P002,Ground Coffee 250g,Beverages,25,6.75,4.03,0,10,
2025-10-15,P002,Ground Coffee 250g,Beverages,55,6.75,4.03,0,10,
2025-10-16,P002,Ground Coffee 250g,Beverages,24,6.75,4.03,0,10,
2025-10-17,P002,Ground Coffee 250g,Beverages,40,6.75,4.03,0,10,
2025-10-18,P002,Ground Coffee 250g,Beverages,32,6.75,4.03,0,10,
2025-10-19,P002,Ground Coffee 250g,Beverages,34,6.75,4.03,0,10,
2025-10-20,P002,Ground Coffee 250g,Beverages,61,6.75,4.03,0,10,
2025-10-21,P002,Ground Coffee 250g,Beverages,63,6.75,4.03,0,10,
2025-10-22,P002,Ground Coffee 250g,Beverages,58,6.76,4.03,0,10,
2025-10-23,P002,Ground Coffee 250g,Beverages,39,6.76,4.03,0,10,
2025-10-24,P002,Ground Coffee 250g,Beverages,41,6.76,4.03,0,10,
2025-10-25,P002,Ground Coffee 250g,Beverages,54,6.76,4.03,0,10,
2025-10-26,P002,Ground Coffee 250g,Beverages,125,6.76,4.03,0,10,
2025-10-27,P002,Ground Coffee 250g,Beverages,34,6.76,4.03,0,10,
2025-10-28,P002,Ground Coffee 250g,Beverages,60,6.76,4.03,0,10,
2025-10-29,P002,Ground Coffee 250g,Beverages,15,6.76,4.03,0,10,
2025-10-30,P002,Ground Coffee 250g,Beverages,65,5.75,4.03,1,10,
2025-10-31,P002,Ground Coffee 250g,Beverages,28,5.75,4.03,1,10,
2025-11-01,P002,Ground Coffee 250g,Beverages,84,5.75,4.03,1,10,
2025-11-02,P002,Ground Coffee 250g,Beverages,33,6.76,4.03,0,10,
2025-11-03,P002,Ground Coffee 250g,Beverages,32,6.76,4.03,0,10,
2025-11-04,P002,Ground Coffee 250g,Beverages,24,6.76,4.03,0,10,
2025-11-05,P002,Ground Coffee 250g,Beverages,32,6.76,4.03,0,10,
2025-11-06,P002,Ground Coffee 250g,Beverages,40,6.76,4.03,0,10,
2025-11-07,P002,Ground Coffee 250g,Beverages,48,6.76,4.03,0,10,
2025-11-08,P002,Ground Coffee 250g,Beverages,72,6.76,4.03,0,10,
2025-11-09,P002,Ground Coffee 250g,Beverages,59,6.76,4.03,0,10,
2025-11-10,P002,Ground Coffee 250g,Beverages,47,6.77,4.03,0,10,
2025-11-11,P002,Ground Coffee 250g,Beverages,39,6.77,4.03,0,10,
2025-11-12,P002,Ground Coffee 250g,Beverages,47,6.77,4.03,0,10,
2025-11-13,P002,Ground Coffee 250g,Beverages,23,6.77,4.03,0,10,
2025-11-14,P002,Ground Coffee 250g,Beverages,36,6.77,4.03,0,10,
2025-11-15,P002,Ground Coffee 250g,Beverages,46,6.77,4.03,0,10,
2025-11-16,P002,Ground Coffee 250g,Beverages,53,6.77,4.03,0,10,
2025-11-17,P002,Ground Coffee 250g,Beverages,60,6.77,4.03,0,10,
2025-11-18,P002,Ground Coffee 250g,Beverages,45,6.77,4.03,0,10,
2025-11-19,P002,Ground Coffee 250g,Beverages,28,6.77,4.03,0,10,
2025-11-20,P002,Ground Coffee 250g,Beverages,13,6.77,4.03,0,10,
2025-11-21,P002,Ground Coffee 250g,Beverages,64,6.77,4.03,0,10,
2025-11-22,P002,Ground Coffee 250g,Beverages,40,6.77,4.03,0,10,
2025-11-23,P002,Ground Coffee 250g,Beverages,34,6.77,4.03,0,10,
2025-11-24,P002,Ground Coffee 250g,Beverages,96,6.77,4.03,0,10,
2025-11-25,P002,Ground Coffee 250g,Beverages,37,6.77,4.03,0,10,
2025-11-26,P002,Ground Coffee 250g,Beverages,64,6.77,4.03,0,10,
2025-11-27,P002,Ground Coffee 250g,Beverages,41,6.77,4.03,0,10,
2025-11-28,P002,Ground Coffee 250g,Beverages,30,6.77,4.03,0,10,
2025-11-29,P002,Ground Coffee 250g,Beverages,56,6.78,4.03,0,10,
2025-11-30,P002,Ground Coffee 250g,Beverages,39,6.78,4.03,0,10,
2025-12-01,P002,Ground Coffee 250g,Beverages,28,6.78,4.03,0,10,
2025-12-02,P002,Ground Coffee 250g,Beverages,45,6.78,4.03,0,10,
2025-12-03,P002,Ground Coffee 250g,Beverages,42,6.78,4.03,0,10,
2025-12-04,P002,Ground Coffee 250g,Beverages,41,6.78,4.03,0,10,
2025-12-05,P002,Ground Coffee 250g,Beverages,28,6.78,4.03,0,10,
2025-12-06,P002,Ground Coffee 250g,Beverages,39,6.78,4.03,0,10,
2025-12-07,P002,Ground Coffee 250g,Beverages,37,6.78,4.03,0,10,
2025-12-08,P002,Ground Coffee 250g,Beverages,34,6.78,4.03,0,10,
2025-12-09,P002,Ground Coffee 250g,Beverages,41,6.78,4.03,0,10,
2025-12-10,P002,Ground Coffee 250g,Beverages,31,6.78,4.03,0,10,
2025-12-11,P002,Ground Coffee 250g,Beverages,23,6.78,4.03,0,10,
2025-12-12,P002,Ground Coffee 250g,Beverages,45,6.78,4.03,0,10,
2025-12-13,P002,Ground Coffee 250g,Beverages,66,6.78,4.03,0,10,
2025-12-14,P002,Ground Coffee 250g,Beverages,64,6.78,4.03,0,10,
2025-12-15,P002,Ground Coffee 250g,Beverages,73,6.78,4.03,0,10,
2025-12-16,P002,Ground Coffee 250g,Beverages,18,6.78,4.03,0,10,
2025-12-17,P002,Ground Coffee 250g,Beverages,51,6.79,4.03,0,10,
2025-12-18,P002,Ground Coffee 250g,Beverages,29,6.79,4.03,0,10,
2025-12-19,P002,Ground Coffee 250g,Beverages,47,6.79,4.03,0,10,
2025-12-20,P002,Ground Coffee 250g,Beverages,48,6.79,4.03,0,10,
2025-12-21,P002,Ground Coffee 250g,Beverages,56,6.79,4.03,0,10,
2025-12-22,P002,Ground Coffee 250g,Beverages,40,6.79,4.03,0,10,
2025-12-23,P002,Ground Coffee 250g,Beverages,74,6.79,4.03,0,10,
2025-12-24,P002,Ground Coffee 250g,Beverages,41,6.79,4.03,0,10,
2025-12-25,P002,Ground Coffee 250g,Beverages,31,6.79,4.03,0,10,
2025-12-26,P002,Ground Coffee 250g,Beverages,25,6.79,4.03,0,10,
2025-12-27,P002,Ground Coffee 250g,Beverages,43,6.79,4.03,0,10,
2025-12-28,P002,Ground Coffee 250g,Beverages,54,6.79,4.03,0,10,
2025-12-29,P002,Ground Coffee 250g,Beverages,21,6.79,4.03,0,10,
2025-12-30,P002,Ground Coffee 250g,Beverages,43,6.79,4.03,0,10,
2025-12-31,P002,Ground Coffee 250g,Beverages,62,6.79,4.03,0,10,
2026-01-01,P002,Ground Coffee 250g,Beverages,36,6.79,4.03,0,10,
2026-01-02,P002,Ground Coffee 250g,Beverages,31,6.79,4.03,0,10,
2026-01-03,P002,Ground Coffee 250g,Beverages,46,6.79,4.03,0,10,
2026-01-04,P002,Ground Coffee 250g,Beverages,29,6.79,4.03,0,10,
2026-01-05,P002,Ground Coffee 250g,Beverages,34,6.8,4.03,0,10,
2026-01-06,P002,Ground Coffee 250g,Beverages,47,6.8,4.03,0,10,
2026-01-07,P002,Ground Coffee 250g,Beverages,43,6.8,4.03,0,10,
2026-01-08,P002,Ground Coffee 250g,Beverages,49,6.8,4.03,0,10,
2026-01-09,P002,Ground Coffee 250g,Beverages,36,6.8,4.03,0,10,
2026-01-10,P002,Ground Coffee 250g,Beverages,108,6.8,4.03,0,10,
2026-01-11,P002,Ground Coffee 250g,Beverages,38,6.8,4.03,0,10,
2026-01-12,P002,Ground Coffee 250g,Beverages,29,6.8,4.03,0,10,
2026-01-13,P002,Ground Coffee 250g,Beverages,29,6.8,4.03,0,10,
2026-01-14,P002,Ground Coffee 250g,Beverages,37,6.8,4.03,0,10,
2026-01-15,P002,Ground Coffee 250g,Beverages,45,6.8,4.03,0,10,
2026-01-16,P002,Ground Coffee 250g,Beverages,41,6.8,4.03,0,10,
2026-01-17,P002,Ground Coffee 250g,Beverages,35,6.8,4.03,0,10,
2026-01-18,P002,Ground Coffee 250g,Beverages,55,6.8,4.03,0,10,
2026-01-19,P002,Ground Coffee 250g,Beverages,45,6.8,4.03,0,10,
2026-01-20,P002,Ground Coffee 250g,Beverages,35,6.8,4.03,0,10,
2026-01-21,P002,Ground Coffee 250g,Beverages,51,5.78,4.03,1,10,
2026-01-22,P002,Ground Coffee 250g,Beverages,26,5.78,4.03,1,10,
2026-01-23,P002,Ground Coffee 250g,Beverages,92,5.78,4.03,1,10,
2026-01-24,P002,Ground Coffee 250g,Beverages,71,5.78,4.03,1,10,
2026-01-25,P002,Ground Coffee 250g,Beverages,90,5.79,4.03,1,10,
2026-01-26,P002,Ground Coffee 250g,Beverages,24,5.79,4.03,1,10,
2026-01-27,P002,Ground Coffee 250g,Beverages,44,5.79,4.03,1,10,
2026-01-28,P002,Ground Coffee 250g,Beverages,40,6.81,4.03,0,10,
2026-01-29,P002,Ground Coffee 250g,Beverages,36,6.81,4.03,0,10,
2026-01-30,P002,Ground Coffee 250g,Beverages,42,6.81,4.03,0,10,
2026-01-31,P002,Ground Coffee 250g,Beverages,43,6.81,4.03,0,10,
2026-02-01,P002,Ground Coffee 250g,Beverages,53,6.81,4.03,0,10,
2026-02-02,P002,Ground Coffee 250g,Beverages,33,6.81,4.03,0,10,
2026-02-03,P002,Ground Coffee 250g,Beverages,50,6.81,4.03,0,10,
2026-02-04,P002,Ground Coffee 250g,Beverages,32,6.81,4.03,0,10,
2026-02-05,P002,Ground Coffee 250g,Beverages,68,6.81,4.03,0,10,
2026-02-06,P002,Ground Coffee 250g,Beverages,38,6.81,4.03,0,10,
2026-02-07,P002,Ground Coffee 250g,Beverages,90,6.81,4.03,0,10,
2026-02-08,P002,Ground Coffee 250g,Beverages,20,6.81,4.03,0,10,
2026-02-09,P002,Ground Coffee 250g,Beverages,36,6.81,4.03,0,10,
2026-02-10,P002,Ground Coffee 250g,Beverages,60,6.81,4.03,0,10,
2026-02-11,P002,Ground Coffee 250g,Beverages,7,6.81,4.03,0,10,
2026-02-12,P002,Ground Coffee 250g,Beverages,71,5.79,4.03,1,10,
2026-02-13,P002,Ground Coffee 250g,Beverages,60,5.79,4.03,1,10,
2026-02-14,P002,Ground Coffee 250g,Beverages,26,5.79,4.03,1,10,
2026-02-15,P002,Ground Coffee 250g,Beverages,48,5.79,4.03,1,10,
2026-02-16,P002,Ground Coffee 250g,Beverages,53,6.82,4.03,0,10,
2026-02-17,P002,Ground Coffee 250g,Beverages,54,6.82,4.03,0,10,
2026-02-18,P002,Ground Coffee 250g,Beverages,54,6.82,4.03,0,10,
2026-02-19,P002,Ground Coffee 250g,Beverages,45,6.82,4.03,0,10,
2026-02-20,P002,Ground Coffee 250g,Beverages,60,6.82,4.03,0,10,
2026-02-21,P002,Ground Coffee 250g,Beverages,42,6.82,4.03,0,10,
2026-02-22,P002,Ground Coffee 250g,Beverages,71,6.82,4.03,0,10,
2026-02-23,P002,Ground Coffee 250g,Beverages,72,6.82,4.03,0,10,
2026-02-24,P002,Ground Coffee 250g,Beverages,67,6.82,4.03,0,10,
2026-02-25,P002,Ground Coffee 250g,Beverages,53,5.8,4.03,1,10,
2026-02-26,P002,Ground Coffee 250g,Beverages,50,5.8,4.03,1,10,
2026-02-27,P002,Ground Coffee 250g,Beverages,48,5.8,4.03,1,10,
2026-02-28,P002,Ground Coffee 250g,Beverages,47,5.8,4.03,1,10,
2026-03-01,P002,Ground Coffee 250g,Beverages,41,6.82,4.03,0,10,
2026-03-02,P002,Ground Coffee 250g,Beverages,32,6.83,4.03,0,10,
2026-03-03,P002,Ground Coffee 250g,Beverages,37,6.83,4.03,0,10,
2026-03-04,P002,Ground Coffee 250g,Beverages,20,6.83,4.03,0,10,
2026-03-05,P002,Ground Coffee 250g,Beverages,30,6.83,4.03,0,10,
2026-03-06,P002,Ground Coffee 250g,Beverages,48,6.83,4.03,0,10,
2026-03-07,P002,Ground Coffee 250g,Beverages,50,6.83,4.03,0,10,
2026-03-08,P002,Ground Coffee 250g,Beverages,38,6.83,4.03,0,10,
2026-03-09,P002,Ground Coffee 250g,Beverages,80,5.8,4.03,1,10,
2026-03-10,P002,Ground Coffee 250g,Beverages,32,5.8,4.03,1,10,
2026-03-11,P002,Ground Coffee 250g,Beverages,70,5.81,4.03,1,10,
2026-03-12,P002,Ground Coffee 250g,Beverages,43,5.81,4.03,1,10,
2026-03-13,P002,Ground Coffee 250g,Beverages,60,5.81,4.03,1,10,
2026-03-14,P002,Ground Coffee 250g,Beverages,58,5.81,4.03,1,10,
2026-03-15,P002,Ground Coffee 250g,Beverages,51,6.83,4.03,0,10,
2026-03-16,P002,Ground Coffee 250g,Beverages,30,6.83,4.03,0,10,
2026-03-17,P002,Ground Coffee 250g,Beverages,69,6.83,4.03,0,10,
2026-03-18,P002,Ground Coffee 250g,Beverages,28,6.83,4.03,0,10,
2026-03-19,P002,Ground Coffee 250g,Beverages,35,6.83,4.03,0,10,
2026-03-20,P002,Ground Coffee 250g,Beverages,53,6.83,4.03,0,10,
2026-03-21,P002,Ground Coffee 250g,Beverages,38,6.84,4.03,0,10,
2026-03-22,P002,Ground Coffee 250g,Beverages,30,6.84,4.03,0,10,
2026-03-23,P002,Ground Coffee 250g,Beverages,52,6.84,4.03,0,10,
2026-03-24,P002,Ground Coffee 250g,Beverages,37,6.84,4.03,0,10,
2026-03-25,P002,Ground Coffee 250g,Beverages,45,6.84,4.03,0,10,
2026-03-26,P002,Ground Coffee 250g,Beverages,71,6.84,4.03,0,10,
2026-03-27,P002,Ground Coffee 250g,Beverages,46,6.84,4.03,0,10,
2026-03-28,P002,Ground Coffee 250g,Beverages,56,6.84,4.03,0,10,
2026-03-29,P002,Ground Coffee 250g,Beverages,44,6.84,4.03,0,10,
2026-03-30,P002,Ground Coffee 250g,Beverages,45,6.84,4.03,0,10,
2026-03-31,P002,Ground Coffee 250g,Beverages,14,6.84,4.03,0,10,
2026-04-01,P002,Ground Coffee 250g,Beverages,49,6.84,4.03,0,10,
2026-04-02,P002,Ground Coffee 250g,Beverages,27,6.84,4.03,0,10,
2026-04-03,P002,Ground Coffee 250g,Beverages,33,6.84,4.03,0,10,
2026-04-04,P002,Ground Coffee 250g,Beverages,50,6.84,4.03,0,10,
2026-04-05,P002,Ground Coffee 250g,Beverages,49,6.84,4.03,0,10,
2026-04-06,P002,Ground Coffee 250g,Beverages,21,6.84,4.03,0,10,
2026-04-07,P002,Ground Coffee 250g,Beverages,26,6.84,4.03,0,10,
2026-04-08,P002,Ground Coffee 250g,Beverages,29,6.84,4.03,0,10,
2026-04-09,P002,Ground Coffee 250g,Beverages,46,6.85,4.03,0,10,
2026-04-10,P002,Ground Coffee 250g,Beverages,38,6.85,4.03,0,10,
2026-04-11,P002,Ground Coffee 250g,Beverages,29,6.85,4.03,0,10,
2026-04-12,P002,Ground Coffee 250g,Beverages,52,6.85,4.03,0,10,
2026-04-13,P002,Ground Coffee 250g,Beverages,31,6.85,4.03,0,10,
2026-04-14,P002,Ground Coffee 250g,Beverages,48,6.85,4.03,0,10,
2026-04-15,P002,Ground Coffee 250g,Beverages,15,6.85,4.03,0,10,
2026-04-16,P002,Ground Coffee 250g,Beverages,28,6.85,4.03,0,10,
2026-04-17,P002,Ground Coffee 250g,Beverages,57,6.85,4.03,0,10,
2026-04-18,P002,Ground Coffee 250g,Beverages,24,6.85,4.03,0,10,
2026-04-19,P002,Ground Coffee 250g,Beverages,62,6.85,4.03,0,10,
2026-04-20,P002,Ground Coffee 250g,Beverages,29,6.85,4.03,0,10,
2026-04-21,P002,Ground Coffee 250g,Beverages,18,6.85,4.03,0,10,
2026-04-22,P002,Ground Coffee 250g,Beverages,22,6.85,4.03,0,10,
2026-04-23,P002,Ground Coffee 250g,Beverages,59,6.85,4.03,0,10,
2026-04-24,P002,Ground Coffee 250g,Beverages,74,6.85,4.03,0,10,
2026-04-25,P002,Ground Coffee 250g,Beverages,37,6.85,4.03,0,10,
2026-04-26,P002,Ground Coffee 250g,Beverages,32,6.85,4.03,0,10,
2026-04-27,P002,Ground Coffee 250g,Beverages,37,6.86,4.03,0,10,
2026-04-28,P002,Ground Coffee 250g,Beverages,31,6.86,4.03,0,10,
2026-04-29,P002,Ground Coffee 250g,Beverages,42,6.86,4.03,0,10,
2026-04-30,P002,Ground Coffee 250g,Beverages,35,6.86,4.03,0,10,
2026-05-01,P002,Ground Coffee 250g,Beverages,71,6.86,4.03,0,10,
2026-05-02,P002,Ground Coffee 250g,Beverages,28,6.86,4.03,0,10,
2026-05-03,P002,Ground Coffee 250g,Beverages,59,6.86,4.03,0,10,
2026-05-04,P002,Ground Coffee 250g,Beverages,78,6.86,4.03,0,10,
2026-05-05,P002,Ground Coffee 250g,Beverages,36,6.86,4.03,0,10,
2026-05-06,P002,Ground Coffee 250g,Beverages,26,6.86,4.03,0,10,
2026-05-07,P002,Ground Coffee 250g,Beverages,78,6.86,4.03,0,10,
2026-05-08,P002,Ground Coffee 250g,Beverages,29,6.86,4.03,0,10,
2026-05-09,P002,Ground Coffee 250g,Beverages,66,6.86,4.03,0,10,
2026-05-10,P002,Ground Coffee 250g,Beverages,39,6.86,4.03,0,10,
2026-05-11,P002,Ground Coffee 250g,Beverages,49,6.86,4.03,0,10,
2026-05-12,P002,Ground Coffee 250g,Beverages,75,6.86,4.03,0,10,
2026-05-13,P002,Ground Coffee 250g,Beverages,42,6.86,4.03,0,10,
2026-05-14,P002,Ground Coffee 250g,Beverages,11,6.86,4.03,0,10,
2026-05-15,P002,Ground Coffee 250g,Beverages,81,6.86,4.03,0,10,
2026-05-16,P002,Ground Coffee 250g,Beverages,35,6.87,4.03,0,10,
2026-05-17,P002,Ground Coffee 250g,Beverages,64,6.87,4.03,0,10,
2026-05-18,P002,Ground Coffee 250g,Beverages,57,6.87,4.03,0,10,
2026-05-19,P002,Ground Coffee 250g,Beverages,35,6.87,4.03,0,10,
2026-05-20,P002,Ground Coffee 250g,Beverages,79,6.87,4.03,0,10,
2026-05-21,P002,Ground Coffee 250g,Beverages,50,6.87,4.03,0,10,
2026-05-22,P002,Ground Coffee 250g,Beverages,23,6.87,4.03,0,10,
2026-05-23,P002,Ground Coffee 250g,Beverages,86,6.87,4.03,0,10,
2026-05-24,P002,Ground Coffee 250g,Beverages,24,6.87,4.03,0,10,
2026-05-25,P002,Ground Coffee 250g,Beverages,46,6.87,4.03,0,10,
2026-05-26,P002,Ground Coffee 250g,Beverages,49,6.87,4.03,0,10,
2026-05-27,P002,Ground Coffee 250g,Beverages,56,6.87,4.03,0,10,
2026-05-28,P002,Ground Coffee 250g,Beverages,66,6.87,4.03,0,10,
2026-05-29,P002,Ground Coffee 250g,Beverages,30,6.87,4.03,0,10,
2026-05-30,P002,Ground Coffee 250g,Beverages,43,6.87,4.03,0,10,
2026-05-31,P002,Ground Coffee 250g,Beverages,63,6.87,4.03,0,10,
2026-06-01,P002,Ground Coffee 250g,Beverages,43,6.87,4.03,0,10,
2026-06-02,P002,Ground Coffee 250g,Beverages,62,6.87,4.03,0,10,
2026-06-03,P002,Ground Coffee 250g,Beverages,55,6.87,4.03,0,10,
2026-06-04,P002,Ground Coffee 250g,Beverages,31,6.88,4.03,0,10,
2026-06-05,P002,Ground Coffee 250g,Beverages,35,6.88,4.03,0,10,
2026-06-06,P002,Ground Coffee 250g,Beverages,65,6.88,4.03,0,10,
2026-06-07,P002,Ground Coffee 250g,Beverages,40,6.88,4.03,0,10,
2026-06-08,P002,Ground Coffee 250g,Beverages,64,6.88,4.03,0,10,
2026-06-09,P002,Ground Coffee 250g,Beverages,66,6.88,4.03,0,10,
2026-06-10,P002,Ground Coffee 250g,Beverages,64,5.85,4.03,1,10,
2026-06-11,P002,Ground Coffee 250g,Beverages,46,5.85,4.03,1,10,
2026-06-12,P002,Ground Coffee 250g,Beverages,44,5.85,4.03,1,10,
2026-06-13,P002,Ground Coffee 250g,Beverages,47,5.85,4.03,1,10,
2026-06-14,P002,Ground Coffee 250g,Beverages,34,5.85,4.03,1,10,
2026-06-15,P002,Ground Coffee 250g,Beverages,39,5.85,4.03,1,10,
2026-06-16,P002,Ground Coffee 250g,Beverages,82,6.88,4.03,0,10,
2026-06-17,P002,Ground Coffee 250g,Beverages,49,6.88,4.03,0,10,
2026-06-18,P002,Ground Coffee 250g,Beverages,29,6.88,4.03,0,10,
2026-06-19,P002,Ground Coffee 250g,Beverages,39,6.88,4.03,0,10,
2026-06-20,P002,Ground Coffee 250g,Beverages,44,6.88,4.03,0,10,
2026-06-21,P002,Ground Coffee 250g,Beverages,43,6.88,4.03,0,10,
2026-06-22,P002,Ground Coffee 250g,Beverages,48,6.88,4.03,0,10,
2026-06-23,P002,Ground Coffee 250g,Beverages,55,6.89,4.03,0,10,
2026-06-24,P002,Ground Coffee 250g,Beverages,58,6.89,4.03,0,10,
2026-06-25,P002,Ground Coffee 250g,Beverages,45,6.89,4.03,0,10,
2026-06-26,P002,Ground Coffee 250g,Beverages,38,6.89,4.03,0,10,
2026-06-27,P002,Ground Coffee 250g,Beverages,53,6.89,4.03,0,10,
2026-06-28,P002,Ground Coffee 250g,Beverages,31,6.89,4.03,0,10,
2026-06-29,P002,Ground Coffee 250g,Beverages,64,6.89,4.03,0,10,
2026-06-30,P002,Ground Coffee 250g,Beverages,68,6.89,4.03,0,10,983
2024-07-01,P003,Instant Noodles 5-pack,Pantry,106,2.2,1.36,0,7,
2024-07-02,P003,Instant Noodles 5-pack,Pantry,71,2.2,1.36,0,7,
2024-07-03,P003,Instant Noodles 5-pack,Pantry,78,2.2,1.36,0,7,
2024-07-04,P003,Instant Noodles 5-pack,Pantry,44,2.2,1.36,0,7,
2024-07-05,P003,Instant Noodles 5-pack,Pantry,77,2.2,1.36,0,7,
2024-07-06,P003,Instant Noodles 5-pack,Pantry,154,1.87,1.36,1,7,
2024-07-07,P003,Instant Noodles 5-pack,Pantry,131,1.87,1.36,1,7,
2024-07-08,P003,Instant Noodles 5-pack,Pantry,120,1.87,1.36,1,7,
2024-07-09,P003,Instant Noodles 5-pack,Pantry,48,2.2,1.36,0,7,
2024-07-10,P003,Instant Noodles 5-pack,Pantry,85,2.2,1.36,0,7,
2024-07-11,P003,Instant Noodles 5-pack,Pantry,88,2.2,1.36,0,7,
2024-07-12,P003,Instant Noodles 5-pack,Pantry,65,2.2,1.36,0,7,
2024-07-13,P003,Instant Noodles 5-pack,Pantry,84,2.2,1.36,0,7,
2024-07-14,P003,Instant Noodles 5-pack,Pantry,93,2.2,1.36,0,7,
2024-07-15,P003,Instant Noodles 5-pack,Pantry,63,2.2,1.36,0,7,
2024-07-16,P003,Instant Noodles 5-pack,Pantry,74,2.2,1.36,0,7,
2024-07-17,P003,Instant Noodles 5-pack,Pantry,117,2.2,1.36,0,7,
2024-07-18,P003,Instant Noodles 5-pack,Pantry,95,2.2,1.36,0,7,
2024-07-19,P003,Instant Noodles 5-pack,Pantry,73,2.2,1.36,0,7,
2024-07-20,P003,Instant Noodles 5-pack,Pantry,72,2.2,1.36,0,7,
2024-07-21,P003,Instant Noodles 5-pack,Pantry,95,2.2,1.36,0,7,
2024-07-22,P003,Instant Noodles 5-pack,Pantry,66,2.2,1.36,0,7,
2024-07-23,P003,Instant Noodles 5-pack,Pantry,87,2.2,1.36,0,7,
2024-07-24,P003,Instant Noodles 5-pack,Pantry,99,2.2,1.36,0,7,
2024-07-25,P003,Instant Noodles 5-pack,Pantry,68,2.2,1.36,0,7,
2024-07-26,P003,Instant Noodles 5-pack,Pantry,93,2.2,1.36,0,7,
2024-07-27,P003,Instant Noodles 5-pack,Pantry,105,2.2,1.36,0,7,
2024-07-28,P003,Instant Noodles 5-pack,Pantry,87,2.2,1.36,0,7,
2024-07-29,P003,Instant Noodles 5-pack,Pantry,95,2.21,1.36,0,7,
2024-07-30,P003,Instant Noodles 5-pack,Pantry,96,2.21,1.36,0,7,
2024-07-31,P003,Instant Noodles 5-pack,Pantry,80,2.21,1.36,0,7,
2024-08-01,P003,Instant Noodles 5-pack,Pantry,82,2.21,1.36,0,7,
2024-08-02,P003,Instant Noodles 5-pack,Pantry,96,2.21,1.36,0,7,
2024-08-03,P003,Instant Noodles 5-pack,Pantry,100,2.21,1.36,0,7,
2024-08-04,P003,Instant Noodles 5-pack,Pantry,106,2.21,1.36,0,7,
2024-08-05,P003,Instant Noodles 5-pack,Pantry,50,2.21,1.36,0,7,
2024-08-06,P003,Instant Noodles 5-pack,Pantry,67,2.21,1.36,0,7,
2024-08-07,P003,Instant Noodles 5-pack,Pantry,110,2.21,1.36,0,7,
2024-08-08,P003,Instant Noodles 5-pack,Pantry,74,2.21,1.36,0,7,
2024-08-09,P003,Instant Noodles 5-pack,Pantry,86,2.21,1.36,0,7,
2024-08-10,P003,Instant Noodles 5-pack,Pantry,110,2.21,1.36,0,7,
2024-08-11,P003,Instant Noodles 5-pack,Pantry,119,2.21,1.36,0,7,
2024-08-12,P003,Instant Noodles 5-pack,Pantry,82,2.21,1.36,0,7,
2024-08-13,P003,Instant Noodles 5-pack,Pantry,82,2.21,1.36,0,7,
2024-08-14,P003,Instant Noodles 5-pack,Pantry,83,2.21,1.36,0,7,
2024-08-15,P003,Instant Noodles 5-pack,Pantry,120,1.88,1.36,1,7,
2024-08-16,P003,Instant Noodles 5-pack,Pantry,166,1.88,1.36,1,7,
2024-08-17,P003,Instant Noodles 5-pack,Pantry,152,1.88,1.36,1,7,
2024-08-18,P003,Instant Noodles 5-pack,Pantry,129,1.88,1.36,1,7,
2024-08-19,P003,Instant Noodles 5-pack,Pantry,100,1.88,1.36,1,7,
2024-08-20,P003,Instant Noodles 5-pack,Pantry,165,1.88,1.36,1,7,
2024-08-21,P003,Instant Noodles 5-pack,Pantry,86,2.21,1.36,0,7,
2024-08-22,P003,Instant Noodles 5-pack,Pantry,60,2.21,1.36,0,7,
2024-08-23,P003,Instant Noodles 5-pack,Pantry,63,2.21,1.36,0,7,
2024-08-24,P003,Instant Noodles 5-pack,Pantry,81,2.21,1.36,0,7,
2024-08-25,P003,Instant Noodles 5-pack,Pantry,62,2.21,1.36,0,7,
2024-08-26,P003,Instant Noodles 5-pack,Pantry,122,2.21,1.36,0,7,
2024-08-27,P003,Instant Noodles 5-pack,Pantry,54,2.21,1.36,0,7,
2024-08-28,P003,Instant Noodles 5-pack,Pantry,47,2.21,1.36,0,7,
2024-08-29,P003,Instant Noodles 5-pack,Pantry,91,2.21,1.36,0,7,
2024-08-30,P003,Instant Noodles 5-pack,Pantry,100,2.21,1.36,0,7,
2024-08-31,P003,Instant Noodles 5-pack,Pantry,113,2.21,1.36,0,7,
2024-09-01,P003,Instant Noodles 5-pack,Pantry,137,2.21,1.36,0,7,
2024-09-02,P003,Instant Noodles 5-pack,Pantry,72,2.21,1.36,0,7,
2024-09-03,P003,Instant Noodles 5-pack,Pantry,99,2.21,1.36,0,7,
2024-09-04,P003,Instant Noodles 5-pack,Pantry,79,2.21,1.36,0,7,
2024-09-05,P003,Instant Noodles 5-pack,Pantry,73,2.21,1.36,0,7,
2024-09-06,P003,Instant Noodles 5-pack,Pantry,61,2.21,1.36,0,7,
2024-09-07,P003,Instant Noodles 5-pack,Pantry,99,2.21,1.36,0,7,
2024-09-08,P003,Instant Noodles 5-pack,Pantry,68,2.21,1.36,0,7,
2024-09-09,P003,Instant Noodles 5-pack,Pantry,67,2.21,1.36,0,7,
2024-09-10,P003,Instant Noodles 5-pack,Pantry,105,1.88,1.36,1,7,
2024-09-11,P003,Instant Noodles 5-pack,Pantry,116,1.88,1.36,1,7,
2024-09-12,P003,Instant Noodles 5-pack,Pantry,149,1.88,1.36,1,7,
2024-09-13,P003,Instant Noodles 5-pack,Pantry,142,1.88,1.36,1,7,
2024-09-14,P003,Instant Noodles 5-pack,Pantry,128,1.88,1.36,1,7,
2024-09-15,P003,Instant Noodles 5-pack,Pantry,92,2.21,1.36,0,7,
2024-09-16,P003,Instant Noodles 5-pack,Pantry,88,2.21,1.36,0,7,
2024-09-17,P003,Instant Noodles 5-pack,Pantry,107,2.21,1.36,0,7,
2024-09-18,P003,Instant Noodles 5-pack,Pantry,33,2.21,1.36,0,7,
2024-09-19,P003,Instant Noodles 5-pack,Pantry,90,2.21,1.36,0,7,
2024-09-20,P003,Instant Noodles 5-pack,Pantry,56,2.21,1.36,0,7,
2024-09-21,P003,Instant Noodles 5-pack,Pantry,98,2.21,1.36,0,7,
2024-09-22,P003,Instant Noodles 5-pack,Pantry,81,2.21,1.36,0,7,
2024-09-23,P003,Instant Noodles 5-pack,Pantry,100,2.22,1.36,0,7,
2024-09-24,P003,Instant Noodles 5-pack,Pantry,60,2.22,1.36,0,7,
2024-09-25,P003,Instant Noodles 5-pack,Pantry,78,2.22,1.36,0,7,
2024-09-26,P003,Instant Noodles 5-pack,Pantry,65,2.22,1.36,0,7,
2024-09-27,P003,Instant Noodles 5-pack,Pantry,67,2.22,1.36,0,7,
2024-09-28,P003,Instant Noodles 5-pack,Pantry,121,2.22,1.36,0,7,
2024-09-29,P003,Instant Noodles 5-pack,Pantry,74,2.22,1.36,0,7,
2024-09-30,P003,Instant Noodles 5-pack,Pantry,53,2.22,1.36,0,7,
2024-10-01,P003,Instant Noodles 5-pack,Pantry,60,2.22,1.36,0,7,
2024-10-02,P003,Instant Noodles 5-pack,Pantry,105,2.22,1.36,0,7,
2024-10-03,P003,Instant Noodles 5-pack,Pantry,104,2.22,1.36,0,7,
2024-10-04,P003,Instant Noodles 5-pack,Pantry,100,2.22,1.36,0,7,
2024-10-05,P003,Instant Noodles 5-pack,Pantry,92,2.22,1.36,0,7,
2024-10-06,P003,Instant Noodles 5-pack,Pantry,88,2.22,1.36,0,7,
2024-10-07,P003,Instant Noodles 5-pack,Pantry,85,2.22,1.36,0,7,
2024-10-08,P003,Instant Noodles 5-pack,Pantry,79,2.22,1.36,0,7,
2024-10-09,P003,Instant Noodles 5-pack,Pantry,62,2.22,1.36,0,7,
2024-10-10,P003,Instant Noodles 5-pack,Pantry,67,2.22,1.36,0,7,
2024-10-11,P003,Instant Noodles 5-pack,Pantry,104,2.22,1.36,0,7,
2024-10-12,P003,Instant Noodles 5-pack,Pantry,73,2.22,1.36,0,7,
2024-10-13,P003,Instant Noodles 5-pack,Pantry,146,2.22,1.36,0,7,
2024-10-14,P003,Instant Noodles 5-pack,Pantry,90,2.22,1.36,0,7,
2024-10-15,P003,Instant Noodles 5-pack,Pantry,58,2.22,1.36,0,7,
2024-10-16,P003,Instant Noodles 5-pack,Pantry,58,2.22,1.36,0,7,
2024-10-17,P003,Instant Noodles 5-pack,Pantry,51,2.22,1.36,0,7,
2024-10-18,P003,Instant Noodles 5-pack,Pantry,83,2.22,1.36,0,7,
2024-10-19,P003,Instant Noodles 5-pack,Pantry,104,2.22,1.36,0,7,
2024-10-20,P003,Instant Noodles 5-pack,Pantry,88,2.22,1.36,0,7,
2024-10-21,P003,Instant Noodles 5-pack,Pantry,73,2.22,1.36,0,7,
2024-10-22,P003,Instant Noodles 5-pack,Pantry,136,2.22,1.36,0,7,
2024-10-23,P003,Instant Noodles 5-pack,Pantry,95,2.22,1.36,0,7,
2024-10-24,P003,Instant Noodles 5-pack,Pantry,70,2.22,1.36,0,7,
2024-10-25,P003,Instant Noodles 5-pack,Pantry,88,2.22,1.36,0,7,
2024-10-26,P003,Instant Noodles 5-pack,Pantry,162,2.22,1.36,0,7,
2024-10-27,P003,Instant Noodles 5-pack,Pantry,75,2.22,1.36,0,7,
2024-10-28,P003,Instant Noodles 5-pack,Pantry,79,2.22,1.36,0,7,
2024-10-29,P003,Instant Noodles 5-pack,Pantry,94,2.22,1.36,0,7,
2024-10-30,P003,Instant Noodles 5-pack,Pantry,122,2.22,1.36,0,7,
2024-10-31,P003,Instant Noodles 5-pack,Pantry,67,2.22,1.36,0,7,
2024-11-01,P003,Instant Noodles 5-pack,Pantry,79,2.22,1.36,0,7,
2024-11-02,P003,Instant Noodles 5-pack,Pantry,88,2.22,1.36,0,7,
2024-11-03,P003,Instant Noodles 5-pack,Pantry,85,2.22,1.36,0,7,
2024-11-04,P003,Instant Noodles 5-pack,Pantry,140,2.22,1.36,0,7,
2024-11-05,P003,Instant Noodles 5-pack,Pantry,138,2.22,1.36,0,7,
2024-11-06,P003,Instant Noodles 5-pack,Pantry,98,2.22,1.36,0,7,
2024-11-07,P003,Instant Noodles 5-pack,Pantry,100,2.22,1.36,0,7,
2024-11-08,P003,Instant Noodles 5-pack,Pantry,73,2.22,1.36,0,7,
2024-11-09,P003,Instant Noodles 5-pack,Pantry,94,2.22,1.36,0,7,
2024-11-10,P003,Instant Noodles 5-pack,Pantry,86,2.22,1.36,0,7,
2024-11-11,P003,Instant Noodles 5-pack,Pantry,128,2.22,1.36,0,7,
2024-11-12,P003,Instant Noodles 5-pack,Pantry,95,2.22,1.36,0,7,
2024-11-13,P003,Instant Noodles 5-pack,Pantry,77,2.22,1.36,0,7,
2024-11-14,P003,Instant Noodles 5-pack,Pantry,75,2.22,1.36,0,7,
2024-11-15,P003,Instant Noodles 5-pack,Pantry,73,2.22,1.36,0,7,
2024-11-16,P003,Instant Noodles 5-pack,Pantry,111,2.22,1.36,0,7,
2024-11-17,P003,Instant Noodles 5-pack,Pantry,76,2.23,1.36,0,7,
2024-11-18,P003,Instant Noodles 5-pack,Pantry,74,2.23,1.36,0,7,
2024-11-19,P003,Instant Noodles 5-pack,Pantry,74,2.23,1.36,0,7,
2024-11-20,P003,Instant Noodles 5-pack,Pantry,63,2.23,1.36,0,7,
2024-11-21,P003,Instant Noodles 5-pack,Pantry,89,2.23,1.36,0,7,
2024-11-22,P003,Instant Noodles 5-pack,Pantry,84,2.23,1.36,0,7,
2024-11-23,P003,Instant Noodles 5-pack,Pantry,87,2.23,1.36,0,7,
2024-11-24,P003,Instant Noodles 5-pack,Pantry,117,2.23,1.36,0,7,
2024-11-25,P003,Instant Noodles 5-pack,Pantry,111,2.23,1.36,0,7,
2024-11-26,P003,Instant Noodles 5-pack,Pantry,108,2.23,1.36,0,7,
2024-11-27,P003,Instant Noodles 5-pack,Pantry,82,2.23,1.36,0,7,
2024-11-28,P003,Instant Noodles 5-pack,Pantry,39,2.23,1.36,0,7,
2024-11-29,P003,Instant Noodles 5-pack,Pantry,97,2.23,1.36,0,7,
2024-11-30,P003,Instant Noodles 5-pack,Pantry,175,2.23,1.36,0,7,
2024-12-01,P003,Instant Noodles 5-pack,Pantry,78,2.23,1.36,0,7,
2024-12-02,P003,Instant Noodles 5-pack,Pantry,153,2.23,1.36,0,7,
2024-12-03,P003,Instant Noodles 5-pack,Pantry,74,2.23,1.36,0,7,
2024-12-04,P003,Instant Noodles 5-pack,Pantry,62,2.23,1.36,0,7,
2024-12-05,P003,Instant Noodles 5-pack,Pantry,75,2.23,1.36,0,7,
2024-12-06,P003,Instant Noodles 5-pack,Pantry,73,2.23,1.36,0,7,
2024-12-07,P003,Instant Noodles 5-pack,Pantry,80,2.23,1.36,0,7,
2024-12-08,P003,Instant Noodles 5-pack,Pantry,88,2.23,1.36,0,7,
2024-12-09,P003,Instant Noodles 5-pack,Pantry,70,2.23,1.36,0,7,
2024-12-10,P003,Instant Noodles 5-pack,Pantry,141,2.23,1.36,0,7,
2024-12-11,P003,Instant Noodles 5-pack,Pantry,92,2.23,1.36,0,7,
2024-12-12,P003,Instant Noodles 5-pack,Pantry,56,2.23,1.36,0,7,
2024-12-13,P003,Instant Noodles 5-pack,Pantry,98,2.23,1.36,0,7,
2024-12-14,P003,Instant Noodles 5-pack,Pantry,95,2.23,1.36,0,7,
2024-12-15,P003,Instant Noodles 5-pack,Pantry,90,2.23,1.36,0,7,
2024-12-16,P003,Instant Noodles 5-pack,Pantry,99,2.23,1.36,0,7,
2024-12-17,P003,Instant Noodles 5-pack,Pantry,74,2.23,1.36,0,7,
2024-12-18,P003,Instant Noodles 5-pack,Pantry,97,2.23,1.36,0,7,
2024-12-19,P003,Instant Noodles 5-pack,Pantry,62,2.23,1.36,0,7,
2024-12-20,P003,Instant Noodles 5-pack,Pantry,97,2.23,1.36,0,7,
2024-12-21,P003,Instant Noodles 5-pack,Pantry,107,2.23,1.36,0,7,
2024-12-22,P003,Instant Noodles 5-pack,Pantry,52,2.23,1.36,0,7,
2024-12-23,P003,Instant Noodles 5-pack,Pantry,105,2.23,1.36,0,7,
2024-12-24,P003,Instant Noodles 5-pack,Pantry,32,2.23,1.36,0,7,
2024-12-25,P003,Instant Noodles 5-pack,Pantry,101,2.23,1.36,0,7,
2024-12-26,P003,Instant Noodles 5-pack,Pantry,63,2.23,1.36,0,7,
2024-12-27,P003,Instant Noodles 5-pack,Pantry,79,2.23,1.36,0,7,
2024-12-28,P003,Instant Noodles 5-pack,Pantry,81,2.23,1.36,0,7,
2024-12-29,P003,Instant Noodles 5-pack,Pantry,104,2.23,1.36,0,7,
2024-12-30,P003,Instant Noodles 5-pack,Pantry,48,2.23,1.36,0,7,
2024-12-31,P003,Instant Noodles 5-pack,Pantry,95,2.23,1.36,0,7,
2025-01-01,P003,Instant Noodles 5-pack,Pantry,83,2.23,1.36,0,7,
2025-01-02,P003,Instant Noodles 5-pack,Pantry,75,2.23,1.36,0,7,
2025-01-03,P003,Instant Noodles 5-pack,Pantry,66,2.23,1.36,0,7,
2025-01-04,P003,Instant Noodles 5-pack,Pantry,106,2.23,1.36,0,7,
2025-01-05,P003,Instant Noodles 5-pack,Pantry,150,1.9,1.36,1,7,
2025-01-06,P003,Instant Noodles 5-pack,Pantry,137,1.9,1.36,1,7,
2025-01-07,P003,Instant Noodles 5-pack,Pantry,219,1.9,1.36,1,7,
2025-01-08,P003,Instant Noodles 5-pack,Pantry,147,1.9,1.36,1,7,
2025-01-09,P003,Instant Noodles 5-pack,Pantry,195,1.9,1.36,1,7,
2025-01-10,P003,Instant Noodles 5-pack,Pantry,91,2.23,1.36,0,7,
2025-01-11,P003,Instant Noodles 5-pack,Pantry,128,2.24,1.36,0,7,
2025-01-12,P003,Instant Noodles 5-pack,Pantry,136,2.24,1.36,0,7,
2025-01-13,P003,Instant Noodles 5-pack,Pantry,73,2.24,1.36,0,7,
2025-01-14,P003,Instant Noodles 5-pack,Pantry,68,2.24,1.36,0,7,
2025-01-15,P003,Instant Noodles 5-pack,Pantry,85,2.24,1.36,0,7,
2025-01-16,P003,Instant Noodles 5-pack,Pantry,83,2.24,1.36,0,7,
2025-01-17,P003,Instant Noodles 5-pack,Pantry,69,2.24,1.36,0,7,
2025-01-18,P003,Instant Noodles 5-pack,Pantry,117,2.24,1.36,0,7,
2025-01-19,P003,Instant Noodles 5-pack,Pantry,134,2.24,1.36,0,7,
2025-01-20,P003,Instant Noodles 5-pack,Pantry,74,2.24,1.36,0,7,
2025-01-21,P003,Instant Noodles 5-pack,Pantry,100,2.24,1.36,0,7,
2025-01-22,P003,Instant Noodles 5-pack,Pantry,93,2.24,1.36,0,7,
2025-01-23,P003,Instant Noodles 5-pack,Pantry,75,2.24,1.36,0,7,
2025-01-24,P003,Instant Noodles 5-pack,Pantry,75,2.24,1.36,0,7,
2025-01-25,P003,Instant Noodles 5-pack,Pantry,96,2.24,1.36,0,7,
2025-01-26,P003,Instant Noodles 5-pack,Pantry,98,2.24,1.36,0,7,
2025-01-27,P003,Instant Noodles 5-pack,Pantry,81,2.24,1.36,0,7,
2025-01-28,P003,Instant Noodles 5-pack,Pantry,86,2.24,1.36,0,7,
2025-01-29,P003,Instant Noodles 5-pack,Pantry,107,2.24,1.36,0,7,
2025-01-30,P003,Instant Noodles 5-pack,Pantry,79,2.24,1.36,0,7,
2025-01-31,P003,Instant Noodles 5-pack,Pantry,68,2.24,1.36,0,7,
2025-02-01,P003,Instant Noodles 5-pack,Pantry,78,2.24,1.36,0,7,
2025-02-02,P003,Instant Noodles 5-pack,Pantry,97,2.24,1.36,0,7,
2025-02-03,P003,Instant Noodles 5-pack,Pantry,76,2.24,1.36,0,7,
2025-02-04,P003,Instant Noodles 5-pack,Pantry,78,2.24,1.36,0,7,
2025-02-05,P003,Instant Noodles 5-pack,Pantry,78,2.24,1.36,0,7,
2025-02-06,P003,Instant Noodles 5-pack,Pantry,78,2.24,1.36,0,7,
2025-02-07,P003,Instant Noodles 5-pack,Pantry,88,2.24,1.36,0,7,
2025-02-08,P003,Instant Noodles 5-pack,Pantry,114,2.24,1.36,0,7,
2025-02-09,P003,Instant Noodles 5-pack,Pantry,89,2.24,1.36,0,7,
2025-02-10,P003,Instant Noodles 5-pack,Pantry,93,2.24,1.36,0,7,
2025-02-11,P003,Instant Noodles 5-pack,Pantry,123,2.24,1.36,0,7,
2025-02-12,P003,Instant Noodles 5-pack,Pantry,67,2.24,1.36,0,7,
2025-02-13,P003,Instant Noodles 5-pack,Pantry,101,2.24,1.36,0,7,
2025-02-14,P003,Instant Noodles 5-pack,Pantry,76,2.24,1.36,0,7,
2025-02-15,P003,Instant Noodles 5-pack,Pantry,83,2.24,1.36,0,7,
2025-02-16,P003,Instant Noodles 5-pack,Pantry,115,2.24,1.36,0,7,
2025-02-17,P003,Instant Noodles 5-pack,Pantry,119,2.24,1.36,0,7,
2025-02-18,P003,Instant Noodles 5-pack,Pantry,71,2.24,1.36,0,7,
2025-02-19,P003,Instant Noodles 5-pack,Pantry,79,2.24,1.36,0,7,
2025-02-20,P003,Instant Noodles 5-pack,Pantry,87,2.24,1.36,0,7,
2025-02-21,P003,Instant Noodles 5-pack,Pantry,116,2.24,1.36,0,7,
2025-02-22,P003,Instant Noodles 5-pack,Pantry,121,2.24,1.36,0,7,
2025-02-23,P003,Instant Noodles 5-pack,Pantry,67,2.24,1.36,0,7,
2025-02-24,P003,Instant Noodles 5-pack,Pantry,90,2.24,1.36,0,7,
2025-02-25,P003,Instant Noodles 5-pack,Pantry,49,2.24,1.36,0,7,
2025-02-26,P003,Instant Noodles 5-pack,Pantry,92,2.24,1.36,0,7,
2025-02-27,P003,Instant Noodles 5-pack,Pantry,101,2.24,1.36,0,7,
2025-02-28,P003,Instant Noodles 5-pack,Pantry,75,2.24,1.36,0,7,
2025-03-01,P003,Instant Noodles 5-pack,Pantry,74,2.24,1.36,0,7,
2025-03-02,P003,Instant Noodles 5-pack,Pantry,92,2.24,1.36,0,7,
2025-03-03,P003,Instant Noodles 5-pack,Pantry,86,2.24,1.36,0,7,
2025-03-04,P003,Instant Noodles 5-pack,Pantry,78,2.24,1.36,0,7,
2025-03-05,P003,Instant Noodles 5-pack,Pantry,46,2.24,1.36,0,7,
2025-03-06,P003,Instant Noodles 5-pack,Pantry,52,2.24,1.36,0,7,
2025-03-07,P003,Instant Noodles 5-pack,Pantry,92,2.24,1.36,0,7,
2025-03-08,P003,Instant Noodles 5-pack,Pantry,96,2.25,1.36,0,7,
2025-03-09,P003,Instant Noodles 5-pack,Pantry,110,2.25,1.36,0,7,
2025-03-10,P003,Instant Noodles 5-pack,Pantry,86,2.25,1.36,0,7,
2025-03-11,P003,Instant Noodles 5-pack,Pantry,153,2.25,1.36,0,7,
2025-03-12,P003,Instant Noodles 5-pack,Pantry,35,2.25,1.36,0,7,
2025-03-13,P003,Instant Noodles 5-pack,Pantry,71,2.25,1.36,0,7,
2025-03-14,P003,Instant Noodles 5-pack,Pantry,82,2.25,1.36,0,7,
2025-03-15,P003,Instant Noodles 5-pack,Pantry,116,2.25,1.36,0,7,
2025-03-16,P003,Instant Noodles 5-pack,Pantry,103,2.25,1.36,0,7,
2025-03-17,P003,Instant Noodles 5-pack,Pantry,72,2.25,1.36,0,7,
2025-03-18,P003,Instant Noodles 5-pack,Pantry,51,2.25,1.36,0,7,
2025-03-19,P003,Instant Noodles 5-pack,Pantry,66,2.25,1.36,0,7,
2025-03-20,P003,Instant Noodles 5-pack,Pantry,70,2.25,1.36,0,7,
2025-03-21,P003,Instant Noodles 5-pack,Pantry,45,2.25,1.36,0,7,
2025-03-22,P003,Instant Noodles 5-pack,Pantry,83,2.25,1.36,0,7,
2025-03-23,P003,Instant Noodles 5-pack,Pantry,64,2.25,1.36,0,7,
2025-03-24,P003,Instant Noodles 5-pack,Pantry,109,2.25,1.36,0,7,
2025-03-25,P003,Instant Noodles 5-pack,Pantry,78,2.25,1.36,0,7,
2025-03-26,P003,Instant Noodles 5-pack,Pantry,81,2.25,1.36,0,7,
2025-03-27,P003,Instant Noodles 5-pack,Pantry,71,2.25,1.36,0,7,
2025-03-28,P003,Instant Noodles 5-pack,Pantry,89,2.25,1.36,0,7,
2025-03-29,P003,Instant Noodles 5-pack,Pantry,110,2.25,1.36,0,7,
2025-03-30,P003,Instant Noodles 5-pack,Pantry,114,2.25,1.36,0,7,
2025-03-31,P003,Instant Noodles 5-pack,Pantry,82,2.25,1.36,0,7,
2025-04-01,P003,Instant Noodles 5-pack,Pantry,44,2.25,1.36,0,7,
2025-04-02,P003,Instant Noodles 5-pack,Pantry,46,2.25,1.36,0,7,
2025-04-03,P003,Instant Noodles 5-pack,Pantry,85,2.25,1.36,0,7,
2025-04-04,P003,Instant Noodles 5-pack,Pantry,94,2.25,1.36,0,7,
2025-04-05,P003,Instant Noodles 5-pack,Pantry,99,2.25,1.36,0,7,
2025-04-06,P003,Instant Noodles 5-pack,Pantry,100,2.25,1.36,0,7,
2025-04-07,P003,Instant Noodles 5-pack,Pantry,71,2.25,1.36,0,7,
2025-04-08,P003,Instant Noodles 5-pack,Pantry,64,2.25,1.36,0,7,
2025-04-09,P003,Instant Noodles 5-pack,Pantry,96,2.25,1.36,0,7,
2025-04-10,P003,Instant Noodles 5-pack,Pantry,59,2.25,1.36,0,7,
2025-04-11,P003,Instant Noodles 5-pack,Pantry,66,2.25,1.36,0,7,
2025-04-12,P003,Instant Noodles 5-pack,Pantry,106,2.25,1.36,0,7,
2025-04-13,P003,Instant Noodles 5-pack,Pantry,99,2.25,1.36,0,7,
2025-04-14,P003,Instant Noodles 5-pack,Pantry,100,2.25,1.36,0,7,
2025-04-15,P003,Instant Noodles 5-pack,Pantry,64,2.25,1.36,0,7,
2025-04-16,P003,Instant Noodles 5-pack,Pantry,76,2.25,1.36,0,7,
2025-04-17,P003,Instant Noodles 5-pack,Pantry,55,2.25,1.36,0,7,
2025-04-18,P003,Instant Noodles 5-pack,Pantry,37,2.25,1.36,0,7,
2025-04-19,P003,Instant Noodles 5-pack,Pantry,96,2.25,1.36,0,7,
2025-04-20,P003,Instant Noodles 5-pack,Pantry,99,2.25,1.36,0,7,
2025-04-21,P003,Instant Noodles 5-pack,Pantry,103,2.25,1.36,0,7,
2025-04-22,P003,Instant Noodles 5-pack,Pantry,51,2.25,1.36,0,7,
2025-04-23,P003,Instant Noodles 5-pack,Pantry,79,2.25,1.36,0,7,
2025-04-24,P003,Instant Noodles 5-pack,Pantry,81,2.25,1.36,0,7,
2025-04-25,P003,Instant Noodles 5-pack,Pantry,87,2.25,1.36,0,7,
2025-04-26,P003,Instant Noodles 5-pack,Pantry,84,2.25,1.36,0,7,
2025-04-27,P003,Instant Noodles 5-pack,Pantry,131,2.25,1.36,0,7,
2025-04-28,P003,Instant Noodles 5-pack,Pantry,94,2.25,1.36,0,7,
2025-04-29,P003,Instant Noodles 5-pack,Pantry,110,2.25,1.36,0,7,
2025-04-30,P003,Instant Noodles 5-pack,Pantry,77,2.25,1.36,0,7,
2025-05-01,P003,Instant Noodles 5-pack,Pantry,64,2.25,1.36,0,7,
2025-05-02,P003,Instant Noodles 5-pack,Pantry,129,1.92,1.36,1,7,
2025-05-03,P003,Instant Noodles 5-pack,Pantry,204,1.92,1.36,1,7,
2025-05-04,P003,Instant Noodles 5-pack,Pantry,124,1.92,1.36,1,7,
2025-05-05,P003,Instant Noodles 5-pack,Pantry,69,1.92,1.36,1,7,
2025-05-06,P003,Instant Noodles 5-pack,Pantry,43,2.26,1.36,0,7,
2025-05-07,P003,Instant Noodles 5-pack,Pantry,73,2.26,1.36,0,7,
2025-05-08,P003,Instant Noodles 5-pack,Pantry,68,2.26,1.36,0,7,
2025-05-09,P003,Instant Noodles 5-pack,Pantry,67,2.26,1.36,0,7,
2025-05-10,P003,Instant Noodles 5-pack,Pantry,79,2.26,1.36,0,7,
2025-05-11,P003,Instant Noodles 5-pack,Pantry,98,2.26,1.36,0,7,
2025-05-12,P003,Instant Noodles 5-pack,Pantry,83,2.26,1.36,0,7,
2025-05-13,P003,Instant Noodles 5-pack,Pantry,74,2.26,1.36,0,7,
2025-05-14,P003,Instant Noodles 5-pack,Pantry,64,2.26,1.36,0,7,
2025-05-15,P003,Instant Noodles 5-pack,Pantry,67,2.26,1.36,0,7,
2025-05-16,P003,Instant Noodles 5-pack,Pantry,74,2.26,1.36,0,7,
2025-05-17,P003,Instant Noodles 5-pack,Pantry,52,2.26,1.36,0,7,
2025-05-18,P003,Instant Noodles 5-pack,Pantry,84,2.26,1.36,0,7,
2025-05-19,P003,Instant Noodles 5-pack,Pantry,55,2.26,1.36,0,7,
2025-05-20,P003,Instant Noodles 5-pack,Pantry,79,2.26,1.36,0,7,
2025-05-21,P003,Instant Noodles 5-pack,Pantry,63,2.26,1.36,0,7,
2025-05-22,P003,Instant Noodles 5-pack,Pantry,127,2.26,1.36,0,7,
2025-05-23,P003,Instant Noodles 5-pack,Pantry,100,2.26,1.36,0,7,
2025-05-24,P003,Instant Noodles 5-pack,Pantry,64,2.26,1.36,0,7,
2025-05-25,P003,Instant Noodles 5-pack,Pantry,97,2.26,1.36,0,7,
2025-05-26,P003,Instant Noodles 5-pack,Pantry,91,2.26,1.36,0,7,
2025-05-27,P003,Instant Noodles 5-pack,Pantry,69,2.26,1.36,0,7,
2025-05-28,P003,Instant Noodles 5-pack,Pantry,89,2.26,1.36,0,7,
2025-05-29,P003,Instant Noodles 5-pack,Pantry,48,2.26,1.36,0,7,
2025-05-30,P003,Instant Noodles 5-pack,Pantry,82,2.26,1.36,0,7,
2025-05-31,P003,Instant Noodles 5-pack,Pantry,82,2.26,1.36,0,7,
2025-06-01,P003,Instant Noodles 5-pack,Pantry,69,2.26,1.36,0,7,
2025-06-02,P003,Instant Noodles 5-pack,Pantry,88,2.26,1.36,0,7,
2025-06-03,P003,Instant Noodles 5-pack,Pantry,87,2.26,1.36,0,7,
2025-06-04,P003,Instant Noodles 5-pack,Pantry,89,2.26,1.36,0,7,
2025-06-05,P003,Instant Noodles 5-pack,Pantry,86,2.26,1.36,0,7,
2025-06-06,P003,Instant Noodles 5-pack,Pantry,59,2.26,1.36,0,7,
2025-06-07,P003,Instant Noodles 5-pack,Pantry,89,2.26,1.36,0,7,
2025-06-08,P003,Instant Noodles 5-pack,Pantry,100,2.26,1.36,0,7,
2025-06-09,P003,Instant Noodles 5-pack,Pantry,76,2.26,1.36,0,7,
2025-06-10,P003,Instant Noodles 5-pack,Pantry,101,2.26,1.36,0,7,
2025-06-11,P003,Instant Noodles 5-pack,Pantry,71,2.26,1.36,0,7,
2025-06-12,P003,Instant Noodles 5-pack,Pantry,73,2.26,1.36,0,7,
2025-06-13,P003,Instant Noodles 5-pack,Pantry,55,2.26,1.36,0,7,
2025-06-14,P003,Instant Noodles 5-pack,Pantry,100,2.26,1.36,0,7,
2025-06-15,P003,Instant Noodles 5-pack,Pantry,134,1.92,1.36,1,7,
2025-06-16,P003,Instant Noodles 5-pack,Pantry,153,1.92,1.36,1,7,
2025-06-17,P003,Instant Noodles 5-pack,Pantry,137,1.92,1.36,1,7,
2025-06-18,P003,Instant Noodles 5-pack,Pantry,89,1.92,1.36,1,7,
2025-06-19,P003,Instant Noodles 5-pack,Pantry,88,2.26,1.36,0,7,
2025-06-20,P003,Instant Noodles 5-pack,Pantry,82,2.26,1.36,0,7,
2025-06-21,P003,Instant Noodles 5-pack,Pantry,93,2.26,1.36,0,7,
2025-06-22,P003,Instant Noodles 5-pack,Pantry,98,2.26,1.36,0,7,
2025-06-23,P003,Instant Noodles 5-pack,Pantry,66,2.26,1.36,0,7,
2025-06-24,P003,Instant Noodles 5-pack,Pantry,118,2.26,1.36,0,7,
2025-06-25,P003,Instant Noodles 5-pack,Pantry,92,2.26,1.36,0,7,
2025-06-26,P003,Instant Noodles 5-pack,Pantry,59,2.27,1.36,0,7,
2025-06-27,P003,Instant Noodles 5-pack,Pantry,59,2.27,1.36,0,7,
2025-06-28,P003,Instant Noodles 5-pack,Pantry,129,2.27,1.36,0,7,
2025-06-29,P003,Instant Noodles 5-pack,Pantry,87,2.27,1.36,0,7,
2025-06-30,P003,Instant Noodles 5-pack,Pantry,55,2.27,1.36,0,7,
2025-07-01,P003,Instant Noodles 5-pack,Pantry,44,2.27,1.36,0,7,
2025-07-02,P003,Instant Noodles 5-pack,Pantry,68,2.27,1.36,0,7,
2025-07-03,P003,Instant Noodles 5-pack,Pantry,42,2.27,1.36,0,7,
2025-07-04,P003,Instant Noodles 5-pack,Pantry,55,2.27,1.36,0,7,
2025-07-05,P003,Instant Noodles 5-pack,Pantry,74,2.27,1.36,0,7,
2025-07-06,P003,Instant Noodles 5-pack,Pantry,89,2.27,1.36,0,7,
2025-07-07,P003,Instant Noodles 5-pack,Pantry,81,2.27,1.36,0,7,
2025-07-08,P003,Instant Noodles 5-pack,Pantry,77,2.27,1.36,0,7,
2025-07-09,P003,Instant Noodles 5-pack,Pantry,66,2.27,1.36,0,7,
2025-07-10,P003,Instant Noodles 5-pack,Pantry,61,2.27,1.36,0,7,
2025-07-11,P003,Instant Noodles 5-pack,Pantry,94,2.27,1.36,0,7,
2025-07-12,P003,Instant Noodles 5-pack,Pantry,88,2.27,1.36,0,7,
2025-07-13,P003,Instant Noodles 5-pack,Pantry,90,2.27,1.36,0,7,
2025-07-14,P003,Instant Noodles 5-pack,Pantry,67,2.27,1.36,0,7,
2025-07-15,P003,Instant Noodles 5-pack,Pantry,71,2.27,1.36,0,7,
2025-07-16,P003,Instant Noodles 5-pack,Pantry,84,2.27,1.36,0,7,
2025-07-17,P003,Instant Noodles 5-pack,Pantry,75,2.27,1.36,0,7,
2025-07-18,P003,Instant Noodles 5-pack,Pantry,52,2.27,1.36,0,7,
2025-07-19,P003,Instant Noodles 5-pack,Pantry,119,2.27,1.36,0,7,
2025-07-20,P003,Instant Noodles 5-pack,Pantry,71,2.27,1.36,0,7,
2025-07-21,P003,Instant Noodles 5-pack,Pantry,63,2.27,1.36,0,7,
2025-07-22,P003,Instant Noodles 5-pack,Pantry,111,2.27,1.36,0,7,
2025-07-23,P003,Instant Noodles 5-pack,Pantry,61,2.27,1.36,0,7,
2025-07-24,P003,Instant Noodles 5-pack,Pantry,75,2.27,1.36,0,7,
2025-07-25,P003,Instant Noodles 5-pack,Pantry,71,2.27,1.36,0,7,
2025-07-26,P003,Instant Noodles 5-pack,Pantry,168,2.27,1.36,0,7,
2025-07-27,P003,Instant Noodles 5-pack,Pantry,160,2.27,1.36,0,7,
2025-07-28,P003,Instant Noodles 5-pack,Pantry,73,2.27,1.36,0,7,
2025-07-29,P003,Instant Noodles 5-pack,Pantry,70,2.27,1.36,0,7,
2025-07-30,P003,Instant Noodles 5-pack,Pantry,47,2.27,1.36,0,7,
2025-07-31,P003,Instant Noodles 5-pack,Pantry,59,2.27,1.36,0,7,
2025-08-01,P003,Instant Noodles 5-pack,Pantry,65,2.27,1.36,0,7,
2025-08-02,P003,Instant Noodles 5-pack,Pantry,89,2.27,1.36,0,7,
2025-08-03,P003,Instant Noodles 5-pack,Pantry,98,2.27,1.36,0,7,
2025-08-04,P003,Instant Noodles 5-pack,Pantry,85,2.27,1.36,0,7,
2025-08-05,P003,Instant Noodles 5-pack,Pantry,53,2.27,1.36,0,7,
2025-08-06,P003,Instant Noodles 5-pack,Pantry,108,2.27,1.36,0,7,
2025-08-07,P003,Instant Noodles 5-pack,Pantry,43,2.27,1.36,0,7,
2025-08-08,P003,Instant Noodles 5-pack,Pantry,77,2.27,1.36,0,7,
2025-08-09,P003,Instant Noodles 5-pack,Pantry,90,2.27,1.36,0,7,
2025-08-10,P003,Instant Noodles 5-pack,Pantry,109,2.27,1.36,0,7,
2025-08-11,P003,Instant Noodles 5-pack,Pantry,48,2.27,1.36,0,7,
2025-08-12,P003,Instant Noodles 5-pack,Pantry,58,2.27,1.36,0,7,
2025-08-13,P003,Instant Noodles 5-pack,Pantry,96,2.27,1.36,0,7,
2025-08-14,P003,Instant Noodles 5-pack,Pantry,98,2.27,1.36,0,7,
2025-08-15,P003,Instant Noodles 5-pack,Pantry,58,2.27,1.36,0,7,
2025-08-16,P003,Instant Noodles 5-pack,Pantry,122,2.27,1.36,0,7,
2025-08-17,P003,Instant Noodles 5-pack,Pantry,199,2.27,1.36,0,7,
2025-08-18,P003,Instant Noodles 5-pack,Pantry,64,2.27,1.36,0,7,
2025-08-19,P003,Instant Noodles 5-pack,Pantry,73,2.27,1.36,0,7,
2025-08-20,P003,Instant Noodles 5-pack,Pantry,54,2.27,1.36,0,7,
2025-08-21,P003,Instant Noodles 5-pack,Pantry,102,1.93,1.36,1,7,
2025-08-22,P003,Instant Noodles 5-pack,Pantry,109,1.93,1.36,1,7,
2025-08-23,P003,Instant Noodles 5-pack,Pantry,118,1.93,1.36,1,7,
2025-08-24,P003,Instant Noodles 5-pack,Pantry,134,2.28,1.36,0,7,
2025-08-25,P003,Instant Noodles 5-pack,Pantry,55,2.28,1.36,0,7,
2025-08-26,P003,Instant Noodles 5-pack,Pantry,69,2.28,1.36,0,7,
2025-08-27,P003,Instant Noodles 5-pack,Pantry,66,2.28,1.36,0,7,
2025-08-28,P003,Instant Noodles 5-pack,Pantry,96,2.28,1.36,0,7,
2025-08-29,P003,Instant Noodles 5-pack,Pantry,93,2.28,1.36,0,7,
2025-08-30,P003,Instant Noodles 5-pack,Pantry,78,2.28,1.36,0,7,
2025-08-31,P003,Instant Noodles 5-pack,Pantry,121,2.28,1.36,0,7,
2025-09-01,P003,Instant Noodles 5-pack,Pantry,107,2.28,1.36,0,7,
2025-09-02,P003,Instant Noodles 5-pack,Pantry,43,2.28,1.36,0,7,
2025-09-03,P003,Instant Noodles 5-pack,Pantry,65,2.28,1.36,0,7,
2025-09-04,P003,Instant Noodles 5-pack,Pantry,131,2.28,1.36,0,7,
2025-09-05,P003,Instant Noodles 5-pack,Pantry,57,2.28,1.36,0,7,
2025-09-06,P003,Instant Noodles 5-pack,Pantry,89,2.28,1.36,0,7,
2025-09-07,P003,Instant Noodles 5-pack,Pantry,78,2.28,1.36,0,7,
2025-09-08,P003,Instant Noodles 5-pack,Pantry,77,2.28,1.36,0,7,
2025-09-09,P003,Instant Noodles 5-pack,Pantry,78,2.28,1.36,0,7,
2025-09-10,P003,Instant Noodles 5-pack,Pantry,88,2.28,1.36,0,7,
2025-09-11,P003,Instant Noodles 5-pack,Pantry,89,2.28,1.36,0,7,
2025-09-12,P003,Instant Noodles 5-pack,Pantry,90,2.28,1.36,0,7,
2025-09-13,P003,Instant Noodles 5-pack,Pantry,113,2.28,1.36,0,7,
2025-09-14,P003,Instant Noodles 5-pack,Pantry,77,2.28,1.36,0,7,
2025-09-15,P003,Instant Noodles 5-pack,Pantry,73,2.28,1.36,0,7,
2025-09-16,P003,Instant Noodles 5-pack,Pantry,67,2.28,1.36,0,7,
2025-09-17,P003,Instant Noodles 5-pack,Pantry,106,2.28,1.36,0,7,
2025-09-18,P003,Instant Noodles 5-pack,Pantry,65,2.28,1.36,0,7,
2025-09-19,P003,Instant Noodles 5-pack,Pantry,92,2.28,1.36,0,7,
2025-09-20,P003,Instant Noodles 5-pack,Pantry,109,2.28,1.36,0,7,
2025-09-21,P003,Instant Noodles 5-pack,Pantry,81,2.28,1.36,0,7,
2025-09-22,P003,Instant Noodles 5-pack,Pantry,58,2.28,1.36,0,7,
2025-09-23,P003,Instant Noodles 5-pack,Pantry,87,2.28,1.36,0,7,
2025-09-24,P003,Instant Noodles 5-pack,Pantry,51,2.28,1.36,0,7,
2025-09-25,P003,Instant Noodles 5-pack,Pantry,80,2.28,1.36,0,7,
2025-09-26,P003,Instant Noodles 5-pack,Pantry,95,2.28,1.36,0,7,
2025-09-27,P003,Instant Noodles 5-pack,Pantry,66,2.28,1.36,0,7,
2025-09-28,P003,Instant Noodles 5-pack,Pantry,92,2.28,1.36,0,7,
2025-09-29,P003,Instant Noodles 5-pack,Pantry,67,2.28,1.36,0,7,
2025-09-30,P003,Instant Noodles 5-pack,Pantry,112,2.28,1.36,0,7,
2025-10-01,P003,Instant Noodles 5-pack,Pantry,95,2.28,1.36,0,7,
2025-10-02,P003,Instant Noodles 5-pack,Pantry,57,2.28,1.36,0,7,
2025-10-03,P003,Instant Noodles 5-pack,Pantry,79,2.28,1.36,0,7,
2025-10-04,P003,Instant Noodles 5-pack,Pantry,93,2.28,1.36,0,7,
2025-10-05,P003,Instant Noodles 5-pack,Pantry,120,2.28,1.36,0,7,
2025-10-06,P003,Instant Noodles 5-pack,Pantry,96,2.28,1.36,0,7,
2025-10-07,P003,Instant Noodles 5-pack,Pantry,68,2.28,1.36,0,7,
2025-10-08,P003,Instant Noodles 5-pack,Pantry,94,2.28,1.36,0,7,
2025-10-09,P003,Instant Noodles 5-pack,Pantry,89,2.28,1.36,0,7,
2025-10-10,P003,Instant Noodles 5-pack,Pantry,87,2.28,1.36,0,7,
2025-10-11,P003,Instant Noodles 5-pack,Pantry,127,2.28,1.36,0,7,
2025-10-12,P003,Instant Noodles 5-pack,Pantry,80,2.28,1.36,0,7,
2025-10-13,P003,Instant Noodles 5-pack,Pantry,105,2.28,1.36,0,7,
2025-10-14,P003,Instant Noodles 5-pack,Pantry,157,2.28,1.36,0,7,
2025-10-15,P003,Instant Noodles 5-pack,Pantry,81,2.29,1.36,0,7,
2025-10-16,P003,Instant Noodles 5-pack,Pantry,77,2.29,1.36,0,7,
2025-10-17,P003,Instant Noodles 5-pack,Pantry,95,2.29,1.36,0,7,
2025-10-18,P003,Instant Noodles 5-pack,Pantry,100,2.29,1.36,0,7,
2025-10-19,P003,Instant Noodles 5-pack,Pantry,65,2.29,1.36,0,7,
2025-10-20,P003,Instant Noodles 5-pack,Pantry,99,2.29,1.36,0,7,
2025-10-21,P003,Instant Noodles 5-pack,Pantry,83,2.29,1.36,0,7,
2025-10-22,P003,Instant Noodles 5-pack,Pantry,70,2.29,1.36,0,7,
2025-10-23,P003,Instant Noodles 5-pack,Pantry,104,2.29,1.36,0,7,
2025-10-24,P003,Instant Noodles 5-pack,Pantry,113,2.29,1.36,0,7,
2025-10-25,P003,Instant Noodles 5-pack,Pantry,85,2.29,1.36,0,7,
2025-10-26,P003,Instant Noodles 5-pack,Pantry,121,2.29,1.36,0,7,
2025-10-27,P003,Instant Noodles 5-pack,Pantry,70,2.29,1.36,0,7,
2025-10-28,P003,Instant Noodles 5-pack,Pantry,82,2.29,1.36,0,7,
2025-10-29,P003,Instant Noodles 5-pack,Pantry,102,2.29,1.36,0,7,
2025-10-30,P003,Instant Noodles 5-pack,Pantry,93,2.29,1.36,0,7,
2025-10-31,P003,Instant Noodles 5-pack,Pantry,108,2.29,1.36,0,7,
2025-11-01,P003,Instant Noodles 5-pack,Pantry,104,2.29,1.36,0,7,
2025-11-02,P003,Instant Noodles 5-pack,Pantry,120,2.29,1.36,0,7,
2025-11-03,P003,Instant Noodles 5-pack,Pantry,89,2.29,1.36,0,7,
2025-11-04,P003,Instant Noodles 5-pack,Pantry,71,2.29,1.36,0,7,
2025-11-05,P003,Instant Noodles 5-pack,Pantry,149,1.95,1.36,1,7,
2025-11-06,P003,Instant Noodles 5-pack,Pantry,130,1.95,1.36,1,7,
2025-11-07,P003,Instant Noodles 5-pack,Pantry,187,1.95,1.36,1,7,
2025-11-08,P003,Instant Noodles 5-pack,Pantry,230,1.95,1.36,1,7,
2025-11-09,P003,Instant Noodles 5-pack,Pantry,228,1.95,1.36,1,7,
2025-11-10,P003,Instant Noodles 5-pack,Pantry,109,2.29,1.36,0,7,
2025-11-11,P003,Instant Noodles 5-pack,Pantry,64,2.29,1.36,0,7,
2025-11-12,P003,Instant Noodles 5-pack,Pantry,78,2.29,1.36,0,7,
2025-11-13,P003,Instant Noodles 5-pack,Pantry,86,2.29,1.36,0,7,
2025-11-14,P003,Instant Noodles 5-pack,Pantry,101,2.29,1.36,0,7,
2025-11-15,P003,Instant Noodles 5-pack,Pantry,193,1.95,1.36,1,7,
2025-11-16,P003,Instant Noodles 5-pack,Pantry,137,1.95,1.36,1,7,
2025-11-17,P003,Instant Noodles 5-pack,Pantry,151,1.95,1.36,1,7,
2025-11-18,P003,Instant Noodles 5-pack,Pantry,151,1.95,1.36,1,7,
2025-11-19,P003,Instant Noodles 5-pack,Pantry,139,1.95,1.36,1,7,
2025-11-20,P003,Instant Noodles 5-pack,Pantry,120,1.95,1.36,1,7,
2025-11-21,P003,Instant Noodles 5-pack,Pantry,102,2.29,1.36,0,7,
2025-11-22,P003,Instant Noodles 5-pack,Pantry,91,2.29,1.36,0,7,
2025-11-23,P003,Instant Noodles 5-pack,Pantry,85,2.29,1.36,0,7,
2025-11-24,P003,Instant Noodles 5-pack,Pantry,87,2.29,1.36,0,7,
2025-11-25,P003,Instant Noodles 5-pack,Pantry,52,2.29,1.36,0,7,
2025-11-26,P003,Instant Noodles 5-pack,Pantry,62,2.29,1.36,0,7,
2025-11-27,P003,Instant Noodles 5-pack,Pantry,113,2.29,1.36,0,7,
2025-11-28,P003,Instant Noodles 5-pack,Pantry,81,2.29,1.36,0,7,
2025-11-29,P003,Instant Noodles 5-pack,Pantry,96,2.29,1.36,0,7,
2025-11-30,P003,Instant Noodles 5-pack,Pantry,137,2.29,1.36,0,7,
2025-12-01,P003,Instant Noodles 5-pack,Pantry,85,2.29,1.36,0,7,
2025-12-02,P003,Instant Noodles 5-pack,Pantry,64,2.29,1.36,0,7,
2025-12-03,P003,Instant Noodles 5-pack,Pantry,84,2.29,1.36,0,7,
2025-12-04,P003,Instant Noodles 5-pack,Pantry,104,2.29,1.36,0,7,
2025-12-05,P003,Instant Noodles 5-pack,Pantry,83,2.29,1.36,0,7,
2025-12-06,P003,Instant Noodles 5-pack,Pantry,80,2.29,1.36,0,7,
2025-12-07,P003,Instant Noodles 5-pack,Pantry,78,2.29,1.36,0,7,
2025-12-08,P003,Instant Noodles 5-pack,Pantry,54,2.29,1.36,0,7,
2025-12-09,P003,Instant Noodles 5-pack,Pantry,59,2.3,1.36,0,7,
2025-12-10,P003,Instant Noodles 5-pack,Pantry,50,2.3,1.36,0,7,
2025-12-11,P003,Instant Noodles 5-pack,Pantry,77,2.3,1.36,0,7,
2025-12-12,P003,Instant Noodles 5-pack,Pantry,97,2.3,1.36,0,7,
2025-12-13,P003,Instant Noodles 5-pack,Pantry,92,2.3,1.36,0,7,
2025-12-14,P003,Instant Noodles 5-pack,Pantry,111,2.3,1.36,0,7,
2025-12-15,P003,Instant Noodles 5-pack,Pantry,108,2.3,1.36,0,7,
2025-12-16,P003,Instant Noodles 5-pack,Pantry,111,2.3,1.36,0,7,
2025-12-17,P003,Instant Noodles 5-pack,Pantry,90,2.3,1.36,0,7,
2025-12-18,P003,Instant Noodles 5-pack,Pantry,73,2.3,1.36,0,7,
2025-12-19,P003,Instant Noodles 5-pack,Pantry,65,2.3,1.36,0,7,
2025-12-20,P003,Instant Noodles 5-pack,Pantry,86,2.3,1.36,0,7,
2025-12-21,P003,Instant Noodles 5-pack,Pantry,95,2.3,1.36,0,7,
2025-12-22,P003,Instant Noodles 5-pack,Pantry,63,2.3,1.36,0,7,
2025-12-23,P003,Instant Noodles 5-pack,Pantry,99,2.3,1.36,0,7,
2025-12-24,P003,Instant Noodles 5-pack,Pantry,71,2.3,1.36,0,7,
2025-12-25,P003,Instant Noodles 5-pack,Pantry,83,2.3,1.36,0,7,
2025-12-26,P003,Instant Noodles 5-pack,Pantry,76,2.3,1.36,0,7,
2025-12-27,P003,Instant Noodles 5-pack,Pantry,87,2.3,1.36,0,7,
2025-12-28,P003,Instant Noodles 5-pack,Pantry,99,2.3,1.36,0,7,
2025-12-29,P003,Instant Noodles 5-pack,Pantry,89,2.3,1.36,0,7,
2025-12-30,P003,Instant Noodles 5-pack,Pantry,94,2.3,1.36,0,7,
2025-12-31,P003,Instant Noodles 5-pack,Pantry,103,2.3,1.36,0,7,
2026-01-01,P003,Instant Noodles 5-pack,Pantry,68,2.3,1.36,0,7,
2026-01-02,P003,Instant Noodles 5-pack,Pantry,65,2.3,1.36,0,7,
2026-01-03,P003,Instant Noodles 5-pack,Pantry,142,2.3,1.36,0,7,
2026-01-04,P003,Instant Noodles 5-pack,Pantry,81,2.3,1.36,0,7,
2026-01-05,P003,Instant Noodles 5-pack,Pantry,130,1.95,1.36,1,7,
2026-01-06,P003,Instant Noodles 5-pack,Pantry,194,1.96,1.36,1,7,
2026-01-07,P003,Instant Noodles 5-pack,Pantry,101,1.96,1.36,1,7,
2026-01-08,P003,Instant Noodles 5-pack,Pantry,114,1.96,1.36,1,7,
2026-01-09,P003,Instant Noodles 5-pack,Pantry,134,1.96,1.36,1,7,
2026-01-10,P003,Instant Noodles 5-pack,Pantry,210,1.96,1.36,1,7,
2026-01-11,P003,Instant Noodles 5-pack,Pantry,179,1.96,1.36,1,7,
2026-01-12,P003,Instant Noodles 5-pack,Pantry,52,2.3,1.36,0,7,
2026-01-13,P003,Instant Noodles 5-pack,Pantry,127,2.3,1.36,0,7,
2026-01-14,P003,Instant Noodles 5-pack,Pantry,106,2.3,1.36,0,7,
2026-01-15,P003,Instant Noodles 5-pack,Pantry,110,2.3,1.36,0,7,
2026-01-16,P003,Instant Noodles 5-pack,Pantry,73,2.3,1.36,0,7,
2026-01-17,P003,Instant Noodles 5-pack,Pantry,111,2.3,1.36,0,7,
2026-01-18,P003,Instant Noodles 5-pack,Pantry,69,2.3,1.36,0,7,
2026-01-19,P003,Instant Noodles 5-pack,Pantry,92,2.3,1.36,0,7,
2026-01-20,P003,Instant Noodles 5-pack,Pantry,83,2.3,1.36,0,7,
2026-01-21,P003,Instant Noodles 5-pack,Pantry,69,2.3,1.36,0,7,
2026-01-22,P003,Instant Noodles 5-pack,Pantry,67,2.3,1.36,0,7,
2026-01-23,P003,Instant Noodles 5-pack,Pantry,55,2.3,1.36,0,7,
2026-01-24,P003,Instant Noodles 5-pack,Pantry,105,2.3,1.36,0,7,
2026-01-25,P003,Instant Noodles 5-pack,Pantry,133,2.3,1.36,0,7,
2026-01-26,P003,Instant Noodles 5-pack,Pantry,81,2.3,1.36,0,7,
2026-01-27,P003,Instant Noodles 5-pack,Pantry,75,2.3,1.36,0,7,
2026-01-28,P003,Instant Noodles 5-pack,Pantry,53,2.3,1.36,0,7,
2026-01-29,P003,Instant Noodles 5-pack,Pantry,121,2.3,1.36,0,7,
2026-01-30,P003,Instant Noodles 5-pack,Pantry,80,2.3,1.36,0,7,
2026-01-31,P003,Instant Noodles 5-pack,Pantry,133,2.3,1.36,0,7,
2026-02-01,P003,Instant Noodles 5-pack,Pantry,96,2.3,1.36,0,7,
2026-02-02,P003,Instant Noodles 5-pack,Pantry,85,2.3,1.36,0,7,
2026-02-03,P003,Instant Noodles 5-pack,Pantry,86,2.31,1.36,0,7,
2026-02-04,P003,Instant Noodles 5-pack,Pantry,121,2.31,1.36,0,7,
2026-02-05,P003,Instant Noodles 5-pack,Pantry,83,2.31,1.36,0,7,
2026-02-06,P003,Instant Noodles 5-pack,Pantry,70,2.31,1.36,0,7,
2026-02-07,P003,Instant Noodles 5-pack,Pantry,89,2.31,1.36,0,7,
2026-02-08,P003,Instant Noodles 5-pack,Pantry,88,2.31,1.36,0,7,
2026-02-09,P003,Instant Noodles 5-pack,Pantry,82,2.31,1.36,0,7,
2026-02-10,P003,Instant Noodles 5-pack,Pantry,52,2.31,1.36,0,7,
2026-02-11,P003,Instant Noodles 5-pack,Pantry,78,2.31,1.36,0,7,
2026-02-12,P003,Instant Noodles 5-pack,Pantry,55,2.31,1.36,0,7,
2026-02-13,P003,Instant Noodles 5-pack,Pantry,74,2.31,1.36,0,7,
2026-02-14,P003,Instant Noodles 5-pack,Pantry,114,2.31,1.36,0,7,
2026-02-15,P003,Instant Noodles 5-pack,Pantry,113,2.31,1.36,0,7,
2026-02-16,P003,Instant Noodles 5-pack,Pantry,85,2.31,1.36,0,7,
2026-02-17,P003,Instant Noodles 5-pack,Pantry,68,2.31,1.36,0,7,
2026-02-18,P003,Instant Noodles 5-pack,Pantry,76,2.31,1.36,0,7,
2026-02-19,P003,Instant Noodles 5-pack,Pantry,57,2.31,1.36,0,7,
2026-02-20,P003,Instant Noodles 5-pack,Pantry,71,2.31,1.36,0,7,
2026-02-21,P003,Instant Noodles 5-pack,Pantry,143,2.31,1.36,0,7,
2026-02-22,P003,Instant Noodles 5-pack,Pantry,84,2.31,1.36,0,7,
2026-02-23,P003,Instant Noodles 5-pack,Pantry,85,2.31,1.36,0,7,
2026-02-24,P003,Instant Noodles 5-pack,Pantry,106,2.31,1.36,0,7,
2026-02-25,P003,Instant Noodles 5-pack,Pantry,80,2.31,1.36,0,7,
2026-02-26,P003,Instant Noodles 5-pack,Pantry,51,2.31,1.36,0,7,
2026-02-27,P003,Instant Noodles 5-pack,Pantry,50,2.31,1.36,0,7,
2026-02-28,P003,Instant Noodles 5-pack,Pantry,92,2.31,1.36,0,7,
2026-03-01,P003,Instant Noodles 5-pack,Pantry,110,2.31,1.36,0,7,
2026-03-02,P003,Instant Noodles 5-pack,Pantry,70,2.31,1.36,0,7,
2026-03-03,P003,Instant Noodles 5-pack,Pantry,51,2.31,1.36,0,7,
2026-03-04,P003,Instant Noodles 5-pack,Pantry,102,2.31,1.36,0,7,
2026-03-05,P003,Instant Noodles 5-pack,Pantry,78,2.31,1.36,0,7,
2026-03-06,P003,Instant Noodles 5-pack,Pantry,106,2.31,1.36,0,7,
2026-03-07,P003,Instant Noodles 5-pack,Pantry,128,2.31,1.36,0,7,
2026-03-08,P003,Instant Noodles 5-pack,Pantry,119,2.31,1.36,0,7,
2026-03-09,P003,Instant Noodles 5-pack,Pantry,60,2.31,1.36,0,7,
2026-03-10,P003,Instant Noodles 5-pack,Pantry,75,2.31,1.36,0,7,
2026-03-11,P003,Instant Noodles 5-pack,Pantry,72,2.31,1.36,0,7,
2026-03-12,P003,Instant Noodles 5-pack,Pantry,92,2.31,1.36,0,7,
2026-03-13,P003,Instant Noodles 5-pack,Pantry,79,2.31,1.36,0,7,
2026-03-14,P003,Instant Noodles 5-pack,Pantry,105,2.31,1.36,0,7,
2026-03-15,P003,Instant Noodles 5-pack,Pantry,97,2.31,1.36,0,7,
2026-03-16,P003,Instant Noodles 5-pack,Pantry,61,2.31,1.36,0,7,
2026-03-17,P003,Instant Noodles 5-pack,Pantry,74,2.31,1.36,0,7,
2026-03-18,P003,Instant Noodles 5-pack,Pantry,69,2.31,1.36,0,7,
2026-03-19,P003,Instant Noodles 5-pack,Pantry,89,2.31,1.36,0,7,
2026-03-20,P003,Instant Noodles 5-pack,Pantry,38,2.31,1.36,0,7,
2026-03-21,P003,Instant Noodles 5-pack,Pantry,95,2.31,1.36,0,7,
2026-03-22,P003,Instant Noodles 5-pack,Pantry,84,2.31,1.36,0,7,
2026-03-23,P003,Instant Noodles 5-pack,Pantry,118,2.31,1.36,0,7,
2026-03-24,P003,Instant Noodles 5-pack,Pantry,82,2.31,1.36,0,7,
2026-03-25,P003,Instant Noodles 5-pack,Pantry,82,2.31,1.36,0,7,
2026-03-26,P003,Instant Noodles 5-pack,Pantry,103,2.31,1.36,0,7,
2026-03-27,P003,Instant Noodles 5-pack,Pantry,69,2.31,1.36,0,7,
2026-03-28,P003,Instant Noodles 5-pack,Pantry,84,2.31,1.36,0,7,
2026-03-29,P003,Instant Noodles 5-pack,Pantry,98,2.31,1.36,0,7,
2026-03-30,P003,Instant Noodles 5-pack,Pantry,62,2.32,1.36,0,7,
2026-03-31,P003,Instant Noodles 5-pack,Pantry,98,2.32,1.36,0,7,
2026-04-01,P003,Instant Noodles 5-pack,Pantry,79,2.32,1.36,0,7,
2026-04-02,P003,Instant Noodles 5-pack,Pantry,64,2.32,1.36,0,7,
2026-04-03,P003,Instant Noodles 5-pack,Pantry,84,2.32,1.36,0,7,
2026-04-04,P003,Instant Noodles 5-pack,Pantry,106,2.32,1.36,0,7,
2026-04-05,P003,Instant Noodles 5-pack,Pantry,83,2.32,1.36,0,7,
2026-04-06,P003,Instant Noodles 5-pack,Pantry,63,2.32,1.36,0,7,
2026-04-07,P003,Instant Noodles 5-pack,Pantry,58,2.32,1.36,0,7,
2026-04-08,P003,Instant Noodles 5-pack,Pantry,53,2.32,1.36,0,7,
2026-04-09,P003,Instant Noodles 5-pack,Pantry,116,2.32,1.36,0,7,
2026-04-10,P003,Instant Noodles 5-pack,Pantry,74,2.32,1.36,0,7,
2026-04-11,P003,Instant Noodles 5-pack,Pantry,121,2.32,1.36,0,7,
2026-04-12,P003,Instant Noodles 5-pack,Pantry,97,2.32,1.36,0,7,
2026-04-13,P003,Instant Noodles 5-pack,Pantry,88,2.32,1.36,0,7,
2026-04-14,P003,Instant Noodles 5-pack,Pantry,97,2.32,1.36,0,7,
2026-04-15,P003,Instant Noodles 5-pack,Pantry,87,2.32,1.36,0,7,
2026-04-16,P003,Instant Noodles 5-pack,Pantry,82,1.97,1.36,1,7,
2026-04-17,P003,Instant Noodles 5-pack,Pantry,132,1.97,1.36,1,7,
2026-04-18,P003,Instant Noodles 5-pack,Pantry,142,1.97,1.36,1,7,
2026-04-19,P003,Instant Noodles 5-pack,Pantry,151,1.97,1.36,1,7,
2026-04-20,P003,Instant Noodles 5-pack,Pantry,87,1.97,1.36,1,7,
2026-04-21,P003,Instant Noodles 5-pack,Pantry,147,1.97,1.36,1,7,
2026-04-22,P003,Instant Noodles 5-pack,Pantry,74,2.32,1.36,0,7,
2026-04-23,P003,Instant Noodles 5-pack,Pantry,69,2.32,1.36,0,7,
2026-04-24,P003,Instant Noodles 5-pack,Pantry,90,2.32,1.36,0,7,
2026-04-25,P003,Instant Noodles 5-pack,Pantry,99,2.32,1.36,0,7,
2026-04-26,P003,Instant Noodles 5-pack,Pantry,113,2.32,1.36,0,7,
2026-04-27,P003,Instant Noodles 5-pack,Pantry,78,2.32,1.36,0,7,
2026-04-28,P003,Instant Noodles 5-pack,Pantry,100,2.32,1.36,0,7,
2026-04-29,P003,Instant Noodles 5-pack,Pantry,112,2.32,1.36,0,7,
2026-04-30,P003,Instant Noodles 5-pack,Pantry,65,2.32,1.36,0,7,
2026-05-01,P003,Instant Noodles 5-pack,Pantry,38,2.32,1.36,0,7,
2026-05-02,P003,Instant Noodles 5-pack,Pantry,81,2.32,1.36,0,7,
2026-05-03,P003,Instant Noodles 5-pack,Pantry,77,2.32,1.36,0,7,
2026-05-04,P003,Instant Noodles 5-pack,Pantry,101,2.32,1.36,0,7,
2026-05-05,P003,Instant Noodles 5-pack,Pantry,67,2.32,1.36,0,7,
2026-05-06,P003,Instant Noodles 5-pack,Pantry,89,2.32,1.36,0,7,
2026-05-07,P003,Instant Noodles 5-pack,Pantry,102,2.32,1.36,0,7,
2026-05-08,P003,Instant Noodles 5-pack,Pantry,66,2.32,1.36,0,7,
2026-05-09,P003,Instant Noodles 5-pack,Pantry,71,2.32,1.36,0,7,
2026-05-10,P003,Instant Noodles 5-pack,Pantry,83,2.32,1.36,0,7,
2026-05-11,P003,Instant Noodles 5-pack,Pantry,39,2.32,1.36,0,7,
2026-05-12,P003,Instant Noodles 5-pack,Pantry,77,2.32,1.36,0,7,
2026-05-13,P003,Instant Noodles 5-pack,Pantry,79,2.32,1.36,0,7,
2026-05-14,P003,Instant Noodles 5-pack,Pantry,59,2.32,1.36,0,7,
2026-05-15,P003,Instant Noodles 5-pack,Pantry,43,2.32,1.36,0,7,
2026-05-16,P003,Instant Noodles 5-pack,Pantry,83,2.32,1.36,0,7,
2026-05-17,P003,Instant Noodles 5-pack,Pantry,68,2.32,1.36,0,7,
2026-05-18,P003,Instant Noodles 5-pack,Pantry,75,2.32,1.36,0,7,
2026-05-19,P003,Instant Noodles 5-pack,Pantry,85,2.32,1.36,0,7,
2026-05-20,P003,Instant Noodles 5-pack,Pantry,65,2.32,1.36,0,7,
2026-05-21,P003,Instant Noodles 5-pack,Pantry,70,2.32,1.36,0,7,
2026-05-22,P003,Instant Noodles 5-pack,Pantry,66,2.32,1.36,0,7,
2026-05-23,P003,Instant Noodles 5-pack,Pantry,59,2.32,1.36,0,7,
2026-05-24,P003,Instant Noodles 5-pack,Pantry,133,2.33,1.36,0,7,
2026-05-25,P003,Instant Noodles 5-pack,Pantry,63,2.33,1.36,0,7,
2026-05-26,P003,Instant Noodles 5-pack,Pantry,74,2.33,1.36,0,7,
2026-05-27,P003,Instant Noodles 5-pack,Pantry,56,2.33,1.36,0,7,
2026-05-28,P003,Instant Noodles 5-pack,Pantry,78,2.33,1.36,0,7,
2026-05-29,P003,Instant Noodles 5-pack,Pantry,36,2.33,1.36,0,7,
2026-05-30,P003,Instant Noodles 5-pack,Pantry,101,2.33,1.36,0,7,
2026-05-31,P003,Instant Noodles 5-pack,Pantry,91,2.33,1.36,0,7,
2026-06-01,P003,Instant Noodles 5-pack,Pantry,51,2.33,1.36,0,7,
2026-06-02,P003,Instant Noodles 5-pack,Pantry,64,2.33,1.36,0,7,
2026-06-03,P003,Instant Noodles 5-pack,Pantry,54,2.33,1.36,0,7,
2026-06-04,P003,Instant Noodles 5-pack,Pantry,76,2.33,1.36,0,7,
2026-06-05,P003,Instant Noodles 5-pack,Pantry,86,2.33,1.36,0,7,
2026-06-06,P003,Instant Noodles 5-pack,Pantry,87,2.33,1.36,0,7,
2026-06-07,P003,Instant Noodles 5-pack,Pantry,85,2.33,1.36,0,7,
2026-06-08,P003,Instant Noodles 5-pack,Pantry,48,2.33,1.36,0,7,
2026-06-09,P003,Instant Noodles 5-pack,Pantry,112,2.33,1.36,0,7,
2026-06-10,P003,Instant Noodles 5-pack,Pantry,61,2.33,1.36,0,7,
2026-06-11,P003,Instant Noodles 5-pack,Pantry,85,2.33,1.36,0,7,
2026-06-12,P003,Instant Noodles 5-pack,Pantry,85,2.33,1.36,0,7,
2026-06-13,P003,Instant Noodles 5-pack,Pantry,97,2.33,1.36,0,7,
2026-06-14,P003,Instant Noodles 5-pack,Pantry,76,2.33,1.36,0,7,
2026-06-15,P003,Instant Noodles 5-pack,Pantry,153,2.33,1.36,0,7,
2026-06-16,P003,Instant Noodles 5-pack,Pantry,58,2.33,1.36,0,7,
2026-06-17,P003,Instant Noodles 5-pack,Pantry,134,1.98,1.36,1,7,
2026-06-18,P003,Instant Noodles 5-pack,Pantry,156,1.98,1.36,1,7,
2026-06-19,P003,Instant Noodles 5-pack,Pantry,83,1.98,1.36,1,7,
2026-06-20,P003,Instant Noodles 5-pack,Pantry,206,1.98,1.36,1,7,
2026-06-21,P003,Instant Noodles 5-pack,Pantry,131,1.98,1.36,1,7,
2026-06-22,P003,Instant Noodles 5-pack,Pantry,123,1.98,1.36,1,7,
2026-06-23,P003,Instant Noodles 5-pack,Pantry,194,1.98,1.36,1,7,
2026-06-24,P003,Instant Noodles 5-pack,Pantry,62,2.33,1.36,0,7,
2026-06-25,P003,Instant Noodles 5-pack,Pantry,57,2.33,1.36,0,7,
2026-06-26,P003,Instant Noodles 5-pack,Pantry,88,2.33,1.36,0,7,
2026-06-27,P003,Instant Noodles 5-pack,Pantry,77,2.33,1.36,0,7,
2026-06-28,P003,Instant Noodles 5-pack,Pantry,75,2.33,1.36,0,7,
2026-06-29,P003,Instant Noodles 5-pack,Pantry,122,2.33,1.36,0,7,
2026-06-30,P003,Instant Noodles 5-pack,Pantry,63,2.33,1.36,0,7,879
2024-07-01,P004,Basmati Rice 5kg,Pantry,9,11.0,6.82,0,14,
2024-07-02,P004,Basmati Rice 5kg,Pantry,20,11.0,6.82,0,14,
2024-07-03,P004,Basmati Rice 5kg,Pantry,27,11.0,6.82,0,14,
2024-07-04,P004,Basmati Rice 5kg,Pantry,5,11.0,6.82,0,14,
2024-07-05,P004,Basmati Rice 5kg,Pantry,8,11.0,6.82,0,14,
2024-07-06,P004,Basmati Rice 5kg,Pantry,18,9.35,6.82,1,14,
2024-07-07,P004,Basmati Rice 5kg,Pantry,27,9.35,6.82,1,14,
2024-07-08,P004,Basmati Rice 5kg,Pantry,24,9.36,6.82,1,14,
2024-07-09,P004,Basmati Rice 5kg,Pantry,12,11.01,6.82,0,14,
2024-07-10,P004,Basmati Rice 5kg,Pantry,7,11.01,6.82,0,14,
2024-07-11,P004,Basmati Rice 5kg,Pantry,10,11.01,6.82,0,14,
2024-07-12,P004,Basmati Rice 5kg,Pantry,13,11.01,6.82,0,14,
2024-07-13,P004,Basmati Rice 5kg,Pantry,18,11.01,6.82,0,14,
2024-07-14,P004,Basmati Rice 5kg,Pantry,50,11.01,6.82,0,14,
2024-07-15,P004,Basmati Rice 5kg,Pantry,15,11.01,6.82,0,14,
2024-07-16,P004,Basmati Rice 5kg,Pantry,14,11.01,6.82,0,14,
2024-07-17,P004,Basmati Rice 5kg,Pantry,8,11.01,6.82,0,14,
2024-07-18,P004,Basmati Rice 5kg,Pantry,17,11.02,6.82,0,14,
2024-07-19,P004,Basmati Rice 5kg,Pantry,8,11.02,6.82,0,14,
2024-07-20,P004,Basmati Rice 5kg,Pantry,28,11.02,6.82,0,14,
2024-07-21,P004,Basmati Rice 5kg,Pantry,15,11.02,6.82,0,14,
2024-07-22,P004,Basmati Rice 5kg,Pantry,18,11.02,6.82,0,14,
2024-07-23,P004,Basmati Rice 5kg,Pantry,29,11.02,6.82,0,14,
2024-07-24,P004,Basmati Rice 5kg,Pantry,19,11.02,6.82,0,14,
2024-07-25,P004,Basmati Rice 5kg,Pantry,30,11.02,6.82,0,14,
2024-07-26,P004,Basmati Rice 5kg,Pantry,24,11.02,6.82,0,14,
2024-07-27,P004,Basmati Rice 5kg,Pantry,39,11.02,6.82,0,14,
2024-07-28,P004,Basmati Rice 5kg,Pantry,35,11.02,6.82,0,14,
2024-07-29,P004,Basmati Rice 5kg,Pantry,11,11.03,6.82,0,14,
2024-07-30,P004,Basmati Rice 5kg,Pantry,17,11.03,6.82,0,14,
2024-07-31,P004,Basmati Rice 5kg,Pantry,13,11.03,6.82,0,14,
2024-08-01,P004,Basmati Rice 5kg,Pantry,17,11.03,6.82,0,14,
2024-08-02,P004,Basmati Rice 5kg,Pantry,32,11.03,6.82,0,14,
2024-08-03,P004,Basmati Rice 5kg,Pantry,18,11.03,6.82,0,14,
2024-08-04,P004,Basmati Rice 5kg,Pantry,7,11.03,6.82,0,14,
2024-08-05,P004,Basmati Rice 5kg,Pantry,13,11.03,6.82,0,14,
2024-08-06,P004,Basmati Rice 5kg,Pantry,19,9.38,6.82,1,14,
2024-08-07,P004,Basmati Rice 5kg,Pantry,8,9.38,6.82,1,14,
2024-08-08,P004,Basmati Rice 5kg,Pantry,40,9.38,6.82,1,14,
2024-08-09,P004,Basmati Rice 5kg,Pantry,26,11.04,6.82,0,14,
2024-08-10,P004,Basmati Rice 5kg,Pantry,28,11.04,6.82,0,14,
2024-08-11,P004,Basmati Rice 5kg,Pantry,27,9.38,6.82,1,14,
2024-08-12,P004,Basmati Rice 5kg,Pantry,20,9.38,6.82,1,14,
2024-08-13,P004,Basmati Rice 5kg,Pantry,12,9.38,6.82,1,14,
2024-08-14,P004,Basmati Rice 5kg,Pantry,15,9.38,6.82,1,14,
2024-08-15,P004,Basmati Rice 5kg,Pantry,43,9.38,6.82,1,14,
2024-08-16,P004,Basmati Rice 5kg,Pantry,26,11.04,6.82,0,14,
2024-08-17,P004,Basmati Rice 5kg,Pantry,6,11.04,6.82,0,14,
2024-08-18,P004,Basmati Rice 5kg,Pantry,17,11.04,6.82,0,14,
2024-08-19,P004,Basmati Rice 5kg,Pantry,14,9.39,6.82,1,14,
2024-08-20,P004,Basmati Rice 5kg,Pantry,23,9.39,6.82,1,14,
2024-08-21,P004,Basmati Rice 5kg,Pantry,13,9.39,6.82,1,14,
2024-08-22,P004,Basmati Rice 5kg,Pantry,8,11.05,6.82,0,14,
2024-08-23,P004,Basmati Rice 5kg,Pantry,20,11.05,6.82,0,14,
2024-08-24,P004,Basmati Rice 5kg,Pantry,11,11.05,6.82,0,14,
2024-08-25,P004,Basmati Rice 5kg,Pantry,12,11.05,6.82,0,14,
2024-08-26,P004,Basmati Rice 5kg,Pantry,12,11.05,6.82,0,14,
2024-08-27,P004,Basmati Rice 5kg,Pantry,12,11.05,6.82,0,14,
2024-08-28,P004,Basmati Rice 5kg,Pantry,4,11.05,6.82,0,14,
2024-08-29,P004,Basmati Rice 5kg,Pantry,26,11.05,6.82,0,14,
2024-08-30,P004,Basmati Rice 5kg,Pantry,19,11.05,6.82,0,14,
2024-08-31,P004,Basmati Rice 5kg,Pantry,26,11.06,6.82,0,14,
2024-09-01,P004,Basmati Rice 5kg,Pantry,5,11.06,6.82,0,14,
2024-09-02,P004,Basmati Rice 5kg,Pantry,16,11.06,6.82,0,14,
2024-09-03,P004,Basmati Rice 5kg,Pantry,6,11.06,6.82,0,14,
2024-09-04,P004,Basmati Rice 5kg,Pantry,21,11.06,6.82,0,14,
2024-09-05,P004,Basmati Rice 5kg,Pantry,12,11.06,6.82,0,14,
2024-09-06,P004,Basmati Rice 5kg,Pantry,17,11.06,6.82,0,14,
2024-09-07,P004,Basmati Rice 5kg,Pantry,12,11.06,6.82,0,14,
2024-09-08,P004,Basmati Rice 5kg,Pantry,26,11.06,6.82,0,14,
2024-09-09,P004,Basmati Rice 5kg,Pantry,15,11.06,6.82,0,14,
2024-09-10,P004,Basmati Rice 5kg,Pantry,14,11.06,6.82,0,14,
2024-09-11,P004,Basmati Rice 5kg,Pantry,10,11.07,6.82,0,14,
2024-09-12,P004,Basmati Rice 5kg,Pantry,16,11.07,6.82,0,14,
2024-09-13,P004,Basmati Rice 5kg,Pantry,24,11.07,6.82,0,14,
2024-09-14,P004,Basmati Rice 5kg,Pantry,21,11.07,6.82,0,14,
2024-09-15,P004,Basmati Rice 5kg,Pantry,19,11.07,6.82,0,14,
2024-09-16,P004,Basmati Rice 5kg,Pantry,15,11.07,6.82,0,14,
2024-09-17,P004,Basmati Rice 5kg,Pantry,9,11.07,6.82,0,14,
2024-09-18,P004,Basmati Rice 5kg,Pantry,19,11.07,6.82,0,14,
2024-09-19,P004,Basmati Rice 5kg,Pantry,6,11.07,6.82,0,14,
2024-09-20,P004,Basmati Rice 5kg,Pantry,11,11.07,6.82,0,14,
2024-09-21,P004,Basmati Rice 5kg,Pantry,17,11.07,6.82,0,14,
2024-09-22,P004,Basmati Rice 5kg,Pantry,23,11.07,6.82,0,14,
2024-09-23,P004,Basmati Rice 5kg,Pantry,36,11.08,6.82,0,14,
2024-09-24,P004,Basmati Rice 5kg,Pantry,28,11.08,6.82,0,14,
2024-09-25,P004,Basmati Rice 5kg,Pantry,6,11.08,6.82,0,14,
2024-09-26,P004,Basmati Rice 5kg,Pantry,20,11.08,6.82,0,14,
2024-09-27,P004,Basmati Rice 5kg,Pantry,13,11.08,6.82,0,14,
2024-09-28,P004,Basmati Rice 5kg,Pantry,12,11.08,6.82,0,14,
2024-09-29,P004,Basmati Rice 5kg,Pantry,16,11.08,6.82,0,14,
2024-09-30,P004,Basmati Rice 5kg,Pantry,10,11.08,6.82,0,14,
2024-10-01,P004,Basmati Rice 5kg,Pantry,15,11.08,6.82,0,14,
2024-10-02,P004,Basmati Rice 5kg,Pantry,8,11.08,6.82,0,14,
2024-10-03,P004,Basmati Rice 5kg,Pantry,26,11.08,6.82,0,14,
2024-10-04,P004,Basmati Rice 5kg,Pantry,24,11.09,6.82,0,14,
2024-10-05,P004,Basmati Rice 5kg,Pantry,16,11.09,6.82,0,14,
2024-10-06,P004,Basmati Rice 5kg,Pantry,36,11.09,6.82,0,14,
2024-10-07,P004,Basmati Rice 5kg,Pantry,16,11.09,6.82,0,14,
2024-10-08,P004,Basmati Rice 5kg,Pantry,21,11.09,6.82,0,14,
2024-10-09,P004,Basmati Rice 5kg,Pantry,13,11.09,6.82,0,14,
2024-10-10,P004,Basmati Rice 5kg,Pantry,13,11.09,6.82,0,14,
2024-10-11,P004,Basmati Rice 5kg,Pantry,21,11.09,6.82,0,14,
2024-10-12,P004,Basmati Rice 5kg,Pantry,27,11.09,6.82,0,14,
2024-10-13,P004,Basmati Rice 5kg,Pantry,4,11.09,6.82,0,14,
2024-10-14,P004,Basmati Rice 5kg,Pantry,36,11.09,6.82,0,14,
2024-10-15,P004,Basmati Rice 5kg,Pantry,14,11.1,6.82,0,14,
2024-10-16,P004,Basmati Rice 5kg,Pantry,24,11.1,6.82,0,14,
2024-10-17,P004,Basmati Rice 5kg,Pantry,17,11.1,6.82,0,14,
2024-10-18,P004,Basmati Rice 5kg,Pantry,23,11.1,6.82,0,14,
2024-10-19,P004,Basmati Rice 5kg,Pantry,25,11.1,6.82,0,14,
2024-10-20,P004,Basmati Rice 5kg,Pantry,19,11.1,6.82,0,14,
2024-10-21,P004,Basmati Rice 5kg,Pantry,26,11.1,6.82,0,14,
2024-10-22,P004,Basmati Rice 5kg,Pantry,9,11.1,6.82,0,14,
2024-10-23,P004,Basmati Rice 5kg,Pantry,19,11.1,6.82,0,14,
2024-10-24,P004,Basmati Rice 5kg,Pantry,9,11.1,6.82,0,14,
2024-10-25,P004,Basmati Rice 5kg,Pantry,9,11.1,6.82,0,14,
2024-10-26,P004,Basmati Rice 5kg,Pantry,24,11.11,6.82,0,14,
2024-10-27,P004,Basmati Rice 5kg,Pantry,9,11.11,6.82,0,14,
2024-10-28,P004,Basmati Rice 5kg,Pantry,12,11.11,6.82,0,14,
2024-10-29,P004,Basmati Rice 5kg,Pantry,8,11.11,6.82,0,14,
2024-10-30,P004,Basmati Rice 5kg,Pantry,18,11.11,6.82,0,14,
2024-10-31,P004,Basmati Rice 5kg,Pantry,17,11.11,6.82,0,14,
2024-11-01,P004,Basmati Rice 5kg,Pantry,21,11.11,6.82,0,14,
2024-11-02,P004,Basmati Rice 5kg,Pantry,14,11.11,6.82,0,14,
2024-11-03,P004,Basmati Rice 5kg,Pantry,34,11.11,6.82,0,14,
2024-11-04,P004,Basmati Rice 5kg,Pantry,19,11.11,6.82,0,14,
2024-11-05,P004,Basmati Rice 5kg,Pantry,23,11.11,6.82,0,14,
2024-11-06,P004,Basmati Rice 5kg,Pantry,14,11.12,6.82,0,14,
2024-11-07,P004,Basmati Rice 5kg,Pantry,37,11.12,6.82,0,14,
2024-11-08,P004,Basmati Rice 5kg,Pantry,28,11.12,6.82,0,14,
2024-11-09,P004,Basmati Rice 5kg,Pantry,29,11.12,6.82,0,14,
2024-11-10,P004,Basmati Rice 5kg,Pantry,23,11.12,6.82,0,14,
2024-11-11,P004,Basmati Rice 5kg,Pantry,7,11.12,6.82,0,14,
2024-11-12,P004,Basmati Rice 5kg,Pantry,30,11.12,6.82,0,14,
2024-11-13,P004,Basmati Rice 5kg,Pantry,7,11.12,6.82,0,14,
2024-11-14,P004,Basmati Rice 5kg,Pantry,17,11.12,6.82,0,14,
2024-11-15,P004,Basmati Rice 5kg,Pantry,19,11.12,6.82,0,14,
2024-11-16,P004,Basmati Rice 5kg,Pantry,34,11.12,6.82,0,14,
2024-11-17,P004,Basmati Rice 5kg,Pantry,18,11.13,6.82,0,14,
2024-11-18,P004,Basmati Rice 5kg,Pantry,5,11.13,6.82,0,14,
2024-11-19,P004,Basmati Rice 5kg,Pantry,8,11.13,6.82,0,14,
2024-11-20,P004,Basmati Rice 5kg,Pantry,9,11.13,6.82,0,14,
2024-11-21,P004,Basmati Rice 5kg,Pantry,20,11.13,6.82,0,14,
2024-11-22,P004,Basmati Rice 5kg,Pantry,19,11.13,6.82,0,14,
2024-11-23,P004,Basmati Rice 5kg,Pantry,25,11.13,6.82,0,14,
2024-11-24,P004,Basmati Rice 5kg,Pantry,22,11.13,6.82,0,14,
2024-11-25,P004,Basmati Rice 5kg,Pantry,10,11.13,6.82,0,14,
2024-11-26,P004,Basmati Rice 5kg,Pantry,37,11.13,6.82,0,14,
2024-11-27,P004,Basmati Rice 5kg,Pantry,8,11.13,6.82,0,14,
2024-11-28,P004,Basmati Rice 5kg,Pantry,13,11.14,6.82,0,14,
2024-11-29,P004,Basmati Rice 5kg,Pantry,25,11.14,6.82,0,14,
2024-11-30,P004,Basmati Rice 5kg,Pantry,15,11.14,6.82,0,14,
2024-12-01,P004,Basmati Rice 5kg,Pantry,21,11.14,6.82,0,14,
2024-12-02,P004,Basmati Rice 5kg,Pantry,41,11.14,6.82,0,14,
2024-12-03,P004,Basmati Rice 5kg,Pantry,28,11.14,6.82,0,14,
2024-12-04,P004,Basmati Rice 5kg,Pantry,15,11.14,6.82,0,14,
2024-12-05,P004,Basmati Rice 5kg,Pantry,24,11.14,6.82,0,14,
2024-12-06,P004,Basmati Rice 5kg,Pantry,28,11.14,6.82,0,14,
2024-12-07,P004,Basmati Rice 5kg,Pantry,25,11.14,6.82,0,14,
2024-12-08,P004,Basmati Rice 5kg,Pantry,24,11.14,6.82,0,14,
2024-12-09,P004,Basmati Rice 5kg,Pantry,21,11.15,6.82,0,14,
2024-12-10,P004,Basmati Rice 5kg,Pantry,33,11.15,6.82,0,14,
2024-12-11,P004,Basmati Rice 5kg,Pantry,14,11.15,6.82,0,14,
2024-12-12,P004,Basmati Rice 5kg,Pantry,21,11.15,6.82,0,14,
2024-12-13,P004,Basmati Rice 5kg,Pantry,12,11.15,6.82,0,14,
2024-12-14,P004,Basmati Rice 5kg,Pantry,22,11.15,6.82,0,14,
2024-12-15,P004,Basmati Rice 5kg,Pantry,20,11.15,6.82,0,14,
2024-12-16,P004,Basmati Rice 5kg,Pantry,21,11.15,6.82,0,14,
2024-12-17,P004,Basmati Rice 5kg,Pantry,28,11.15,6.82,0,14,
2024-12-18,P004,Basmati Rice 5kg,Pantry,18,11.15,6.82,0,14,
2024-12-19,P004,Basmati Rice 5kg,Pantry,19,11.15,6.82,0,14,
2024-12-20,P004,Basmati Rice 5kg,Pantry,21,11.16,6.82,0,14,
2024-12-21,P004,Basmati Rice 5kg,Pantry,25,11.16,6.82,0,14,
2024-12-22,P004,Basmati Rice 5kg,Pantry,42,11.16,6.82,0,14,
2024-12-23,P004,Basmati Rice 5kg,Pantry,25,11.16,6.82,0,14,
2024-12-24,P004,Basmati Rice 5kg,Pantry,22,11.16,6.82,0,14,
2024-12-25,P004,Basmati Rice 5kg,Pantry,30,9.49,6.82,1,14,
2024-12-26,P004,Basmati Rice 5kg,Pantry,15,9.49,6.82,1,14,
2024-12-27,P004,Basmati Rice 5kg,Pantry,19,9.49,6.82,1,14,
2024-12-28,P004,Basmati Rice 5kg,Pantry,43,9.49,6.82,1,14,
2024-12-29,P004,Basmati Rice 5kg,Pantry,17,9.49,6.82,1,14,
2024-12-30,P004,Basmati Rice 5kg,Pantry,9,11.16,6.82,0,14,
2024-12-31,P004,Basmati Rice 5kg,Pantry,11,11.17,6.82,0,14,
2025-01-01,P004,Basmati Rice 5kg,Pantry,26,11.17,6.82,0,14,
2025-01-02,P004,Basmati Rice 5kg,Pantry,34,11.17,6.82,0,14,
2025-01-03,P004,Basmati Rice 5kg,Pantry,27,11.17,6.82,0,14,
2025-01-04,P004,Basmati Rice 5kg,Pantry,15,11.17,6.82,0,14,
2025-01-05,P004,Basmati Rice 5kg,Pantry,19,11.17,6.82,0,14,
2025-01-06,P004,Basmati Rice 5kg,Pantry,18,11.17,6.82,0,14,
2025-01-07,P004,Basmati Rice 5kg,Pantry,20,11.17,6.82,0,14,
2025-01-08,P004,Basmati Rice 5kg,Pantry,11,11.17,6.82,0,14,
2025-01-09,P004,Basmati Rice 5kg,Pantry,16,11.17,6.82,0,14,
2025-01-10,P004,Basmati Rice 5kg,Pantry,30,11.17,6.82,0,14,
2025-01-11,P004,Basmati Rice 5kg,Pantry,21,11.18,6.82,0,14,
2025-01-12,P004,Basmati Rice 5kg,Pantry,23,11.18,6.82,0,14,
2025-01-13,P004,Basmati Rice 5kg,Pantry,14,11.18,6.82,0,14,
2025-01-14,P004,Basmati Rice 5kg,Pantry,17,11.18,6.82,0,14,
2025-01-15,P004,Basmati Rice 5kg,Pantry,17,11.18,6.82,0,14,
2025-01-16,P004,Basmati Rice 5kg,Pantry,21,11.18,6.82,0,14,
2025-01-17,P004,Basmati Rice 5kg,Pantry,19,11.18,6.82,0,14,
2025-01-18,P004,Basmati Rice 5kg,Pantry,16,11.18,6.82,0,14,
2025-01-19,P004,Basmati Rice 5kg,Pantry,19,11.18,6.82,0,14,
2025-01-20,P004,Basmati Rice 5kg,Pantry,8,11.18,6.82,0,14,
2025-01-21,P004,Basmati Rice 5kg,Pantry,10,11.18,6.82,0,14,
2025-01-22,P004,Basmati Rice 5kg,Pantry,8,11.19,6.82,0,14,
2025-01-23,P004,Basmati Rice 5kg,Pantry,20,11.19,6.82,0,14,
2025-01-24,P004,Basmati Rice 5kg,Pantry,12,11.19,6.82,0,14,
2025-01-25,P004,Basmati Rice 5kg,Pantry,6,11.19,6.82,0,14,
2025-01-26,P004,Basmati Rice 5kg,Pantry,16,11.19,6.82,0,14,
2025-01-27,P004,Basmati Rice 5kg,Pantry,35,11.19,6.82,0,14,
2025-01-28,P004,Basmati Rice 5kg,Pantry,13,11.19,6.82,0,14,
2025-01-29,P004,Basmati Rice 5kg,Pantry,17,11.19,6.82,0,14,
2025-01-30,P004,Basmati Rice 5kg,Pantry,23,11.19,6.82,0,14,
2025-01-31,P004,Basmati Rice 5kg,Pantry,8,11.19,6.82,0,14,
2025-02-01,P004,Basmati Rice 5kg,Pantry,7,11.19,6.82,0,14,
2025-02-02,P004,Basmati Rice 5kg,Pantry,14,11.2,6.82,0,14,
2025-02-03,P004,Basmati Rice 5kg,Pantry,16,11.2,6.82,0,14,
2025-02-04,P004,Basmati Rice 5kg,Pantry,13,11.2,6.82,0,14,
2025-02-05,P004,Basmati Rice 5kg,Pantry,16,11.2,6.82,0,14,
2025-02-06,P004,Basmati Rice 5kg,Pantry,11,11.2,6.82,0,14,
2025-02-07,P004,Basmati Rice 5kg,Pantry,19,11.2,6.82,0,14,
2025-02-08,P004,Basmati Rice 5kg,Pantry,21,11.2,6.82,0,14,
2025-02-09,P004,Basmati Rice 5kg,Pantry,16,11.2,6.82,0,14,
2025-02-10,P004,Basmati Rice 5kg,Pantry,10,11.2,6.82,0,14,
2025-02-11,P004,Basmati Rice 5kg,Pantry,11,11.2,6.82,0,14,
2025-02-12,P004,Basmati Rice 5kg,Pantry,32,11.2,6.82,0,14,
2025-02-13,P004,Basmati Rice 5kg,Pantry,15,11.21,6.82,0,14,
2025-02-14,P004,Basmati Rice 5kg,Pantry,17,11.21,6.82,0,14,
2025-02-15,P004,Basmati Rice 5kg,Pantry,19,11.21,6.82,0,14,
2025-02-16,P004,Basmati Rice 5kg,Pantry,17,11.21,6.82,0,14,
2025-02-17,P004,Basmati Rice 5kg,Pantry,15,11.21,6.82,0,14,
2025-02-18,P004,Basmati Rice 5kg,Pantry,18,11.21,6.82,0,14,
2025-02-19,P004,Basmati Rice 5kg,Pantry,20,11.21,6.82,0,14,
2025-02-20,P004,Basmati Rice 5kg,Pantry,15,11.21,6.82,0,14,
2025-02-21,P004,Basmati Rice 5kg,Pantry,29,11.21,6.82,0,14,
2025-02-22,P004,Basmati Rice 5kg,Pantry,18,11.21,6.82,0,14,
2025-02-23,P004,Basmati Rice 5kg,Pantry,24,11.21,6.82,0,14,
2025-02-24,P004,Basmati Rice 5kg,Pantry,19,11.22,6.82,0,14,
2025-02-25,P004,Basmati Rice 5kg,Pantry,17,11.22,6.82,0,14,
2025-02-26,P004,Basmati Rice 5kg,Pantry,19,11.22,6.82,0,14,
2025-02-27,P004,Basmati Rice 5kg,Pantry,21,11.22,6.82,0,14,
2025-02-28,P004,Basmati Rice 5kg,Pantry,31,11.22,6.82,0,14,
2025-03-01,P004,Basmati Rice 5kg,Pantry,12,11.22,6.82,0,14,
2025-03-02,P004,Basmati Rice 5kg,Pantry,13,11.22,6.82,0,14,
2025-03-03,P004,Basmati Rice 5kg,Pantry,21,11.22,6.82,0,14,
2025-03-04,P004,Basmati Rice 5kg,Pantry,22,11.22,6.82,0,14,
2025-03-05,P004,Basmati Rice 5kg,Pantry,18,11.22,6.82,0,14,
2025-03-06,P004,Basmati Rice 5kg,Pantry,11,11.22,6.82,0,14,
2025-03-07,P004,Basmati Rice 5kg,Pantry,21,11.22,6.82,0,14,
2025-03-08,P004,Basmati Rice 5kg,Pantry,24,11.23,6.82,0,14,
2025-03-09,P004,Basmati Rice 5kg,Pantry,23,11.23,6.82,0,14,
2025-03-10,P004,Basmati Rice 5kg,Pantry,16,9.54,6.82,1,14,
2025-03-11,P004,Basmati Rice 5kg,Pantry,32,9.54,6.82,1,14,
2025-03-12,P004,Basmati Rice 5kg,Pantry,22,9.55,6.82,1,14,
2025-03-13,P004,Basmati Rice 5kg,Pantry,15,9.55,6.82,1,14,
2025-03-14,P004,Basmati Rice 5kg,Pantry,20,11.23,6.82,0,14,
2025-03-15,P004,Basmati Rice 5kg,Pantry,20,11.23,6.82,0,14,
2025-03-16,P004,Basmati Rice 5kg,Pantry,38,11.23,6.82,0,14,
2025-03-17,P004,Basmati Rice 5kg,Pantry,6,11.23,6.82,0,14,
2025-03-18,P004,Basmati Rice 5kg,Pantry,31,11.23,6.82,0,14,
2025-03-19,P004,Basmati Rice 5kg,Pantry,6,11.24,6.82,0,14,
2025-03-20,P004,Basmati Rice 5kg,Pantry,12,11.24,6.82,0,14,
2025-03-21,P004,Basmati Rice 5kg,Pantry,13,11.24,6.82,0,14,
2025-03-22,P004,Basmati Rice 5kg,Pantry,17,11.24,6.82,0,14,
2025-03-23,P004,Basmati Rice 5kg,Pantry,26,11.24,6.82,0,14,
2025-03-24,P004,Basmati Rice 5kg,Pantry,24,11.24,6.82,0,14,
2025-03-25,P004,Basmati Rice 5kg,Pantry,29,11.24,6.82,0,14,
2025-03-26,P004,Basmati Rice 5kg,Pantry,9,11.24,6.82,0,14,
2025-03-27,P004,Basmati Rice 5kg,Pantry,10,11.24,6.82,0,14,
2025-03-28,P004,Basmati Rice 5kg,Pantry,32,11.24,6.82,0,14,
2025-03-29,P004,Basmati Rice 5kg,Pantry,15,11.24,6.82,0,14,
2025-03-30,P004,Basmati Rice 5kg,Pantry,27,11.25,6.82,0,14,
2025-03-31,P004,Basmati Rice 5kg,Pantry,12,11.25,6.82,0,14,
2025-04-01,P004,Basmati Rice 5kg,Pantry,21,11.25,6.82,0,14,
2025-04-02,P004,Basmati Rice 5kg,Pantry,23,11.25,6.82,0,14,
2025-04-03,P004,Basmati Rice 5kg,Pantry,11,11.25,6.82,0,14,
2025-04-04,P004,Basmati Rice 5kg,Pantry,10,11.25,6.82,0,14,
2025-04-05,P004,Basmati Rice 5kg,Pantry,29,11.25,6.82,0,14,
2025-04-06,P004,Basmati Rice 5kg,Pantry,18,11.25,6.82,0,14,
2025-04-07,P004,Basmati Rice 5kg,Pantry,22,11.25,6.82,0,14,
2025-04-08,P004,Basmati Rice 5kg,Pantry,19,11.25,6.82,0,14,
2025-04-09,P004,Basmati Rice 5kg,Pantry,19,11.25,6.82,0,14,
2025-04-10,P004,Basmati Rice 5kg,Pantry,24,11.26,6.82,0,14,
2025-04-11,P004,Basmati Rice 5kg,Pantry,21,11.26,6.82,0,14,
2025-04-12,P004,Basmati Rice 5kg,Pantry,51,11.26,6.82,0,14,
2025-04-13,P004,Basmati Rice 5kg,Pantry,21,11.26,6.82,0,14,
2025-04-14,P004,Basmati Rice 5kg,Pantry,21,11.26,6.82,0,14,
2025-04-15,P004,Basmati Rice 5kg,Pantry,20,11.26,6.82,0,14,
2025-04-16,P004,Basmati Rice 5kg,Pantry,21,11.26,6.82,0,14,
2025-04-17,P004,Basmati Rice 5kg,Pantry,11,11.26,6.82,0,14,
2025-04-18,P004,Basmati Rice 5kg,Pantry,9,11.26,6.82,0,14,
2025-04-19,P004,Basmati Rice 5kg,Pantry,36,11.26,6.82,0,14,
2025-04-20,P004,Basmati Rice 5kg,Pantry,31,11.26,6.82,0,14,
2025-04-21,P004,Basmati Rice 5kg,Pantry,22,11.27,6.82,0,14,
2025-04-22,P004,Basmati Rice 5kg,Pantry,24,11.27,6.82,0,14,
2025-04-23,P004,Basmati Rice 5kg,Pantry,20,11.27,6.82,0,14,
2025-04-24,P004,Basmati Rice 5kg,Pantry,26,11.27,6.82,0,14,
2025-04-25,P004,Basmati Rice 5kg,Pantry,15,11.27,6.82,0,14,
2025-04-26,P004,Basmati Rice 5kg,Pantry,9,11.27,6.82,0,14,
2025-04-27,P004,Basmati Rice 5kg,Pantry,19,11.27,6.82,0,14,
2025-04-28,P004,Basmati Rice 5kg,Pantry,33,11.27,6.82,0,14,
2025-04-29,P004,Basmati Rice 5kg,Pantry,18,11.27,6.82,0,14,
2025-04-30,P004,Basmati Rice 5kg,Pantry,25,9.58,6.82,1,14,
2025-05-01,P004,Basmati Rice 5kg,Pantry,30,9.58,6.82,1,14,
2025-05-02,P004,Basmati Rice 5kg,Pantry,21,9.58,6.82,1,14,
2025-05-03,P004,Basmati Rice 5kg,Pantry,19,9.58,6.82,1,14,
2025-05-04,P004,Basmati Rice 5kg,Pantry,25,9.59,6.82,1,14,
2025-05-05,P004,Basmati Rice 5kg,Pantry,29,9.59,6.82,1,14,
2025-05-06,P004,Basmati Rice 5kg,Pantry,28,11.28,6.82,0,14,
2025-05-07,P004,Basmati Rice 5kg,Pantry,20,11.28,6.82,0,14,
2025-05-08,P004,Basmati Rice 5kg,Pantry,26,11.28,6.82,0,14,
2025-05-09,P004,Basmati Rice 5kg,Pantry,29,11.28,6.82,0,14,
2025-05-10,P004,Basmati Rice 5kg,Pantry,23,11.28,6.82,0,14,
2025-05-11,P004,Basmati Rice 5kg,Pantry,15,11.28,6.82,0,14,
2025-05-12,P004,Basmati Rice 5kg,Pantry,14,11.28,6.82,0,14,
2025-05-13,P004,Basmati Rice 5kg,Pantry,7,11.29,6.82,0,14,
2025-05-14,P004,Basmati Rice 5kg,Pantry,24,11.29,6.82,0,14,
2025-05-15,P004,Basmati Rice 5kg,Pantry,16,11.29,6.82,0,14,
2025-05-16,P004,Basmati Rice 5kg,Pantry,22,11.29,6.82,0,14,
2025-05-17,P004,Basmati Rice 5kg,Pantry,22,11.29,6.82,0,14,
2025-05-18,P004,Basmati Rice 5kg,Pantry,23,11.29,6.82,0,14,
2025-05-19,P004,Basmati Rice 5kg,Pantry,15,11.29,6.82,0,14,
2025-05-20,P004,Basmati Rice 5kg,Pantry,16,11.29,6.82,0,14,
2025-05-21,P004,Basmati Rice 5kg,Pantry,25,11.29,6.82,0,14,
2025-05-22,P004,Basmati Rice 5kg,Pantry,11,11.29,6.82,0,14,
2025-05-23,P004,Basmati Rice 5kg,Pantry,21,11.29,6.82,0,14,
2025-05-24,P004,Basmati Rice 5kg,Pantry,37,11.3,6.82,0,14,
2025-05-25,P004,Basmati Rice 5kg,Pantry,23,11.3,6.82,0,14,
2025-05-26,P004,Basmati Rice 5kg,Pantry,27,11.3,6.82,0,14,
2025-05-27,P004,Basmati Rice 5kg,Pantry,37,11.3,6.82,0,14,
2025-05-28,P004,Basmati Rice 5kg,Pantry,12,11.3,6.82,0,14,
2025-05-29,P004,Basmati Rice 5kg,Pantry,11,11.3,6.82,0,14,
2025-05-30,P004,Basmati Rice 5kg,Pantry,13,11.3,6.82,0,14,
2025-05-31,P004,Basmati Rice 5kg,Pantry,12,11.3,6.82,0,14,
2025-06-01,P004,Basmati Rice 5kg,Pantry,11,11.3,6.82,0,14,
2025-06-02,P004,Basmati Rice 5kg,Pantry,21,11.3,6.82,0,14,
2025-06-03,P004,Basmati Rice 5kg,Pantry,41,11.3,6.82,0,14,
2025-06-04,P004,Basmati Rice 5kg,Pantry,20,11.31,6.82,0,14,
2025-06-05,P004,Basmati Rice 5kg,Pantry,7,11.31,6.82,0,14,
2025-06-06,P004,Basmati Rice 5kg,Pantry,19,9.61,6.82,1,14,
2025-06-07,P004,Basmati Rice 5kg,Pantry,38,9.61,6.82,1,14,
2025-06-08,P004,Basmati Rice 5kg,Pantry,27,9.61,6.82,1,14,
2025-06-09,P004,Basmati Rice 5kg,Pantry,27,9.61,6.82,1,14,
2025-06-10,P004,Basmati Rice 5kg,Pantry,31,9.61,6.82,1,14,
2025-06-11,P004,Basmati Rice 5kg,Pantry,25,9.61,6.82,1,14,
2025-06-12,P004,Basmati Rice 5kg,Pantry,24,9.62,6.82,1,14,
2025-06-13,P004,Basmati Rice 5kg,Pantry,10,11.31,6.82,0,14,
2025-06-14,P004,Basmati Rice 5kg,Pantry,27,11.31,6.82,0,14,
2025-06-15,P004,Basmati Rice 5kg,Pantry,16,11.32,6.82,0,14,
2025-06-16,P004,Basmati Rice 5kg,Pantry,18,11.32,6.82,0,14,
2025-06-17,P004,Basmati Rice 5kg,Pantry,15,11.32,6.82,0,14,
2025-06-18,P004,Basmati Rice 5kg,Pantry,5,11.32,6.82,0,14,
2025-06-19,P004,Basmati Rice 5kg,Pantry,25,11.32,6.82,0,14,
2025-06-20,P004,Basmati Rice 5kg,Pantry,36,11.32,6.82,0,14,
2025-06-21,P004,Basmati Rice 5kg,Pantry,24,11.32,6.82,0,14,
2025-06-22,P004,Basmati Rice 5kg,Pantry,20,11.32,6.82,0,14,
2025-06-23,P004,Basmati Rice 5kg,Pantry,19,11.32,6.82,0,14,
2025-06-24,P004,Basmati Rice 5kg,Pantry,8,9.62,6.82,1,14,
2025-06-25,P004,Basmati Rice 5kg,Pantry,14,9.63,6.82,1,14,
2025-06-26,P004,Basmati Rice 5kg,Pantry,16,9.63,6.82,1,14,
2025-06-27,P004,Basmati Rice 5kg,Pantry,31,11.33,6.82,0,14,
2025-06-28,P004,Basmati Rice 5kg,Pantry,24,11.33,6.82,0,14,
2025-06-29,P004,Basmati Rice 5kg,Pantry,28,11.33,6.82,0,14,
2025-06-30,P004,Basmati Rice 5kg,Pantry,7,11.33,6.82,0,14,
2025-07-01,P004,Basmati Rice 5kg,Pantry,24,11.33,6.82,0,14,
2025-07-02,P004,Basmati Rice 5kg,Pantry,23,11.33,6.82,0,14,
2025-07-03,P004,Basmati Rice 5kg,Pantry,12,11.33,6.82,0,14,
2025-07-04,P004,Basmati Rice 5kg,Pantry,13,11.33,6.82,0,14,
2025-07-05,P004,Basmati Rice 5kg,Pantry,15,11.33,6.82,0,14,
2025-07-06,P004,Basmati Rice 5kg,Pantry,30,11.33,6.82,0,14,
2025-07-07,P004,Basmati Rice 5kg,Pantry,18,11.34,6.82,0,14,
2025-07-08,P004,Basmati Rice 5kg,Pantry,8,11.34,6.82,0,14,
2025-07-09,P004,Basmati Rice 5kg,Pantry,21,11.34,6.82,0,14,
2025-07-10,P004,Basmati Rice 5kg,Pantry,19,11.34,6.82,0,14,
2025-07-11,P004,Basmati Rice 5kg,Pantry,10,11.34,6.82,0,14,
2025-07-12,P004,Basmati Rice 5kg,Pantry,9,11.34,6.82,0,14,
2025-07-13,P004,Basmati Rice 5kg,Pantry,13,11.34,6.82,0,14,
2025-07-14,P004,Basmati Rice 5kg,Pantry,20,11.34,6.82,0,14,
2025-07-15,P004,Basmati Rice 5kg,Pantry,15,11.34,6.82,0,14,
2025-07-16,P004,Basmati Rice 5kg,Pantry,9,11.34,6.82,0,14,
2025-07-17,P004,Basmati Rice 5kg,Pantry,9,11.34,6.82,0,14,
2025-07-18,P004,Basmati Rice 5kg,Pantry,14,11.35,6.82,0,14,
2025-07-19,P004,Basmati Rice 5kg,Pantry,19,11.35,6.82,0,14,
2025-07-20,P004,Basmati Rice 5kg,Pantry,14,11.35,6.82,0,14,
2025-07-21,P004,Basmati Rice 5kg,Pantry,27,11.35,6.82,0,14,
2025-07-22,P004,Basmati Rice 5kg,Pantry,24,11.35,6.82,0,14,
2025-07-23,P004,Basmati Rice 5kg,Pantry,23,11.35,6.82,0,14,
2025-07-24,P004,Basmati Rice 5kg,Pantry,23,11.35,6.82,0,14,
2025-07-25,P004,Basmati Rice 5kg,Pantry,12,11.35,6.82,0,14,
2025-07-26,P004,Basmati Rice 5kg,Pantry,24,11.35,6.82,0,14,
2025-07-27,P004,Basmati Rice 5kg,Pantry,18,11.35,6.82,0,14,
2025-07-28,P004,Basmati Rice 5kg,Pantry,12,11.35,6.82,0,14,
2025-07-29,P004,Basmati Rice 5kg,Pantry,25,11.36,6.82,0,14,
2025-07-30,P004,Basmati Rice 5kg,Pantry,21,11.36,6.82,0,14,
2025-07-31,P004,Basmati Rice 5kg,Pantry,20,11.36,6.82,0,14,
2025-08-01,P004,Basmati Rice 5kg,Pantry,19,11.36,6.82,0,14,
2025-08-02,P004,Basmati Rice 5kg,Pantry,10,11.36,6.82,0,14,
2025-08-03,P004,Basmati Rice 5kg,Pantry,22,11.36,6.82,0,14,
2025-08-04,P004,Basmati Rice 5kg,Pantry,16,11.36,6.82,0,14,
2025-08-05,P004,Basmati Rice 5kg,Pantry,25,11.36,6.82,0,14,
2025-08-06,P004,Basmati Rice 5kg,Pantry,10,11.36,6.82,0,14,
2025-08-07,P004,Basmati Rice 5kg,Pantry,16,11.36,6.82,0,14,
2025-08-08,P004,Basmati Rice 5kg,Pantry,13,11.36,6.82,0,14,
2025-08-09,P004,Basmati Rice 5kg,Pantry,22,11.37,6.82,0,14,
2025-08-10,P004,Basmati Rice 5kg,Pantry,29,11.37,6.82,0,14,
2025-08-11,P004,Basmati Rice 5kg,Pantry,11,11.37,6.82,0,14,
2025-08-12,P004,Basmati Rice 5kg,Pantry,14,11.37,6.82,0,14,
2025-08-13,P004,Basmati Rice 5kg,Pantry,21,11.37,6.82,0,14,
2025-08-14,P004,Basmati Rice 5kg,Pantry,19,11.37,6.82,0,14,
2025-08-15,P004,Basmati Rice 5kg,Pantry,15,11.37,6.82,0,14,
2025-08-16,P004,Basmati Rice 5kg,Pantry,15,11.37,6.82,0,14,
2025-08-17,P004,Basmati Rice 5kg,Pantry,26,11.37,6.82,0,14,
2025-08-18,P004,Basmati Rice 5kg,Pantry,28,11.37,6.82,0,14,
2025-08-19,P004,Basmati Rice 5kg,Pantry,24,11.37,6.82,0,14,
2025-08-20,P004,Basmati Rice 5kg,Pantry,24,11.37,6.82,0,14,
2025-08-21,P004,Basmati Rice 5kg,Pantry,13,11.38,6.82,0,14,
2025-08-22,P004,Basmati Rice 5kg,Pantry,13,11.38,6.82,0,14,
2025-08-23,P004,Basmati Rice 5kg,Pantry,37,11.38,6.82,0,14,
2025-08-24,P004,Basmati Rice 5kg,Pantry,25,11.38,6.82,0,14,
2025-08-25,P004,Basmati Rice 5kg,Pantry,32,11.38,6.82,0,14,
2025-08-26,P004,Basmati Rice 5kg,Pantry,10,11.38,6.82,0,14,
2025-08-27,P004,Basmati Rice 5kg,Pantry,12,11.38,6.82,0,14,
2025-08-28,P004,Basmati Rice 5kg,Pantry,31,11.38,6.82,0,14,
2025-08-29,P004,Basmati Rice 5kg,Pantry,28,11.38,6.82,0,14,
2025-08-30,P004,Basmati Rice 5kg,Pantry,24,11.38,6.82,0,14,
2025-08-31,P004,Basmati Rice 5kg,Pantry,13,11.38,6.82,0,14,
2025-09-01,P004,Basmati Rice 5kg,Pantry,27,11.39,6.82,0,14,
2025-09-02,P004,Basmati Rice 5kg,Pantry,37,11.39,6.82,0,14,
2025-09-03,P004,Basmati Rice 5kg,Pantry,19,11.39,6.82,0,14,
2025-09-04,P004,Basmati Rice 5kg,Pantry,31,11.39,6.82,0,14,
2025-09-05,P004,Basmati Rice 5kg,Pantry,13,11.39,6.82,0,14,
2025-09-06,P004,Basmati Rice 5kg,Pantry,19,11.39,6.82,0,14,
2025-09-07,P004,Basmati Rice 5kg,Pantry,18,11.39,6.82,0,14,
2025-09-08,P004,Basmati Rice 5kg,Pantry,20,11.39,6.82,0,14,
2025-09-09,P004,Basmati Rice 5kg,Pantry,11,11.39,6.82,0,14,
2025-09-10,P004,Basmati Rice 5kg,Pantry,16,11.39,6.82,0,14,
2025-09-11,P004,Basmati Rice 5kg,Pantry,29,11.39,6.82,0,14,
2025-09-12,P004,Basmati Rice 5kg,Pantry,23,11.4,6.82,0,14,
2025-09-13,P004,Basmati Rice 5kg,Pantry,17,11.4,6.82,0,14,
2025-09-14,P004,Basmati Rice 5kg,Pantry,11,11.4,6.82,0,14,
2025-09-15,P004,Basmati Rice 5kg,Pantry,15,11.4,6.82,0,14,
2025-09-16,P004,Basmati Rice 5kg,Pantry,13,11.4,6.82,0,14,
2025-09-17,P004,Basmati Rice 5kg,Pantry,17,11.4,6.82,0,14,
2025-09-18,P004,Basmati Rice 5kg,Pantry,20,11.4,6.82,0,14,
2025-09-19,P004,Basmati Rice 5kg,Pantry,12,11.4,6.82,0,14,
2025-09-20,P004,Basmati Rice 5kg,Pantry,14,11.4,6.82,0,14,
2025-09-21,P004,Basmati Rice 5kg,Pantry,29,11.4,6.82,0,14,
2025-09-22,P004,Basmati Rice 5kg,Pantry,36,11.4,6.82,0,14,
2025-09-23,P004,Basmati Rice 5kg,Pantry,15,11.41,6.82,0,14,
2025-09-24,P004,Basmati Rice 5kg,Pantry,16,11.41,6.82,0,14,
2025-09-25,P004,Basmati Rice 5kg,Pantry,8,11.41,6.82,0,14,
2025-09-26,P004,Basmati Rice 5kg,Pantry,11,11.41,6.82,0,14,
2025-09-27,P004,Basmati Rice 5kg,Pantry,19,11.41,6.82,0,14,
2025-09-28,P004,Basmati Rice 5kg,Pantry,19,11.41,6.82,0,14,
2025-09-29,P004,Basmati Rice 5kg,Pantry,21,11.41,6.82,0,14,
2025-09-30,P004,Basmati Rice 5kg,Pantry,4,11.41,6.82,0,14,
2025-10-01,P004,Basmati Rice 5kg,Pantry,39,11.41,6.82,0,14,
2025-10-02,P004,Basmati Rice 5kg,Pantry,13,11.41,6.82,0,14,
2025-10-03,P004,Basmati Rice 5kg,Pantry,5,11.41,6.82,0,14,
2025-10-04,P004,Basmati Rice 5kg,Pantry,22,11.42,6.82,0,14,
2025-10-05,P004,Basmati Rice 5kg,Pantry,21,11.42,6.82,0,14,
2025-10-06,P004,Basmati Rice 5kg,Pantry,29,11.42,6.82,0,14,
2025-10-07,P004,Basmati Rice 5kg,Pantry,10,11.42,6.82,0,14,
2025-10-08,P004,Basmati Rice 5kg,Pantry,15,11.42,6.82,0,14,
2025-10-09,P004,Basmati Rice 5kg,Pantry,14,11.42,6.82,0,14,
2025-10-10,P004,Basmati Rice 5kg,Pantry,9,11.42,6.82,0,14,
2025-10-11,P004,Basmati Rice 5kg,Pantry,18,11.42,6.82,0,14,
2025-10-12,P004,Basmati Rice 5kg,Pantry,27,11.42,6.82,0,14,
2025-10-13,P004,Basmati Rice 5kg,Pantry,36,11.42,6.82,0,14,
2025-10-14,P004,Basmati Rice 5kg,Pantry,27,11.42,6.82,0,14,
2025-10-15,P004,Basmati Rice 5kg,Pantry,18,11.43,6.82,0,14,
2025-10-16,P004,Basmati Rice 5kg,Pantry,16,11.43,6.82,0,14,
2025-10-17,P004,Basmati Rice 5kg,Pantry,23,11.43,6.82,0,14,
2025-10-18,P004,Basmati Rice 5kg,Pantry,26,11.43,6.82,0,14,
2025-10-19,P004,Basmati Rice 5kg,Pantry,48,11.43,6.82,0,14,
2025-10-20,P004,Basmati Rice 5kg,Pantry,15,11.43,6.82,0,14,
2025-10-21,P004,Basmati Rice 5kg,Pantry,12,11.43,6.82,0,14,
2025-10-22,P004,Basmati Rice 5kg,Pantry,13,11.43,6.82,0,14,
2025-10-23,P004,Basmati Rice 5kg,Pantry,29,11.43,6.82,0,14,
2025-10-24,P004,Basmati Rice 5kg,Pantry,22,11.43,6.82,0,14,
2025-10-25,P004,Basmati Rice 5kg,Pantry,10,11.43,6.82,0,14,
2025-10-26,P004,Basmati Rice 5kg,Pantry,21,11.44,6.82,0,14,
2025-10-27,P004,Basmati Rice 5kg,Pantry,13,11.44,6.82,0,14,
2025-10-28,P004,Basmati Rice 5kg,Pantry,37,11.44,6.82,0,14,
2025-10-29,P004,Basmati Rice 5kg,Pantry,14,11.44,6.82,0,14,
2025-10-30,P004,Basmati Rice 5kg,Pantry,9,11.44,6.82,0,14,
2025-10-31,P004,Basmati Rice 5kg,Pantry,26,9.72,6.82,1,14,
2025-11-01,P004,Basmati Rice 5kg,Pantry,42,9.72,6.82,1,14,
2025-11-02,P004,Basmati Rice 5kg,Pantry,65,9.73,6.82,1,14,
2025-11-03,P004,Basmati Rice 5kg,Pantry,8,11.44,6.82,0,14,
2025-11-04,P004,Basmati Rice 5kg,Pantry,26,11.44,6.82,0,14,
2025-11-05,P004,Basmati Rice 5kg,Pantry,18,11.44,6.82,0,14,
2025-11-06,P004,Basmati Rice 5kg,Pantry,28,11.45,6.82,0,14,
2025-11-07,P004,Basmati Rice 5kg,Pantry,14,11.45,6.82,0,14,
2025-11-08,P004,Basmati Rice 5kg,Pantry,36,11.45,6.82,0,14,
2025-11-09,P004,Basmati Rice 5kg,Pantry,16,11.45,6.82,0,14,
2025-11-10,P004,Basmati Rice 5kg,Pantry,11,11.45,6.82,0,14,
2025-11-11,P004,Basmati Rice 5kg,Pantry,12,11.45,6.82,0,14,
2025-11-12,P004,Basmati Rice 5kg,Pantry,23,11.45,6.82,0,14,
2025-11-13,P004,Basmati Rice 5kg,Pantry,18,11.45,6.82,0,14,
2025-11-14,P004,Basmati Rice 5kg,Pantry,24,11.45,6.82,0,14,
2025-11-15,P004,Basmati Rice 5kg,Pantry,42,11.45,6.82,0,14,
2025-11-16,P004,Basmati Rice 5kg,Pantry,49,11.45,6.82,0,14,
2025-11-17,P004,Basmati Rice 5kg,Pantry,20,11.46,6.82,0,14,
2025-11-18,P004,Basmati Rice 5kg,Pantry,28,11.46,6.82,0,14,
2025-11-19,P004,Basmati Rice 5kg,Pantry,49,11.46,6.82,0,14,
2025-11-20,P004,Basmati Rice 5kg,Pantry,13,11.46,6.82,0,14,
2025-11-21,P004,Basmati Rice 5kg,Pantry,26,11.46,6.82,0,14,
2025-11-22,P004,Basmati Rice 5kg,Pantry,27,11.46,6.82,0,14,
2025-11-23,P004,Basmati Rice 5kg,Pantry,6,11.46,6.82,0,14,
2025-11-24,P004,Basmati Rice 5kg,Pantry,12,11.46,6.82,0,14,
2025-11-25,P004,Basmati Rice 5kg,Pantry,17,11.46,6.82,0,14,
2025-11-26,P004,Basmati Rice 5kg,Pantry,18,11.46,6.82,0,14,
2025-11-27,P004,Basmati Rice 5kg,Pantry,11,11.46,6.82,0,14,
2025-11-28,P004,Basmati Rice 5kg,Pantry,10,11.47,6.82,0,14,
2025-11-29,P004,Basmati Rice 5kg,Pantry,19,11.47,6.82,0,14,
2025-11-30,P004,Basmati Rice 5kg,Pantry,9,11.47,6.82,0,14,
2025-12-01,P004,Basmati Rice 5kg,Pantry,20,11.47,6.82,0,14,
2025-12-02,P004,Basmati Rice 5kg,Pantry,12,11.47,6.82,0,14,
2025-12-03,P004,Basmati Rice 5kg,Pantry,28,11.47,6.82,0,14,
2025-12-04,P004,Basmati Rice 5kg,Pantry,49,11.47,6.82,0,14,
2025-12-05,P004,Basmati Rice 5kg,Pantry,24,11.47,6.82,0,14,
2025-12-06,P004,Basmati Rice 5kg,Pantry,28,11.47,6.82,0,14,
2025-12-07,P004,Basmati Rice 5kg,Pantry,31,9.75,6.82,1,14,
2025-12-08,P004,Basmati Rice 5kg,Pantry,23,9.75,6.82,1,14,
2025-12-09,P004,Basmati Rice 5kg,Pantry,19,9.75,6.82,1,14,
2025-12-10,P004,Basmati Rice 5kg,Pantry,17,9.75,6.82,1,14,
2025-12-11,P004,Basmati Rice 5kg,Pantry,26,9.76,6.82,1,14,
2025-12-12,P004,Basmati Rice 5kg,Pantry,36,9.76,6.82,1,14,
2025-12-13,P004,Basmati Rice 5kg,Pantry,15,9.76,6.82,1,14,
2025-12-14,P004,Basmati Rice 5kg,Pantry,9,11.48,6.82,0,14,
2025-12-15,P004,Basmati Rice 5kg,Pantry,34,11.48,6.82,0,14,
2025-12-16,P004,Basmati Rice 5kg,Pantry,23,11.48,6.82,0,14,
2025-12-17,P004,Basmati Rice 5kg,Pantry,12,11.48,6.82,0,14,
2025-12-18,P004,Basmati Rice 5kg,Pantry,15,11.48,6.82,0,14,
2025-12-19,P004,Basmati Rice 5kg,Pantry,19,11.48,6.82,0,14,
2025-12-20,P004,Basmati Rice 5kg,Pantry,12,11.49,6.82,0,14,
2025-12-21,P004,Basmati Rice 5kg,Pantry,20,11.49,6.82,0,14,
2025-12-22,P004,Basmati Rice 5kg,Pantry,12,11.49,6.82,0,14,
2025-12-23,P004,Basmati Rice 5kg,Pantry,22,11.49,6.82,0,14,
2025-12-24,P004,Basmati Rice 5kg,Pantry,14,11.49,6.82,0,14,
2025-12-25,P004,Basmati Rice 5kg,Pantry,15,11.49,6.82,0,14,
2025-12-26,P004,Basmati Rice 5kg,Pantry,24,11.49,6.82,0,14,
2025-12-27,P004,Basmati Rice 5kg,Pantry,35,11.49,6.82,0,14,
2025-12-28,P004,Basmati Rice 5kg,Pantry,20,11.49,6.82,0,14,
2025-12-29,P004,Basmati Rice 5kg,Pantry,12,11.49,6.82,0,14,
2025-12-30,P004,Basmati Rice 5kg,Pantry,20,11.49,6.82,0,14,
2025-12-31,P004,Basmati Rice 5kg,Pantry,28,11.5,6.82,0,14,
2026-01-01,P004,Basmati Rice 5kg,Pantry,10,11.5,6.82,0,14,
2026-01-02,P004,Basmati Rice 5kg,Pantry,16,11.5,6.82,0,14,
2026-01-03,P004,Basmati Rice 5kg,Pantry,21,11.5,6.82,0,14,
2026-01-04,P004,Basmati Rice 5kg,Pantry,19,11.5,6.82,0,14,
2026-01-05,P004,Basmati Rice 5kg,Pantry,7,11.5,6.82,0,14,
2026-01-06,P004,Basmati Rice 5kg,Pantry,12,11.5,6.82,0,14,
2026-01-07,P004,Basmati Rice 5kg,Pantry,12,11.5,6.82,0,14,
2026-01-08,P004,Basmati Rice 5kg,Pantry,26,11.5,6.82,0,14,
2026-01-09,P004,Basmati Rice 5kg,Pantry,16,11.5,6.82,0,14,
2026-01-10,P004,Basmati Rice 5kg,Pantry,9,11.5,6.82,0,14,
2026-01-11,P004,Basmati Rice 5kg,Pantry,16,11.51,6.82,0,14,
2026-01-12,P004,Basmati Rice 5kg,Pantry,14,11.51,6.82,0,14,
2026-01-13,P004,Basmati Rice 5kg,Pantry,20,11.51,6.82,0,14,
2026-01-14,P004,Basmati Rice 5kg,Pantry,16,11.51,6.82,0,14,
2026-01-15,P004,Basmati Rice 5kg,Pantry,9,11.51,6.82,0,14,
2026-01-16,P004,Basmati Rice 5kg,Pantry,18,11.51,6.82,0,14,
2026-01-17,P004,Basmati Rice 5kg,Pantry,14,11.51,6.82,0,14,
2026-01-18,P004,Basmati Rice 5kg,Pantry,25,11.51,6.82,0,14,
2026-01-19,P004,Basmati Rice 5kg,Pantry,11,11.51,6.82,0,14,
2026-01-20,P004,Basmati Rice 5kg,Pantry,29,11.51,6.82,0,14,
2026-01-21,P004,Basmati Rice 5kg,Pantry,29,11.51,6.82,0,14,
2026-01-22,P004,Basmati Rice 5kg,Pantry,14,11.51,6.82,0,14,
2026-01-23,P004,Basmati Rice 5kg,Pantry,16,11.52,6.82,0,14,
2026-01-24,P004,Basmati Rice 5kg,Pantry,17,11.52,6.82,0,14,
2026-01-25,P004,Basmati Rice 5kg,Pantry,19,11.52,6.82,0,14,
2026-01-26,P004,Basmati Rice 5kg,Pantry,10,11.52,6.82,0,14,
2026-01-27,P004,Basmati Rice 5kg,Pantry,40,11.52,6.82,0,14,
2026-01-28,P004,Basmati Rice 5kg,Pantry,20,11.52,6.82,0,14,
2026-01-29,P004,Basmati Rice 5kg,Pantry,17,11.52,6.82,0,14,
2026-01-30,P004,Basmati Rice 5kg,Pantry,21,11.52,6.82,0,14,
2026-01-31,P004,Basmati Rice 5kg,Pantry,32,11.52,6.82,0,14,
2026-02-01,P004,Basmati Rice 5kg,Pantry,12,11.52,6.82,0,14,
2026-02-02,P004,Basmati Rice 5kg,Pantry,30,11.52,6.82,0,14,
2026-02-03,P004,Basmati Rice 5kg,Pantry,34,11.53,6.82,0,14,
2026-02-04,P004,Basmati Rice 5kg,Pantry,14,11.53,6.82,0,14,
2026-02-05,P004,Basmati Rice 5kg,Pantry,25,11.53,6.82,0,14,
2026-02-06,P004,Basmati Rice 5kg,Pantry,23,11.53,6.82,0,14,
2026-02-07,P004,Basmati Rice 5kg,Pantry,32,11.53,6.82,0,14,
2026-02-08,P004,Basmati Rice 5kg,Pantry,46,11.53,6.82,0,14,
2026-02-09,P004,Basmati Rice 5kg,Pantry,24,11.53,6.82,0,14,
2026-02-10,P004,Basmati Rice 5kg,Pantry,20,11.53,6.82,0,14,
2026-02-11,P004,Basmati Rice 5kg,Pantry,10,11.53,6.82,0,14,
2026-02-12,P004,Basmati Rice 5kg,Pantry,30,11.53,6.82,0,14,
2026-02-13,P004,Basmati Rice 5kg,Pantry,11,11.53,6.82,0,14,
2026-02-14,P004,Basmati Rice 5kg,Pantry,31,11.54,6.82,0,14,
2026-02-15,P004,Basmati Rice 5kg,Pantry,23,11.54,6.82,0,14,
2026-02-16,P004,Basmati Rice 5kg,Pantry,23,11.54,6.82,0,14,
2026-02-17,P004,Basmati Rice 5kg,Pantry,20,11.54,6.82,0,14,
2026-02-18,P004,Basmati Rice 5kg,Pantry,14,11.54,6.82,0,14,
2026-02-19,P004,Basmati Rice 5kg,Pantry,31,11.54,6.82,0,14,
2026-02-20,P004,Basmati Rice 5kg,Pantry,16,11.54,6.82,0,14,
2026-02-21,P004,Basmati Rice 5kg,Pantry,29,11.54,6.82,0,14,
2026-02-22,P004,Basmati Rice 5kg,Pantry,14,11.54,6.82,0,14,
2026-02-23,P004,Basmati Rice 5kg,Pantry,16,11.54,6.82,0,14,
2026-02-24,P004,Basmati Rice 5kg,Pantry,18,11.54,6.82,0,14,
2026-02-25,P004,Basmati Rice 5kg,Pantry,20,11.55,6.82,0,14,
2026-02-26,P004,Basmati Rice 5kg,Pantry,22,11.55,6.82,0,14,
2026-02-27,P004,Basmati Rice 5kg,Pantry,20,11.55,6.82,0,14,
2026-02-28,P004,Basmati Rice 5kg,Pantry,17,11.55,6.82,0,14,
2026-03-01,P004,Basmati Rice 5kg,Pantry,42,11.55,6.82,0,14,
2026-03-02,P004,Basmati Rice 5kg,Pantry,18,11.55,6.82,0,14,
2026-03-03,P004,Basmati Rice 5kg,Pantry,21,11.55,6.82,0,14,
2026-03-04,P004,Basmati Rice 5kg,Pantry,11,11.55,6.82,0,14,
2026-03-05,P004,Basmati Rice 5kg,Pantry,33,11.55,6.82,0,14,
2026-03-06,P004,Basmati Rice 5kg,Pantry,17,9.82,6.82,1,14,
2026-03-07,P004,Basmati Rice 5kg,Pantry,23,9.82,6.82,1,14,
2026-03-08,P004,Basmati Rice 5kg,Pantry,25,9.82,6.82,1,14,
2026-03-09,P004,Basmati Rice 5kg,Pantry,23,9.82,6.82,1,14,
2026-03-10,P004,Basmati Rice 5kg,Pantry,24,9.82,6.82,1,14,
2026-03-11,P004,Basmati Rice 5kg,Pantry,41,11.56,6.82,0,14,
2026-03-12,P004,Basmati Rice 5kg,Pantry,10,11.56,6.82,0,14,
2026-03-13,P004,Basmati Rice 5kg,Pantry,20,11.56,6.82,0,14,
2026-03-14,P004,Basmati Rice 5kg,Pantry,17,11.56,6.82,0,14,
2026-03-15,P004,Basmati Rice 5kg,Pantry,9,11.56,6.82,0,14,
2026-03-16,P004,Basmati Rice 5kg,Pantry,25,11.56,6.82,0,14,
2026-03-17,P004,Basmati Rice 5kg,Pantry,11,11.56,6.82,0,14,
2026-03-18,P004,Basmati Rice 5kg,Pantry,12,11.56,6.82,0,14,
2026-03-19,P004,Basmati Rice 5kg,Pantry,18,11.57,6.82,0,14,
2026-03-20,P004,Basmati Rice 5kg,Pantry,28,11.57,6.82,0,14,
2026-03-21,P004,Basmati Rice 5kg,Pantry,17,11.57,6.82,0,14,
2026-03-22,P004,Basmati Rice 5kg,Pantry,17,11.57,6.82,0,14,
2026-03-23,P004,Basmati Rice 5kg,Pantry,10,11.57,6.82,0,14,
2026-03-24,P004,Basmati Rice 5kg,Pantry,31,11.57,6.82,0,14,
2026-03-25,P004,Basmati Rice 5kg,Pantry,12,11.57,6.82,0,14,
2026-03-26,P004,Basmati Rice 5kg,Pantry,23,11.57,6.82,0,14,
2026-03-27,P004,Basmati Rice 5kg,Pantry,10,11.57,6.82,0,14,
2026-03-28,P004,Basmati Rice 5kg,Pantry,11,11.57,6.82,0,14,
2026-03-29,P004,Basmati Rice 5kg,Pantry,9,11.57,6.82,0,14,
2026-03-30,P004,Basmati Rice 5kg,Pantry,17,11.58,6.82,0,14,
2026-03-31,P004,Basmati Rice 5kg,Pantry,9,11.58,6.82,0,14,
2026-04-01,P004,Basmati Rice 5kg,Pantry,30,11.58,6.82,0,14,
2026-04-02,P004,Basmati Rice 5kg,Pantry,17,11.58,6.82,0,14,
2026-04-03,P004,Basmati Rice 5kg,Pantry,28,11.58,6.82,0,14,
2026-04-04,P004,Basmati Rice 5kg,Pantry,29,11.58,6.82,0,14,
2026-04-05,P004,Basmati Rice 5kg,Pantry,15,11.58,6.82,0,14,
2026-04-06,P004,Basmati Rice 5kg,Pantry,19,11.58,6.82,0,14,
2026-04-07,P004,Basmati Rice 5kg,Pantry,19,11.58,6.82,0,14,
2026-04-08,P004,Basmati Rice 5kg,Pantry,22,11.58,6.82,0,14,
2026-04-09,P004,Basmati Rice 5kg,Pantry,38,11.58,6.82,0,14,
2026-04-10,P004,Basmati Rice 5kg,Pantry,13,11.59,6.82,0,14,
2026-04-11,P004,Basmati Rice 5kg,Pantry,16,11.59,6.82,0,14,
2026-04-12,P004,Basmati Rice 5kg,Pantry,17,11.59,6.82,0,14,
2026-04-13,P004,Basmati Rice 5kg,Pantry,22,11.59,6.82,0,14,
2026-04-14,P004,Basmati Rice 5kg,Pantry,12,11.59,6.82,0,14,
2026-04-15,P004,Basmati Rice 5kg,Pantry,17,9.85,6.82,1,14,
2026-04-16,P004,Basmati Rice 5kg,Pantry,43,9.85,6.82,1,14,
2026-04-17,P004,Basmati Rice 5kg,Pantry,24,9.85,6.82,1,14,
2026-04-18,P004,Basmati Rice 5kg,Pantry,18,9.85,6.82,1,14,
2026-04-19,P004,Basmati Rice 5kg,Pantry,20,9.85,6.82,1,14,
2026-04-20,P004,Basmati Rice 5kg,Pantry,16,11.59,6.82,0,14,
2026-04-21,P004,Basmati Rice 5kg,Pantry,19,11.6,6.82,0,14,
2026-04-22,P004,Basmati Rice 5kg,Pantry,8,11.6,6.82,0,14,
2026-04-23,P004,Basmati Rice 5kg,Pantry,20,11.6,6.82,0,14,
2026-04-24,P004,Basmati Rice 5kg,Pantry,18,11.6,6.82,0,14,
2026-04-25,P004,Basmati Rice 5kg,Pantry,8,11.6,6.82,0,14,
2026-04-26,P004,Basmati Rice 5kg,Pantry,13,11.6,6.82,0,14,
2026-04-27,P004,Basmati Rice 5kg,Pantry,31,11.6,6.82,0,14,
2026-04-28,P004,Basmati Rice 5kg,Pantry,24,11.6,6.82,0,14,
2026-04-29,P004,Basmati Rice 5kg,Pantry,19,11.6,6.82,0,14,
2026-04-30,P004,Basmati Rice 5kg,Pantry,22,11.6,6.82,0,14,
2026-05-01,P004,Basmati Rice 5kg,Pantry,25,11.6,6.82,0,14,
2026-05-02,P004,Basmati Rice 5kg,Pantry,30,11.61,6.82,0,14,
2026-05-03,P004,Basmati Rice 5kg,Pantry,22,11.61,6.82,0,14,
2026-05-04,P004,Basmati Rice 5kg,Pantry,19,11.61,6.82,0,14,
2026-05-05,P004,Basmati Rice 5kg,Pantry,31,11.61,6.82,0,14,
2026-05-06,P004,Basmati Rice 5kg,Pantry,10,11.61,6.82,0,14,
2026-05-07,P004,Basmati Rice 5kg,Pantry,18,11.61,6.82,0,14,
2026-05-08,P004,Basmati Rice 5kg,Pantry,24,11.61,6.82,0,14,
2026-05-09,P004,Basmati Rice 5kg,Pantry,30,11.61,6.82,0,14,
2026-05-10,P004,Basmati Rice 5kg,Pantry,30,11.61,6.82,0,14,
2026-05-11,P004,Basmati Rice 5kg,Pantry,6,11.61,6.82,0,14,
2026-05-12,P004,Basmati Rice 5kg,Pantry,35,11.61,6.82,0,14,
2026-05-13,P004,Basmati Rice 5kg,Pantry,23,11.62,6.82,0,14,
2026-05-14,P004,Basmati Rice 5kg,Pantry,15,11.62,6.82,0,14,
2026-05-15,P004,Basmati Rice 5kg,Pantry,11,11.62,6.82,0,14,
2026-05-16,P004,Basmati Rice 5kg,Pantry,14,11.62,6.82,0,14,
2026-05-17,P004,Basmati Rice 5kg,Pantry,18,11.62,6.82,0,14,
2026-05-18,P004,Basmati Rice 5kg,Pantry,21,11.62,6.82,0,14,
2026-05-19,P004,Basmati Rice 5kg,Pantry,13,11.62,6.82,0,14,
2026-05-20,P004,Basmati Rice 5kg,Pantry,22,11.62,6.82,0,14,
2026-05-21,P004,Basmati Rice 5kg,Pantry,38,11.62,6.82,0,14,
2026-05-22,P004,Basmati Rice 5kg,Pantry,29,11.62,6.82,0,14,
2026-05-23,P004,Basmati Rice 5kg,Pantry,22,11.62,6.82,0,14,
2026-05-24,P004,Basmati Rice 5kg,Pantry,24,11.63,6.82,0,14,
2026-05-25,P004,Basmati Rice 5kg,Pantry,14,11.63,6.82,0,14,
2026-05-26,P004,Basmati Rice 5kg,Pantry,14,11.63,6.82,0,14,
2026-05-27,P004,Basmati Rice 5kg,Pantry,16,11.63,6.82,0,14,
2026-05-28,P004,Basmati Rice 5kg,Pantry,20,11.63,6.82,0,14,
2026-05-29,P004,Basmati Rice 5kg,Pantry,17,11.63,6.82,0,14,
2026-05-30,P004,Basmati Rice 5kg,Pantry,31,11.63,6.82,0,14,
2026-05-31,P004,Basmati Rice 5kg,Pantry,5,11.63,6.82,0,14,
2026-06-01,P004,Basmati Rice 5kg,Pantry,18,11.63,6.82,0,14,
2026-06-02,P004,Basmati Rice 5kg,Pantry,16,11.63,6.82,0,14,
2026-06-03,P004,Basmati Rice 5kg,Pantry,13,11.63,6.82,0,14,
2026-06-04,P004,Basmati Rice 5kg,Pantry,25,11.64,6.82,0,14,
2026-06-05,P004,Basmati Rice 5kg,Pantry,20,11.64,6.82,0,14,
2026-06-06,P004,Basmati Rice 5kg,Pantry,28,11.64,6.82,0,14,
2026-06-07,P004,Basmati Rice 5kg,Pantry,13,11.64,6.82,0,14,
2026-06-08,P004,Basmati Rice 5kg,Pantry,7,11.64,6.82,0,14,
2026-06-09,P004,Basmati Rice 5kg,Pantry,31,11.64,6.82,0,14,
2026-06-10,P004,Basmati Rice 5kg,Pantry,15,11.64,6.82,0,14,
2026-06-11,P004,Basmati Rice 5kg,Pantry,10,11.64,6.82,0,14,
2026-06-12,P004,Basmati Rice 5kg,Pantry,17,11.64,6.82,0,14,
2026-06-13,P004,Basmati Rice 5kg,Pantry,41,11.64,6.82,0,14,
2026-06-14,P004,Basmati Rice 5kg,Pantry,17,11.64,6.82,0,14,
2026-06-15,P004,Basmati Rice 5kg,Pantry,18,11.65,6.82,0,14,
2026-06-16,P004,Basmati Rice 5kg,Pantry,24,11.65,6.82,0,14,
2026-06-17,P004,Basmati Rice 5kg,Pantry,33,11.65,6.82,0,14,
2026-06-18,P004,Basmati Rice 5kg,Pantry,13,11.65,6.82,0,14,
2026-06-19,P004,Basmati Rice 5kg,Pantry,25,11.65,6.82,0,14,
2026-06-20,P004,Basmati Rice 5kg,Pantry,16,11.65,6.82,0,14,
2026-06-21,P004,Basmati Rice 5kg,Pantry,17,11.65,6.82,0,14,
2026-06-22,P004,Basmati Rice 5kg,Pantry,4,11.65,6.82,0,14,
2026-06-23,P004,Basmati Rice 5kg,Pantry,8,11.65,6.82,0,14,
2026-06-24,P004,Basmati Rice 5kg,Pantry,17,11.65,6.82,0,14,
2026-06-25,P004,Basmati Rice 5kg,Pantry,14,11.65,6.82,0,14,
2026-06-26,P004,Basmati Rice 5kg,Pantry,24,11.66,6.82,0,14,
2026-06-27,P004,Basmati Rice 5kg,Pantry,14,11.66,6.82,0,14,
2026-06-28,P004,Basmati Rice 5kg,Pantry,14,11.66,6.82,0,14,
2026-06-29,P004,Basmati Rice 5kg,Pantry,29,11.66,6.82,0,14,
2026-06-30,P004,Basmati Rice 5kg,Pantry,7,11.66,6.82,0,14,642
2024-07-01,P005,Sunscreen SPF50,Personal Care,16,9.0,5.58,0,12,
2024-07-02,P005,Sunscreen SPF50,Personal Care,31,9.0,5.58,0,12,
2024-07-03,P005,Sunscreen SPF50,Personal Care,21,9.0,5.58,0,12,
2024-07-04,P005,Sunscreen SPF50,Personal Care,31,9.0,5.58,0,12,
2024-07-05,P005,Sunscreen SPF50,Personal Care,21,9.0,5.58,0,12,
2024-07-06,P005,Sunscreen SPF50,Personal Care,28,9.0,5.58,0,12,
2024-07-07,P005,Sunscreen SPF50,Personal Care,32,9.0,5.58,0,12,
2024-07-08,P005,Sunscreen SPF50,Personal Care,14,9.01,5.58,0,12,
2024-07-09,P005,Sunscreen SPF50,Personal Care,24,9.01,5.58,0,12,
2024-07-10,P005,Sunscreen SPF50,Personal Care,22,9.01,5.58,0,12,
2024-07-11,P005,Sunscreen SPF50,Personal Care,13,9.01,5.58,0,12,
2024-07-12,P005,Sunscreen SPF50,Personal Care,26,9.01,5.58,0,12,
2024-07-13,P005,Sunscreen SPF50,Personal Care,11,9.01,5.58,0,12,
2024-07-14,P005,Sunscreen SPF50,Personal Care,42,9.01,5.58,0,12,
2024-07-15,P005,Sunscreen SPF50,Personal Care,26,9.01,5.58,0,12,
2024-07-16,P005,Sunscreen SPF50,Personal Care,22,9.01,5.58,0,12,
2024-07-17,P005,Sunscreen SPF50,Personal Care,9,9.01,5.58,0,12,
2024-07-18,P005,Sunscreen SPF50,Personal Care,40,7.66,5.58,1,12,
2024-07-19,P005,Sunscreen SPF50,Personal Care,24,7.66,5.58,1,12,
2024-07-20,P005,Sunscreen SPF50,Personal Care,41,7.66,5.58,1,12,
2024-07-21,P005,Sunscreen SPF50,Personal Care,32,7.66,5.58,1,12,
2024-07-22,P005,Sunscreen SPF50,Personal Care,17,7.66,5.58,1,12,
2024-07-23,P005,Sunscreen SPF50,Personal Care,28,7.66,5.58,1,12,
2024-07-24,P005,Sunscreen SPF50,Personal Care,69,7.66,5.58,1,12,
2024-07-25,P005,Sunscreen SPF50,Personal Care,18,9.02,5.58,0,12,
2024-07-26,P005,Sunscreen SPF50,Personal Care,35,9.02,5.58,0,12,
2024-07-27,P005,Sunscreen SPF50,Personal Care,14,9.02,5.58,0,12,
2024-07-28,P005,Sunscreen SPF50,Personal Care,30,9.02,5.58,0,12,
2024-07-29,P005,Sunscreen SPF50,Personal Care,14,9.02,5.58,0,12,
2024-07-30,P005,Sunscreen SPF50,Personal Care,21,9.02,5.58,0,12,
2024-07-31,P005,Sunscreen SPF50,Personal Care,24,9.02,5.58,0,12,
2024-08-01,P005,Sunscreen SPF50,Personal Care,12,9.02,5.58,0,12,
2024-08-02,P005,Sunscreen SPF50,Personal Care,16,9.02,5.58,0,12,
2024-08-03,P005,Sunscreen SPF50,Personal Care,39,9.02,5.58,0,12,
2024-08-04,P005,Sunscreen SPF50,Personal Care,23,9.03,5.58,0,12,
2024-08-05,P005,Sunscreen SPF50,Personal Care,22,9.03,5.58,0,12,
2024-08-06,P005,Sunscreen SPF50,Personal Care,21,9.03,5.58,0,12,
2024-08-07,P005,Sunscreen SPF50,Personal Care,25,9.03,5.58,0,12,
2024-08-08,P005,Sunscreen SPF50,Personal Care,9,9.03,5.58,0,12,
2024-08-09,P005,Sunscreen SPF50,Personal Care,16,9.03,5.58,0,12,
2024-08-10,P005,Sunscreen SPF50,Personal Care,17,9.03,5.58,0,12,
2024-08-11,P005,Sunscreen SPF50,Personal Care,30,9.03,5.58,0,12,
2024-08-12,P005,Sunscreen SPF50,Personal Care,15,9.03,5.58,0,12,
2024-08-13,P005,Sunscreen SPF50,Personal Care,12,9.03,5.58,0,12,
2024-08-14,P005,Sunscreen SPF50,Personal Care,14,9.03,5.58,0,12,
2024-08-15,P005,Sunscreen SPF50,Personal Care,23,9.03,5.58,0,12,
2024-08-16,P005,Sunscreen SPF50,Personal Care,8,9.03,5.58,0,12,
2024-08-17,P005,Sunscreen SPF50,Personal Care,19,9.03,5.58,0,12,
2024-08-18,P005,Sunscreen SPF50,Personal Care,16,9.04,5.58,0,12,
2024-08-19,P005,Sunscreen SPF50,Personal Care,11,9.04,5.58,0,12,
2024-08-20,P005,Sunscreen SPF50,Personal Care,22,9.04,5.58,0,12,
2024-08-21,P005,Sunscreen SPF50,Personal Care,11,9.04,5.58,0,12,
2024-08-22,P005,Sunscreen SPF50,Personal Care,27,9.04,5.58,0,12,
2024-08-23,P005,Sunscreen SPF50,Personal Care,22,9.04,5.58,0,12,
2024-08-24,P005,Sunscreen SPF50,Personal Care,25,9.04,5.58,0,12,
2024-08-25,P005,Sunscreen SPF50,Personal Care,7,9.04,5.58,0,12,
2024-08-26,P005,Sunscreen SPF50,Personal Care,22,9.04,5.58,0,12,
2024-08-27,P005,Sunscreen SPF50,Personal Care,24,9.04,5.58,0,12,
2024-08-28,P005,Sunscreen SPF50,Personal Care,22,9.04,5.58,0,12,
2024-08-29,P005,Sunscreen SPF50,Personal Care,17,9.04,5.58,0,12,
2024-08-30,P005,Sunscreen SPF50,Personal Care,12,9.04,5.58,0,12,
2024-08-31,P005,Sunscreen SPF50,Personal Care,16,9.05,5.58,0,12,
2024-09-01,P005,Sunscreen SPF50,Personal Care,15,9.05,5.58,0,12,
2024-09-02,P005,Sunscreen SPF50,Personal Care,24,9.05,5.58,0,12,
2024-09-03,P005,Sunscreen SPF50,Personal Care,11,9.05,5.58,0,12,
2024-09-04,P005,Sunscreen SPF50,Personal Care,11,9.05,5.58,0,12,
2024-09-05,P005,Sunscreen SPF50,Personal Care,13,9.05,5.58,0,12,
2024-09-06,P005,Sunscreen SPF50,Personal Care,8,9.05,5.58,0,12,
2024-09-07,P005,Sunscreen SPF50,Personal Care,15,9.05,5.58,0,12,
2024-09-08,P005,Sunscreen SPF50,Personal Care,21,9.05,5.58,0,12,
2024-09-09,P005,Sunscreen SPF50,Personal Care,14,9.05,5.58,0,12,
2024-09-10,P005,Sunscreen SPF50,Personal Care,19,9.05,5.58,0,12,
2024-09-11,P005,Sunscreen SPF50,Personal Care,7,9.05,5.58,0,12,
2024-09-12,P005,Sunscreen SPF50,Personal Care,9,9.05,5.58,0,12,
2024-09-13,P005,Sunscreen SPF50,Personal Care,7,9.05,5.58,0,12,
2024-09-14,P005,Sunscreen SPF50,Personal Care,12,9.06,5.58,0,12,
2024-09-15,P005,Sunscreen SPF50,Personal Care,21,9.06,5.58,0,12,
2024-09-16,P005,Sunscreen SPF50,Personal Care,12,9.06,5.58,0,12,
2024-09-17,P005,Sunscreen SPF50,Personal Care,6,9.06,5.58,0,12,
2024-09-18,P005,Sunscreen SPF50,Personal Care,19,9.06,5.58,0,12,
2024-09-19,P005,Sunscreen SPF50,Personal Care,3,9.06,5.58,0,12,
2024-09-20,P005,Sunscreen SPF50,Personal Care,6,9.06,5.58,0,12,
2024-09-21,P005,Sunscreen SPF50,Personal Care,25,9.06,5.58,0,12,
2024-09-22,P005,Sunscreen SPF50,Personal Care,17,9.06,5.58,0,12,
2024-09-23,P005,Sunscreen SPF50,Personal Care,20,9.06,5.58,0,12,
2024-09-24,P005,Sunscreen SPF50,Personal Care,10,9.06,5.58,0,12,
2024-09-25,P005,Sunscreen SPF50,Personal Care,17,9.06,5.58,0,12,
2024-09-26,P005,Sunscreen SPF50,Personal Care,14,9.06,5.58,0,12,
2024-09-27,P005,Sunscreen SPF50,Personal Care,17,9.07,5.58,0,12,
2024-09-28,P005,Sunscreen SPF50,Personal Care,15,9.07,5.58,0,12,
2024-09-29,P005,Sunscreen SPF50,Personal Care,15,9.07,5.58,0,12,
2024-09-30,P005,Sunscreen SPF50,Personal Care,14,9.07,5.58,0,12,
2024-10-01,P005,Sunscreen SPF50,Personal Care,6,9.07,5.58,0,12,
2024-10-02,P005,Sunscreen SPF50,Personal Care,7,9.07,5.58,0,12,
2024-10-03,P005,Sunscreen SPF50,Personal Care,1,9.07,5.58,0,12,
2024-10-04,P005,Sunscreen SPF50,Personal Care,18,9.07,5.58,0,12,
2024-10-05,P005,Sunscreen SPF50,Personal Care,13,9.07,5.58,0,12,
2024-10-06,P005,Sunscreen SPF50,Personal Care,10,9.07,5.58,0,12,
2024-10-07,P005,Sunscreen SPF50,Personal Care,11,9.07,5.58,0,12,
2024-10-08,P005,Sunscreen SPF50,Personal Care,15,9.07,5.58,0,12,
2024-10-09,P005,Sunscreen SPF50,Personal Care,16,9.07,5.58,0,12,
2024-10-10,P005,Sunscreen SPF50,Personal Care,11,9.07,5.58,0,12,
2024-10-11,P005,Sunscreen SPF50,Personal Care,16,9.08,5.58,0,12,
2024-10-12,P005,Sunscreen SPF50,Personal Care,17,9.08,5.58,0,12,
2024-10-13,P005,Sunscreen SPF50,Personal Care,11,9.08,5.58,0,12,
2024-10-14,P005,Sunscreen SPF50,Personal Care,10,9.08,5.58,0,12,
2024-10-15,P005,Sunscreen SPF50,Personal Care,5,9.08,5.58,0,12,
2024-10-16,P005,Sunscreen SPF50,Personal Care,4,9.08,5.58,0,12,
2024-10-17,P005,Sunscreen SPF50,Personal Care,17,9.08,5.58,0,12,
2024-10-18,P005,Sunscreen SPF50,Personal Care,12,9.08,5.58,0,12,
2024-10-19,P005,Sunscreen SPF50,Personal Care,14,9.08,5.58,0,12,
2024-10-20,P005,Sunscreen SPF50,Personal Care,3,9.08,5.58,0,12,
2024-10-21,P005,Sunscreen SPF50,Personal Care,9,9.08,5.58,0,12,
2024-10-22,P005,Sunscreen SPF50,Personal Care,9,9.08,5.58,0,12,
2024-10-23,P005,Sunscreen SPF50,Personal Care,9,9.08,5.58,0,12,
2024-10-24,P005,Sunscreen SPF50,Personal Care,3,9.09,5.58,0,12,
2024-10-25,P005,Sunscreen SPF50,Personal Care,3,9.09,5.58,0,12,
2024-10-26,P005,Sunscreen SPF50,Personal Care,6,9.09,5.58,0,12,
2024-10-27,P005,Sunscreen SPF50,Personal Care,13,9.09,5.58,0,12,
2024-10-28,P005,Sunscreen SPF50,Personal Care,2,9.09,5.58,0,12,
2024-10-29,P005,Sunscreen SPF50,Personal Care,12,9.09,5.58,0,12,
2024-10-30,P005,Sunscreen SPF50,Personal Care,4,9.09,5.58,0,12,
2024-10-31,P005,Sunscreen SPF50,Personal Care,7,9.09,5.58,0,12,
2024-11-01,P005,Sunscreen SPF50,Personal Care,6,9.09,5.58,0,12,
2024-11-02,P005,Sunscreen SPF50,Personal Care,7,9.09,5.58,0,12,
2024-11-03,P005,Sunscreen SPF50,Personal Care,11,9.09,5.58,0,12,
2024-11-04,P005,Sunscreen SPF50,Personal Care,7,9.09,5.58,0,12,
2024-11-05,P005,Sunscreen SPF50,Personal Care,5,9.09,5.58,0,12,
2024-11-06,P005,Sunscreen SPF50,Personal Care,3,9.09,5.58,0,12,
2024-11-07,P005,Sunscreen SPF50,Personal Care,8,9.1,5.58,0,12,
2024-11-08,P005,Sunscreen SPF50,Personal Care,4,9.1,5.58,0,12,
2024-11-09,P005,Sunscreen SPF50,Personal Care,5,9.1,5.58,0,12,
2024-11-10,P005,Sunscreen SPF50,Personal Care,5,9.1,5.58,0,12,
2024-11-11,P005,Sunscreen SPF50,Personal Care,14,9.1,5.58,0,12,
2024-11-12,P005,Sunscreen SPF50,Personal Care,6,9.1,5.58,0,12,
2024-11-13,P005,Sunscreen SPF50,Personal Care,0,9.1,5.58,0,12,
2024-11-14,P005,Sunscreen SPF50,Personal Care,8,7.74,5.58,1,12,
2024-11-15,P005,Sunscreen SPF50,Personal Care,2,7.74,5.58,1,12,
2024-11-16,P005,Sunscreen SPF50,Personal Care,2,7.74,5.58,1,12,
2024-11-17,P005,Sunscreen SPF50,Personal Care,4,7.74,5.58,1,12,
2024-11-18,P005,Sunscreen SPF50,Personal Care,4,7.74,5.58,1,12,
2024-11-19,P005,Sunscreen SPF50,Personal Care,6,7.74,5.58,1,12,
2024-11-20,P005,Sunscreen SPF50,Personal Care,1,7.74,5.58,1,12,
2024-11-21,P005,Sunscreen SPF50,Personal Care,4,9.11,5.58,0,12,
2024-11-22,P005,Sunscreen SPF50,Personal Care,4,9.11,5.58,0,12,
2024-11-23,P005,Sunscreen SPF50,Personal Care,4,9.11,5.58,0,12,
2024-11-24,P005,Sunscreen SPF50,Personal Care,3,9.11,5.58,0,12,
2024-11-25,P005,Sunscreen SPF50,Personal Care,1,9.11,5.58,0,12,
2024-11-26,P005,Sunscreen SPF50,Personal Care,2,9.11,5.58,0,12,
2024-11-27,P005,Sunscreen SPF50,Personal Care,1,9.11,5.58,0,12,
2024-11-28,P005,Sunscreen SPF50,Personal Care,1,9.11,5.58,0,12,
2024-11-29,P005,Sunscreen SPF50,Personal Care,4,9.11,5.58,0,12,
2024-11-30,P005,Sunscreen SPF50,Personal Care,5,9.11,5.58,0,12,
2024-12-01,P005,Sunscreen SPF50,Personal Care,3,9.11,5.58,0,12,
2024-12-02,P005,Sunscreen SPF50,Personal Care,1,9.11,5.58,0,12,
2024-12-03,P005,Sunscreen SPF50,Personal Care,2,9.11,5.58,0,12,
2024-12-04,P005,Sunscreen SPF50,Personal Care,1,9.12,5.58,0,12,
2024-12-05,P005,Sunscreen SPF50,Personal Care,3,9.12,5.58,0,12,
2024-12-06,P005,Sunscreen SPF50,Personal Care,4,9.12,5.58,0,12,
2024-12-07,P005,Sunscreen SPF50,Personal Care,0,9.12,5.58,0,12,
2024-12-08,P005,Sunscreen SPF50,Personal Care,1,9.12,5.58,0,12,
2024-12-09,P005,Sunscreen SPF50,Personal Care,2,9.12,5.58,0,12,
2024-12-10,P005,Sunscreen SPF50,Personal Care,0,9.12,5.58,0,12,
2024-12-11,P005,Sunscreen SPF50,Personal Care,2,9.12,5.58,0,12,
2024-12-12,P005,Sunscreen SPF50,Personal Care,1,9.12,5.58,0,12,
2024-12-13,P005,Sunscreen SPF50,Personal Care,1,9.12,5.58,0,12,
2024-12-14,P005,Sunscreen SPF50,Personal Care,0,9.12,5.58,0,12,
2024-12-15,P005,Sunscreen SPF50,Personal Care,1,9.12,5.58,0,12,
2024-12-16,P005,Sunscreen SPF50,Personal Care,0,9.12,5.58,0,12,
2024-12-17,P005,Sunscreen SPF50,Personal Care,1,9.12,5.58,0,12,
2024-12-18,P005,Sunscreen SPF50,Personal Care,2,9.13,5.58,0,12,
2024-12-19,P005,Sunscreen SPF50,Personal Care,0,9.13,5.58,0,12,
2024-12-20,P005,Sunscreen SPF50,Personal Care,0,9.13,5.58,0,12,
2024-12-21,P005,Sunscreen SPF50,Personal Care,1,9.13,5.58,0,12,
2024-12-22,P005,Sunscreen SPF50,Personal Care,1,9.13,5.58,0,12,
2024-12-23,P005,Sunscreen SPF50,Personal Care,4,9.13,5.58,0,12,
2024-12-24,P005,Sunscreen SPF50,Personal Care,0,9.13,5.58,0,12,
2024-12-25,P005,Sunscreen SPF50,Personal Care,2,9.13,5.58,0,12,
2024-12-26,P005,Sunscreen SPF50,Personal Care,1,9.13,5.58,0,12,
2024-12-27,P005,Sunscreen SPF50,Personal Care,2,9.13,5.58,0,12,
2024-12-28,P005,Sunscreen SPF50,Personal Care,3,9.13,5.58,0,12,
2024-12-29,P005,Sunscreen SPF50,Personal Care,0,9.13,5.58,0,12,
2024-12-30,P005,Sunscreen SPF50,Personal Care,0,9.13,5.58,0,12,
2024-12-31,P005,Sunscreen SPF50,Personal Care,3,9.14,5.58,0,12,
2025-01-01,P005,Sunscreen SPF50,Personal Care,1,9.14,5.58,0,12,
2025-01-02,P005,Sunscreen SPF50,Personal Care,1,9.14,5.58,0,12,
2025-01-03,P005,Sunscreen SPF50,Personal Care,1,9.14,5.58,0,12,
2025-01-04,P005,Sunscreen SPF50,Personal Care,2,9.14,5.58,0,12,
2025-01-05,P005,Sunscreen SPF50,Personal Care,0,9.14,5.58,0,12,
2025-01-06,P005,Sunscreen SPF50,Personal Care,3,9.14,5.58,0,12,
2025-01-07,P005,Sunscreen SPF50,Personal Care,3,9.14,5.58,0,12,
2025-01-08,P005,Sunscreen SPF50,Personal Care,1,7.77,5.58,1,12,
2025-01-09,P005,Sunscreen SPF50,Personal Care,3,7.77,5.58,1,12,
2025-01-10,P005,Sunscreen SPF50,Personal Care,2,7.77,5.58,1,12,
2025-01-11,P005,Sunscreen SPF50,Personal Care,5,7.77,5.58,1,12,
2025-01-12,P005,Sunscreen SPF50,Personal Care,2,7.77,5.58,1,12,
2025-01-13,P005,Sunscreen SPF50,Personal Care,0,7.77,5.58,1,12,
2025-01-14,P005,Sunscreen SPF50,Personal Care,4,7.77,5.58,1,12,
2025-01-15,P005,Sunscreen SPF50,Personal Care,2,9.15,5.58,0,12,
2025-01-16,P005,Sunscreen SPF50,Personal Care,2,9.15,5.58,0,12,
2025-01-17,P005,Sunscreen SPF50,Personal Care,6,9.15,5.58,0,12,
2025-01-18,P005,Sunscreen SPF50,Personal Care,0,9.15,5.58,0,12,
2025-01-19,P005,Sunscreen SPF50,Personal Care,4,9.15,5.58,0,12,
2025-01-20,P005,Sunscreen SPF50,Personal Care,7,9.15,5.58,0,12,
2025-01-21,P005,Sunscreen SPF50,Personal Care,3,9.15,5.58,0,12,
2025-01-22,P005,Sunscreen SPF50,Personal Care,3,9.15,5.58,0,12,
2025-01-23,P005,Sunscreen SPF50,Personal Care,2,9.15,5.58,0,12,
2025-01-24,P005,Sunscreen SPF50,Personal Care,9,9.15,5.58,0,12,
2025-01-25,P005,Sunscreen SPF50,Personal Care,1,9.15,5.58,0,12,
2025-01-26,P005,Sunscreen SPF50,Personal Care,3,9.15,5.58,0,12,
2025-01-27,P005,Sunscreen SPF50,Personal Care,4,9.16,5.58,0,12,
2025-01-28,P005,Sunscreen SPF50,Personal Care,1,9.16,5.58,0,12,
2025-01-29,P005,Sunscreen SPF50,Personal Care,3,9.16,5.58,0,12,
2025-01-30,P005,Sunscreen SPF50,Personal Care,1,7.78,5.58,1,12,
2025-01-31,P005,Sunscreen SPF50,Personal Care,14,7.78,5.58,1,12,
2025-02-01,P005,Sunscreen SPF50,Personal Care,13,7.79,5.58,1,12,
2025-02-02,P005,Sunscreen SPF50,Personal Care,8,7.79,5.58,1,12,
2025-02-03,P005,Sunscreen SPF50,Personal Care,3,9.16,5.58,0,12,
2025-02-04,P005,Sunscreen SPF50,Personal Care,6,9.16,5.58,0,12,
2025-02-05,P005,Sunscreen SPF50,Personal Care,12,9.16,5.58,0,12,
2025-02-06,P005,Sunscreen SPF50,Personal Care,4,9.16,5.58,0,12,
2025-02-07,P005,Sunscreen SPF50,Personal Care,4,9.16,5.58,0,12,
2025-02-08,P005,Sunscreen SPF50,Personal Care,4,9.16,5.58,0,12,
2025-02-09,P005,Sunscreen SPF50,Personal Care,3,9.16,5.58,0,12,
2025-02-10,P005,Sunscreen SPF50,Personal Care,10,9.17,5.58,0,12,
2025-02-11,P005,Sunscreen SPF50,Personal Care,9,9.17,5.58,0,12,
2025-02-12,P005,Sunscreen SPF50,Personal Care,6,9.17,5.58,0,12,
2025-02-13,P005,Sunscreen SPF50,Personal Care,5,9.17,5.58,0,12,
2025-02-14,P005,Sunscreen SPF50,Personal Care,5,9.17,5.58,0,12,
2025-02-15,P005,Sunscreen SPF50,Personal Care,3,9.17,5.58,0,12,
2025-02-16,P005,Sunscreen SPF50,Personal Care,12,9.17,5.58,0,12,
2025-02-17,P005,Sunscreen SPF50,Personal Care,6,9.17,5.58,0,12,
2025-02-18,P005,Sunscreen SPF50,Personal Care,8,9.17,5.58,0,12,
2025-02-19,P005,Sunscreen SPF50,Personal Care,6,9.17,5.58,0,12,
2025-02-20,P005,Sunscreen SPF50,Personal Care,8,9.17,5.58,0,12,
2025-02-21,P005,Sunscreen SPF50,Personal Care,5,9.17,5.58,0,12,
2025-02-22,P005,Sunscreen SPF50,Personal Care,11,9.17,5.58,0,12,
2025-02-23,P005,Sunscreen SPF50,Personal Care,10,9.18,5.58,0,12,
2025-02-24,P005,Sunscreen SPF50,Personal Care,2,9.18,5.58,0,12,
2025-02-25,P005,Sunscreen SPF50,Personal Care,3,9.18,5.58,0,12,
2025-02-26,P005,Sunscreen SPF50,Personal Care,4,9.18,5.58,0,12,
2025-02-27,P005,Sunscreen SPF50,Personal Care,10,7.8,5.58,1,12,
2025-02-28,P005,Sunscreen SPF50,Personal Care,6,7.8,5.58,1,12,
2025-03-01,P005,Sunscreen SPF50,Personal Care,13,7.8,5.58,1,12,
2025-03-02,P005,Sunscreen SPF50,Personal Care,9,7.8,5.58,1,12,
2025-03-03,P005,Sunscreen SPF50,Personal Care,15,7.8,5.58,1,12,
2025-03-04,P005,Sunscreen SPF50,Personal Care,6,9.18,5.58,0,12,
2025-03-05,P005,Sunscreen SPF50,Personal Care,11,9.18,5.58,0,12,
2025-03-06,P005,Sunscreen SPF50,Personal Care,13,9.18,5.58,0,12,
2025-03-07,P005,Sunscreen SPF50,Personal Care,6,9.18,5.58,0,12,
2025-03-08,P005,Sunscreen SPF50,Personal Care,11,9.18,5.58,0,12,
2025-03-09,P005,Sunscreen SPF50,Personal Care,14,9.19,5.58,0,12,
2025-03-10,P005,Sunscreen SPF50,Personal Care,8,9.19,5.58,0,12,
2025-03-11,P005,Sunscreen SPF50,Personal Care,16,9.19,5.58,0,12,
2025-03-12,P005,Sunscreen SPF50,Personal Care,8,9.19,5.58,0,12,
2025-03-13,P005,Sunscreen SPF50,Personal Care,14,9.19,5.58,0,12,
2025-03-14,P005,Sunscreen SPF50,Personal Care,18,9.19,5.58,0,12,
2025-03-15,P005,Sunscreen SPF50,Personal Care,7,9.19,5.58,0,12,
2025-03-16,P005,Sunscreen SPF50,Personal Care,12,9.19,5.58,0,12,
2025-03-17,P005,Sunscreen SPF50,Personal Care,18,9.19,5.58,0,12,
2025-03-18,P005,Sunscreen SPF50,Personal Care,15,9.19,5.58,0,12,
2025-03-19,P005,Sunscreen SPF50,Personal Care,11,9.19,5.58,0,12,
2025-03-20,P005,Sunscreen SPF50,Personal Care,7,9.19,5.58,0,12,
2025-03-21,P005,Sunscreen SPF50,Personal Care,10,9.19,5.58,0,12,
2025-03-22,P005,Sunscreen SPF50,Personal Care,22,9.2,5.58,0,12,
2025-03-23,P005,Sunscreen SPF50,Personal Care,19,9.2,5.58,0,12,
2025-03-24,P005,Sunscreen SPF50,Personal Care,10,9.2,5.58,0,12,
2025-03-25,P005,Sunscreen SPF50,Personal Care,4,9.2,5.58,0,12,
2025-03-26,P005,Sunscreen SPF50,Personal Care,14,9.2,5.58,0,12,
2025-03-27,P005,Sunscreen SPF50,Personal Care,20,9.2,5.58,0,12,
2025-03-28,P005,Sunscreen SPF50,Personal Care,15,9.2,5.58,0,12,
2025-03-29,P005,Sunscreen SPF50,Personal Care,28,9.2,5.58,0,12,
2025-03-30,P005,Sunscreen SPF50,Personal Care,19,9.2,5.58,0,12,
2025-03-31,P005,Sunscreen SPF50,Personal Care,7,9.2,5.58,0,12,
2025-04-01,P005,Sunscreen SPF50,Personal Care,16,9.2,5.58,0,12,
2025-04-02,P005,Sunscreen SPF50,Personal Care,16,9.2,5.58,0,12,
2025-04-03,P005,Sunscreen SPF50,Personal Care,10,9.2,5.58,0,12,
2025-04-04,P005,Sunscreen SPF50,Personal Care,27,9.2,5.58,0,12,
2025-04-05,P005,Sunscreen SPF50,Personal Care,15,9.21,5.58,0,12,
2025-04-06,P005,Sunscreen SPF50,Personal Care,10,9.21,5.58,0,12,
2025-04-07,P005,Sunscreen SPF50,Personal Care,19,9.21,5.58,0,12,
2025-04-08,P005,Sunscreen SPF50,Personal Care,13,9.21,5.58,0,12,
2025-04-09,P005,Sunscreen SPF50,Personal Care,24,9.21,5.58,0,12,
2025-04-10,P005,Sunscreen SPF50,Personal Care,16,9.21,5.58,0,12,
2025-04-11,P005,Sunscreen SPF50,Personal Care,12,9.21,5.58,0,12,
2025-04-12,P005,Sunscreen SPF50,Personal Care,13,9.21,5.58,0,12,
2025-04-13,P005,Sunscreen SPF50,Personal Care,26,9.21,5.58,0,12,
2025-04-14,P005,Sunscreen SPF50,Personal Care,31,9.21,5.58,0,12,
2025-04-15,P005,Sunscreen SPF50,Personal Care,18,9.21,5.58,0,12,
2025-04-16,P005,Sunscreen SPF50,Personal Care,13,9.21,5.58,0,12,
2025-04-17,P005,Sunscreen SPF50,Personal Care,13,9.21,5.58,0,12,
2025-04-18,P005,Sunscreen SPF50,Personal Care,4,9.22,5.58,0,12,
2025-04-19,P005,Sunscreen SPF50,Personal Care,23,9.22,5.58,0,12,
2025-04-20,P005,Sunscreen SPF50,Personal Care,24,9.22,5.58,0,12,
2025-04-21,P005,Sunscreen SPF50,Personal Care,13,9.22,5.58,0,12,
2025-04-22,P005,Sunscreen SPF50,Personal Care,11,9.22,5.58,0,12,
2025-04-23,P005,Sunscreen SPF50,Personal Care,26,9.22,5.58,0,12,
2025-04-24,P005,Sunscreen SPF50,Personal Care,22,9.22,5.58,0,12,
2025-04-25,P005,Sunscreen SPF50,Personal Care,11,9.22,5.58,0,12,
2025-04-26,P005,Sunscreen SPF50,Personal Care,39,9.22,5.58,0,12,
2025-04-27,P005,Sunscreen SPF50,Personal Care,19,9.22,5.58,0,12,
2025-04-28,P005,Sunscreen SPF50,Personal Care,34,9.22,5.58,0,12,
2025-04-29,P005,Sunscreen SPF50,Personal Care,12,9.22,5.58,0,12,
2025-04-30,P005,Sunscreen SPF50,Personal Care,24,9.22,5.58,0,12,
2025-05-01,P005,Sunscreen SPF50,Personal Care,20,9.22,5.58,0,12,
2025-05-02,P005,Sunscreen SPF50,Personal Care,14,9.23,5.58,0,12,
2025-05-03,P005,Sunscreen SPF50,Personal Care,22,9.23,5.58,0,12,
2025-05-04,P005,Sunscreen SPF50,Personal Care,21,9.23,5.58,0,12,
2025-05-05,P005,Sunscreen SPF50,Personal Care,14,9.23,5.58,0,12,
2025-05-06,P005,Sunscreen SPF50,Personal Care,29,9.23,5.58,0,12,
2025-05-07,P005,Sunscreen SPF50,Personal Care,29,9.23,5.58,0,12,
2025-05-08,P005,Sunscreen SPF50,Personal Care,16,9.23,5.58,0,12,
2025-05-09,P005,Sunscreen SPF50,Personal Care,15,9.23,5.58,0,12,
2025-05-10,P005,Sunscreen SPF50,Personal Care,25,9.23,5.58,0,12,
2025-05-11,P005,Sunscreen SPF50,Personal Care,37,9.23,5.58,0,12,
2025-05-12,P005,Sunscreen SPF50,Personal Care,18,9.23,5.58,0,12,
2025-05-13,P005,Sunscreen SPF50,Personal Care,18,9.23,5.58,0,12,
2025-05-14,P005,Sunscreen SPF50,Personal Care,27,9.23,5.58,0,12,
2025-05-15,P005,Sunscreen SPF50,Personal Care,15,9.24,5.58,0,12,
2025-05-16,P005,Sunscreen SPF50,Personal Care,16,9.24,5.58,0,12,
2025-05-17,P005,Sunscreen SPF50,Personal Care,8,9.24,5.58,0,12,
2025-05-18,P005,Sunscreen SPF50,Personal Care,18,9.24,5.58,0,12,
2025-05-19,P005,Sunscreen SPF50,Personal Care,22,9.24,5.58,0,12,
2025-05-20,P005,Sunscreen SPF50,Personal Care,27,9.24,5.58,0,12,
2025-05-21,P005,Sunscreen SPF50,Personal Care,17,9.24,5.58,0,12,
2025-05-22,P005,Sunscreen SPF50,Personal Care,22,7.85,5.58,1,12,
2025-05-23,P005,Sunscreen SPF50,Personal Care,32,7.85,5.58,1,12,
2025-05-24,P005,Sunscreen SPF50,Personal Care,33,7.86,5.58,1,12,
2025-05-25,P005,Sunscreen SPF50,Personal Care,46,7.86,5.58,1,12,
2025-05-26,P005,Sunscreen SPF50,Personal Care,63,7.86,5.58,1,12,
2025-05-27,P005,Sunscreen SPF50,Personal Care,17,7.86,5.58,1,12,
2025-05-28,P005,Sunscreen SPF50,Personal Care,26,7.86,5.58,1,12,
2025-05-29,P005,Sunscreen SPF50,Personal Care,9,9.25,5.58,0,12,
2025-05-30,P005,Sunscreen SPF50,Personal Care,17,9.25,5.58,0,12,
2025-05-31,P005,Sunscreen SPF50,Personal Care,31,9.25,5.58,0,12,
2025-06-01,P005,Sunscreen SPF50,Personal Care,47,9.25,5.58,0,12,
2025-06-02,P005,Sunscreen SPF50,Personal Care,37,9.25,5.58,0,12,
2025-06-03,P005,Sunscreen SPF50,Personal Care,24,9.25,5.58,0,12,
2025-06-04,P005,Sunscreen SPF50,Personal Care,18,9.25,5.58,0,12,
2025-06-05,P005,Sunscreen SPF50,Personal Care,27,9.25,5.58,0,12,
2025-06-06,P005,Sunscreen SPF50,Personal Care,18,9.25,5.58,0,12,
2025-06-07,P005,Sunscreen SPF50,Personal Care,20,9.25,5.58,0,12,
2025-06-08,P005,Sunscreen SPF50,Personal Care,56,9.25,5.58,0,12,
2025-06-09,P005,Sunscreen SPF50,Personal Care,43,9.25,5.58,0,12,
2025-06-10,P005,Sunscreen SPF50,Personal Care,24,9.25,5.58,0,12,
2025-06-11,P005,Sunscreen SPF50,Personal Care,19,9.26,5.58,0,12,
2025-06-12,P005,Sunscreen SPF50,Personal Care,9,9.26,5.58,0,12,
2025-06-13,P005,Sunscreen SPF50,Personal Care,40,9.26,5.58,0,12,
2025-06-14,P005,Sunscreen SPF50,Personal Care,45,9.26,5.58,0,12,
2025-06-15,P005,Sunscreen SPF50,Personal Care,17,9.26,5.58,0,12,
2025-06-16,P005,Sunscreen SPF50,Personal Care,19,9.26,5.58,0,12,
2025-06-17,P005,Sunscreen SPF50,Personal Care,27,9.26,5.58,0,12,
2025-06-18,P005,Sunscreen SPF50,Personal Care,27,9.26,5.58,0,12,
2025-06-19,P005,Sunscreen SPF50,Personal Care,25,9.26,5.58,0,12,
2025-06-20,P005,Sunscreen SPF50,Personal Care,33,9.26,5.58,0,12,
2025-06-21,P005,Sunscreen SPF50,Personal Care,25,9.26,5.58,0,12,
2025-06-22,P005,Sunscreen SPF50,Personal Care,37,9.26,5.58,0,12,
2025-06-23,P005,Sunscreen SPF50,Personal Care,33,9.26,5.58,0,12,
2025-06-24,P005,Sunscreen SPF50,Personal Care,16,9.26,5.58,0,12,
2025-06-25,P005,Sunscreen SPF50,Personal Care,18,9.27,5.58,0,12,
2025-06-26,P005,Sunscreen SPF50,Personal Care,16,9.27,5.58,0,12,
2025-06-27,P005,Sunscreen SPF50,Personal Care,23,9.27,5.58,0,12,
2025-06-28,P005,Sunscreen SPF50,Personal Care,31,9.27,5.58,0,12,
2025-06-29,P005,Sunscreen SPF50,Personal Care,15,9.27,5.58,0,12,
2025-06-30,P005,Sunscreen SPF50,Personal Care,31,9.27,5.58,0,12,
2025-07-01,P005,Sunscreen SPF50,Personal Care,24,9.27,5.58,0,12,
2025-07-02,P005,Sunscreen SPF50,Personal Care,23,9.27,5.58,0,12,
2025-07-03,P005,Sunscreen SPF50,Personal Care,41,9.27,5.58,0,12,
2025-07-04,P005,Sunscreen SPF50,Personal Care,18,9.27,5.58,0,12,
2025-07-05,P005,Sunscreen SPF50,Personal Care,39,9.27,5.58,0,12,
2025-07-06,P005,Sunscreen SPF50,Personal Care,28,9.27,5.58,0,12,
2025-07-07,P005,Sunscreen SPF50,Personal Care,24,9.27,5.58,0,12,
2025-07-08,P005,Sunscreen SPF50,Personal Care,25,9.27,5.58,0,12,
2025-07-09,P005,Sunscreen SPF50,Personal Care,36,9.28,5.58,0,12,
2025-07-10,P005,Sunscreen SPF50,Personal Care,22,9.28,5.58,0,12,
2025-07-11,P005,Sunscreen SPF50,Personal Care,35,9.28,5.58,0,12,
2025-07-12,P005,Sunscreen SPF50,Personal Care,29,9.28,5.58,0,12,
2025-07-13,P005,Sunscreen SPF50,Personal Care,12,9.28,5.58,0,12,
2025-07-14,P005,Sunscreen SPF50,Personal Care,14,9.28,5.58,0,12,
2025-07-15,P005,Sunscreen SPF50,Personal Care,22,9.28,5.58,0,12,
2025-07-16,P005,Sunscreen SPF50,Personal Care,24,9.28,5.58,0,12,
2025-07-17,P005,Sunscreen SPF50,Personal Care,34,9.28,5.58,0,12,
2025-07-18,P005,Sunscreen SPF50,Personal Care,38,9.28,5.58,0,12,
2025-07-19,P005,Sunscreen SPF50,Personal Care,38,9.28,5.58,0,12,
2025-07-20,P005,Sunscreen SPF50,Personal Care,27,9.28,5.58,0,12,
2025-07-21,P005,Sunscreen SPF50,Personal Care,28,9.28,5.58,0,12,
2025-07-22,P005,Sunscreen SPF50,Personal Care,18,9.29,5.58,0,12,
2025-07-23,P005,Sunscreen SPF50,Personal Care,19,9.29,5.58,0,12,
2025-07-24,P005,Sunscreen SPF50,Personal Care,16,9.29,5.58,0,12,
2025-07-25,P005,Sunscreen SPF50,Personal Care,19,9.29,5.58,0,12,
2025-07-26,P005,Sunscreen SPF50,Personal Care,28,9.29,5.58,0,12,
2025-07-27,P005,Sunscreen SPF50,Personal Care,29,9.29,5.58,0,12,
2025-07-28,P005,Sunscreen SPF50,Personal Care,14,9.29,5.58,0,12,
2025-07-29,P005,Sunscreen SPF50,Personal Care,21,9.29,5.58,0,12,
2025-07-30,P005,Sunscreen SPF50,Personal Care,13,9.29,5.58,0,12,
2025-07-31,P005,Sunscreen SPF50,Personal Care,18,9.29,5.58,0,12,
2025-08-01,P005,Sunscreen SPF50,Personal Care,15,9.29,5.58,0,12,
2025-08-02,P005,Sunscreen SPF50,Personal Care,23,9.29,5.58,0,12,
2025-08-03,P005,Sunscreen SPF50,Personal Care,22,9.29,5.58,0,12,
2025-08-04,P005,Sunscreen SPF50,Personal Care,35,9.29,5.58,0,12,
2025-08-05,P005,Sunscreen SPF50,Personal Care,19,9.3,5.58,0,12,
2025-08-06,P005,Sunscreen SPF50,Personal Care,22,9.3,5.58,0,12,
2025-08-07,P005,Sunscreen SPF50,Personal Care,10,9.3,5.58,0,12,
2025-08-08,P005,Sunscreen SPF50,Personal Care,17,9.3,5.58,0,12,
2025-08-09,P005,Sunscreen SPF50,Personal Care,33,9.3,5.58,0,12,
2025-08-10,P005,Sunscreen SPF50,Personal Care,36,9.3,5.58,0,12,
2025-08-11,P005,Sunscreen SPF50,Personal Care,19,9.3,5.58,0,12,
2025-08-12,P005,Sunscreen SPF50,Personal Care,10,9.3,5.58,0,12,
2025-08-13,P005,Sunscreen SPF50,Personal Care,25,9.3,5.58,0,12,
2025-08-14,P005,Sunscreen SPF50,Personal Care,20,9.3,5.58,0,12,
2025-08-15,P005,Sunscreen SPF50,Personal Care,25,9.3,5.58,0,12,
2025-08-16,P005,Sunscreen SPF50,Personal Care,11,9.3,5.58,0,12,
2025-08-17,P005,Sunscreen SPF50,Personal Care,22,9.3,5.58,0,12,
2025-08-18,P005,Sunscreen SPF50,Personal Care,12,9.31,5.58,0,12,
2025-08-19,P005,Sunscreen SPF50,Personal Care,20,9.31,5.58,0,12,
2025-08-20,P005,Sunscreen SPF50,Personal Care,18,9.31,5.58,0,12,
2025-08-21,P005,Sunscreen SPF50,Personal Care,14,9.31,5.58,0,12,
2025-08-22,P005,Sunscreen SPF50,Personal Care,17,9.31,5.58,0,12,
2025-08-23,P005,Sunscreen SPF50,Personal Care,30,9.31,5.58,0,12,
2025-08-24,P005,Sunscreen SPF50,Personal Care,19,9.31,5.58,0,12,
2025-08-25,P005,Sunscreen SPF50,Personal Care,19,9.31,5.58,0,12,
2025-08-26,P005,Sunscreen SPF50,Personal Care,19,9.31,5.58,0,12,
2025-08-27,P005,Sunscreen SPF50,Personal Care,17,9.31,5.58,0,12,
2025-08-28,P005,Sunscreen SPF50,Personal Care,29,9.31,5.58,0,12,
2025-08-29,P005,Sunscreen SPF50,Personal Care,24,9.31,5.58,0,12,
2025-08-30,P005,Sunscreen SPF50,Personal Care,18,9.31,5.58,0,12,
2025-08-31,P005,Sunscreen SPF50,Personal Care,13,9.31,5.58,0,12,
2025-09-01,P005,Sunscreen SPF50,Personal Care,16,9.32,5.58,0,12,
2025-09-02,P005,Sunscreen SPF50,Personal Care,19,9.32,5.58,0,12,
2025-09-03,P005,Sunscreen SPF50,Personal Care,16,9.32,5.58,0,12,
2025-09-04,P005,Sunscreen SPF50,Personal Care,4,9.32,5.58,0,12,
2025-09-05,P005,Sunscreen SPF50,Personal Care,10,9.32,5.58,0,12,
2025-09-06,P005,Sunscreen SPF50,Personal Care,36,9.32,5.58,0,12,
2025-09-07,P005,Sunscreen SPF50,Personal Care,15,9.32,5.58,0,12,
2025-09-08,P005,Sunscreen SPF50,Personal Care,7,9.32,5.58,0,12,
2025-09-09,P005,Sunscreen SPF50,Personal Care,14,9.32,5.58,0,12,
2025-09-10,P005,Sunscreen SPF50,Personal Care,24,9.32,5.58,0,12,
2025-09-11,P005,Sunscreen SPF50,Personal Care,19,9.32,5.58,0,12,
2025-09-12,P005,Sunscreen SPF50,Personal Care,12,9.32,5.58,0,12,
2025-09-13,P005,Sunscreen SPF50,Personal Care,30,9.32,5.58,0,12,
2025-09-14,P005,Sunscreen SPF50,Personal Care,14,7.93,5.58,1,12,
2025-09-15,P005,Sunscreen SPF50,Personal Care,22,7.93,5.58,1,12,
2025-09-16,P005,Sunscreen SPF50,Personal Care,9,7.93,5.58,1,12,
2025-09-17,P005,Sunscreen SPF50,Personal Care,5,7.93,5.58,1,12,
2025-09-18,P005,Sunscreen SPF50,Personal Care,12,7.93,5.58,1,12,
2025-09-19,P005,Sunscreen SPF50,Personal Care,17,9.33,5.58,0,12,
2025-09-20,P005,Sunscreen SPF50,Personal Care,23,9.33,5.58,0,12,
2025-09-21,P005,Sunscreen SPF50,Personal Care,8,9.33,5.58,0,12,
2025-09-22,P005,Sunscreen SPF50,Personal Care,9,9.33,5.58,0,12,
2025-09-23,P005,Sunscreen SPF50,Personal Care,8,9.33,5.58,0,12,
2025-09-24,P005,Sunscreen SPF50,Personal Care,15,9.33,5.58,0,12,
2025-09-25,P005,Sunscreen SPF50,Personal Care,9,9.33,5.58,0,12,
2025-09-26,P005,Sunscreen SPF50,Personal Care,21,9.33,5.58,0,12,
2025-09-27,P005,Sunscreen SPF50,Personal Care,24,9.33,5.58,0,12,
2025-09-28,P005,Sunscreen SPF50,Personal Care,10,9.34,5.58,0,12,
2025-09-29,P005,Sunscreen SPF50,Personal Care,15,9.34,5.58,0,12,
2025-09-30,P005,Sunscreen SPF50,Personal Care,4,9.34,5.58,0,12,
2025-10-01,P005,Sunscreen SPF50,Personal Care,6,9.34,5.58,0,12,
2025-10-02,P005,Sunscreen SPF50,Personal Care,9,9.34,5.58,0,12,
2025-10-03,P005,Sunscreen SPF50,Personal Care,9,9.34,5.58,0,12,
2025-10-04,P005,Sunscreen SPF50,Personal Care,9,9.34,5.58,0,12,
2025-10-05,P005,Sunscreen SPF50,Personal Care,24,9.34,5.58,0,12,
2025-10-06,P005,Sunscreen SPF50,Personal Care,6,9.34,5.58,0,12,
2025-10-07,P005,Sunscreen SPF50,Personal Care,6,9.34,5.58,0,12,
2025-10-08,P005,Sunscreen SPF50,Personal Care,16,9.34,5.58,0,12,
2025-10-09,P005,Sunscreen SPF50,Personal Care,11,9.34,5.58,0,12,
2025-10-10,P005,Sunscreen SPF50,Personal Care,16,9.34,5.58,0,12,
2025-10-11,P005,Sunscreen SPF50,Personal Care,8,9.35,5.58,0,12,
2025-10-12,P005,Sunscreen SPF50,Personal Care,12,9.35,5.58,0,12,
2025-10-13,P005,Sunscreen SPF50,Personal Care,6,9.35,5.58,0,12,
2025-10-14,P005,Sunscreen SPF50,Personal Care,12,9.35,5.58,0,12,
2025-10-15,P005,Sunscreen SPF50,Personal Care,8,9.35,5.58,0,12,
2025-10-16,P005,Sunscreen SPF50,Personal Care,5,9.35,5.58,0,12,
2025-10-17,P005,Sunscreen SPF50,Personal Care,5,9.35,5.58,0,12,
2025-10-18,P005,Sunscreen SPF50,Personal Care,9,9.35,5.58,0,12,
2025-10-19,P005,Sunscreen SPF50,Personal Care,2,9.35,5.58,0,12,
2025-10-20,P005,Sunscreen SPF50,Personal Care,7,9.35,5.58,0,12,
2025-10-21,P005,Sunscreen SPF50,Personal Care,9,9.35,5.58,0,12,
2025-10-22,P005,Sunscreen SPF50,Personal Care,5,9.35,5.58,0,12,
2025-10-23,P005,Sunscreen SPF50,Personal Care,12,7.95,5.58,1,12,
2025-10-24,P005,Sunscreen SPF50,Personal Care,4,7.95,5.58,1,12,
2025-10-25,P005,Sunscreen SPF50,Personal Care,7,7.95,5.58,1,12,
2025-10-26,P005,Sunscreen SPF50,Personal Care,8,7.95,5.58,1,12,
2025-10-27,P005,Sunscreen SPF50,Personal Care,5,7.95,5.58,1,12,
2025-10-28,P005,Sunscreen SPF50,Personal Care,1,7.95,5.58,1,12,
2025-10-29,P005,Sunscreen SPF50,Personal Care,12,9.36,5.58,0,12,
2025-10-30,P005,Sunscreen SPF50,Personal Care,7,9.36,5.58,0,12,
2025-10-31,P005,Sunscreen SPF50,Personal Care,5,9.36,5.58,0,12,
2025-11-01,P005,Sunscreen SPF50,Personal Care,6,9.36,5.58,0,12,
2025-11-02,P005,Sunscreen SPF50,Personal Care,18,9.36,5.58,0,12,
2025-11-03,P005,Sunscreen SPF50,Personal Care,8,9.36,5.58,0,12,
2025-11-04,P005,Sunscreen SPF50,Personal Care,5,9.36,5.58,0,12,
2025-11-05,P005,Sunscreen SPF50,Personal Care,3,9.36,5.58,0,12,
2025-11-06,P005,Sunscreen SPF50,Personal Care,4,9.36,5.58,0,12,
2025-11-07,P005,Sunscreen SPF50,Personal Care,2,9.37,5.58,0,12,
2025-11-08,P005,Sunscreen SPF50,Personal Care,15,9.37,5.58,0,12,
2025-11-09,P005,Sunscreen SPF50,Personal Care,3,9.37,5.58,0,12,
2025-11-10,P005,Sunscreen SPF50,Personal Care,2,9.37,5.58,0,12,
2025-11-11,P005,Sunscreen SPF50,Personal Care,4,9.37,5.58,0,12,
2025-11-12,P005,Sunscreen SPF50,Personal Care,2,9.37,5.58,0,12,
2025-11-13,P005,Sunscreen SPF50,Personal Care,3,9.37,5.58,0,12,
2025-11-14,P005,Sunscreen SPF50,Personal Care,0,9.37,5.58,0,12,
2025-11-15,P005,Sunscreen SPF50,Personal Care,7,9.37,5.58,0,12,
2025-11-16,P005,Sunscreen SPF50,Personal Care,2,9.37,5.58,0,12,
2025-11-17,P005,Sunscreen SPF50,Personal Care,2,9.37,5.58,0,12,
2025-11-18,P005,Sunscreen SPF50,Personal Care,3,9.37,5.58,0,12,
2025-11-19,P005,Sunscreen SPF50,Personal Care,4,9.37,5.58,0,12,
2025-11-20,P005,Sunscreen SPF50,Personal Care,6,9.37,5.58,0,12,
2025-11-21,P005,Sunscreen SPF50,Personal Care,1,9.38,5.58,0,12,
2025-11-22,P005,Sunscreen SPF50,Personal Care,2,9.38,5.58,0,12,
2025-11-23,P005,Sunscreen SPF50,Personal Care,3,9.38,5.58,0,12,
2025-11-24,P005,Sunscreen SPF50,Personal Care,2,9.38,5.58,0,12,
2025-11-25,P005,Sunscreen SPF50,Personal Care,4,9.38,5.58,0,12,
2025-11-26,P005,Sunscreen SPF50,Personal Care,4,9.38,5.58,0,12,
2025-11-27,P005,Sunscreen SPF50,Personal Care,5,9.38,5.58,0,12,
2025-11-28,P005,Sunscreen SPF50,Personal Care,2,9.38,5.58,0,12,
2025-11-29,P005,Sunscreen SPF50,Personal Care,2,9.38,5.58,0,12,
2025-11-30,P005,Sunscreen SPF50,Personal Care,1,9.38,5.58,0,12,
2025-12-01,P005,Sunscreen SPF50,Personal Care,1,9.38,5.58,0,12,
2025-12-02,P005,Sunscreen SPF50,Personal Care,3,9.38,5.58,0,12,
2025-12-03,P005,Sunscreen SPF50,Personal Care,0,9.38,5.58,0,12,
2025-12-04,P005,Sunscreen SPF50,Personal Care,4,9.39,5.58,0,12,
2025-12-05,P005,Sunscreen SPF50,Personal Care,2,9.39,5.58,0,12,
2025-12-06,P005,Sunscreen SPF50,Personal Care,2,9.39,5.58,0,12,
2025-12-07,P005,Sunscreen SPF50,Personal Care,1,9.39,5.58,0,12,
2025-12-08,P005,Sunscreen SPF50,Personal Care,3,9.39,5.58,0,12,
2025-12-09,P005,Sunscreen SPF50,Personal Care,1,9.39,5.58,0,12,
2025-12-10,P005,Sunscreen SPF50,Personal Care,3,9.39,5.58,0,12,
2025-12-11,P005,Sunscreen SPF50,Personal Care,2,9.39,5.58,0,12,
2025-12-12,P005,Sunscreen SPF50,Personal Care,1,9.39,5.58,0,12,
2025-12-13,P005,Sunscreen SPF50,Personal Care,0,9.39,5.58,0,12,
2025-12-14,P005,Sunscreen SPF50,Personal Care,0,9.39,5.58,0,12,
2025-12-15,P005,Sunscreen SPF50,Personal Care,0,9.39,5.58,0,12,
2025-12-16,P005,Sunscreen SPF50,Personal Care,1,9.39,5.58,0,12,
2025-12-17,P005,Sunscreen SPF50,Personal Care,2,9.39,5.58,0,12,
2025-12-18,P005,Sunscreen SPF50,Personal Care,0,9.4,5.58,0,12,
2025-12-19,P005,Sunscreen SPF50,Personal Care,2,9.4,5.58,0,12,
2025-12-20,P005,Sunscreen SPF50,Personal Care,2,9.4,5.58,0,12,
2025-12-21,P005,Sunscreen SPF50,Personal Care,0,9.4,5.58,0,12,
2025-12-22,P005,Sunscreen SPF50,Personal Care,1,9.4,5.58,0,12,
2025-12-23,P005,Sunscreen SPF50,Personal Care,1,9.4,5.58,0,12,
2025-12-24,P005,Sunscreen SPF50,Personal Care,0,9.4,5.58,0,12,
2025-12-25,P005,Sunscreen SPF50,Personal Care,1,9.4,5.58,0,12,
2025-12-26,P005,Sunscreen SPF50,Personal Care,0,9.4,5.58,0,12,
2025-12-27,P005,Sunscreen SPF50,Personal Care,1,9.4,5.58,0,12,
2025-12-28,P005,Sunscreen SPF50,Personal Care,0,9.4,5.58,0,12,
2025-12-29,P005,Sunscreen SPF50,Personal Care,1,9.4,5.58,0,12,
2025-12-30,P005,Sunscreen SPF50,Personal Care,0,9.4,5.58,0,12,
2025-12-31,P005,Sunscreen SPF50,Personal Care,0,9.41,5.58,0,12,
2026-01-01,P005,Sunscreen SPF50,Personal Care,0,9.41,5.58,0,12,
2026-01-02,P005,Sunscreen SPF50,Personal Care,0,9.41,5.58,0,12,
2026-01-03,P005,Sunscreen SPF50,Personal Care,4,9.41,5.58,0,12,
2026-01-04,P005,Sunscreen SPF50,Personal Care,2,9.41,5.58,0,12,
2026-01-05,P005,Sunscreen SPF50,Personal Care,1,9.41,5.58,0,12,
2026-01-06,P005,Sunscreen SPF50,Personal Care,1,9.41,5.58,0,12,
2026-01-07,P005,Sunscreen SPF50,Personal Care,0,9.41,5.58,0,12,
2026-01-08,P005,Sunscreen SPF50,Personal Care,0,9.41,5.58,0,12,
2026-01-09,P005,Sunscreen SPF50,Personal Care,7,9.41,5.58,0,12,
2026-01-10,P005,Sunscreen SPF50,Personal Care,0,9.41,5.58,0,12,
2026-01-11,P005,Sunscreen SPF50,Personal Care,2,9.41,5.58,0,12,
2026-01-12,P005,Sunscreen SPF50,Personal Care,0,9.41,5.58,0,12,
2026-01-13,P005,Sunscreen SPF50,Personal Care,3,9.41,5.58,0,12,
2026-01-14,P005,Sunscreen SPF50,Personal Care,3,9.42,5.58,0,12,
2026-01-15,P005,Sunscreen SPF50,Personal Care,2,9.42,5.58,0,12,
2026-01-16,P005,Sunscreen SPF50,Personal Care,2,9.42,5.58,0,12,
2026-01-17,P005,Sunscreen SPF50,Personal Care,2,9.42,5.58,0,12,
2026-01-18,P005,Sunscreen SPF50,Personal Care,2,9.42,5.58,0,12,
2026-01-19,P005,Sunscreen SPF50,Personal Care,5,9.42,5.58,0,12,
2026-01-20,P005,Sunscreen SPF50,Personal Care,2,9.42,5.58,0,12,
2026-01-21,P005,Sunscreen SPF50,Personal Care,2,9.42,5.58,0,12,
2026-01-22,P005,Sunscreen SPF50,Personal Care,2,9.42,5.58,0,12,
2026-01-23,P005,Sunscreen SPF50,Personal Care,3,9.42,5.58,0,12,
2026-01-24,P005,Sunscreen SPF50,Personal Care,3,9.42,5.58,0,12,
2026-01-25,P005,Sunscreen SPF50,Personal Care,2,9.42,5.58,0,12,
2026-01-26,P005,Sunscreen SPF50,Personal Care,5,9.42,5.58,0,12,
2026-01-27,P005,Sunscreen SPF50,Personal Care,3,9.43,5.58,0,12,
2026-01-28,P005,Sunscreen SPF50,Personal Care,4,9.43,5.58,0,12,
2026-01-29,P005,Sunscreen SPF50,Personal Care,3,9.43,5.58,0,12,
2026-01-30,P005,Sunscreen SPF50,Personal Care,8,9.43,5.58,0,12,
2026-01-31,P005,Sunscreen SPF50,Personal Care,4,9.43,5.58,0,12,
2026-02-01,P005,Sunscreen SPF50,Personal Care,9,9.43,5.58,0,12,
2026-02-02,P005,Sunscreen SPF50,Personal Care,3,9.43,5.58,0,12,
2026-02-03,P005,Sunscreen SPF50,Personal Care,7,9.43,5.58,0,12,
2026-02-04,P005,Sunscreen SPF50,Personal Care,1,9.43,5.58,0,12,
2026-02-05,P005,Sunscreen SPF50,Personal Care,3,9.43,5.58,0,12,
2026-02-06,P005,Sunscreen SPF50,Personal Care,7,9.43,5.58,0,12,
2026-02-07,P005,Sunscreen SPF50,Personal Care,5,9.43,5.58,0,12,
2026-02-08,P005,Sunscreen SPF50,Personal Care,14,9.43,5.58,0,12,
2026-02-09,P005,Sunscreen SPF50,Personal Care,0,9.43,5.58,0,12,
2026-02-10,P005,Sunscreen SPF50,Personal Care,8,8.02,5.58,1,12,
2026-02-11,P005,Sunscreen SPF50,Personal Care,10,8.02,5.58,1,12,
2026-02-12,P005,Sunscreen SPF50,Personal Care,3,8.02,5.58,1,12,
2026-02-13,P005,Sunscreen SPF50,Personal Care,6,8.02,5.58,1,12,
2026-02-14,P005,Sunscreen SPF50,Personal Care,8,8.02,5.58,1,12,
2026-02-15,P005,Sunscreen SPF50,Personal Care,9,8.02,5.58,1,12,
2026-02-16,P005,Sunscreen SPF50,Personal Care,9,8.02,5.58,1,12,
2026-02-17,P005,Sunscreen SPF50,Personal Care,6,9.44,5.58,0,12,
2026-02-18,P005,Sunscreen SPF50,Personal Care,20,9.44,5.58,0,12,
2026-02-19,P005,Sunscreen SPF50,Personal Care,9,9.44,5.58,0,12,
2026-02-20,P005,Sunscreen SPF50,Personal Care,4,9.44,5.58,0,12,
2026-02-21,P005,Sunscreen SPF50,Personal Care,8,9.44,5.58,0,12,
2026-02-22,P005,Sunscreen SPF50,Personal Care,10,9.44,5.58,0,12,
2026-02-23,P005,Sunscreen SPF50,Personal Care,4,9.45,5.58,0,12,
2026-02-24,P005,Sunscreen SPF50,Personal Care,16,9.45,5.58,0,12,
2026-02-25,P005,Sunscreen SPF50,Personal Care,10,9.45,5.58,0,12,
2026-02-26,P005,Sunscreen SPF50,Personal Care,5,9.45,5.58,0,12,
2026-02-27,P005,Sunscreen SPF50,Personal Care,3,9.45,5.58,0,12,
2026-02-28,P005,Sunscreen SPF50,Personal Care,18,9.45,5.58,0,12,
2026-03-01,P005,Sunscreen SPF50,Personal Care,13,9.45,5.58,0,12,
2026-03-02,P005,Sunscreen SPF50,Personal Care,6,9.45,5.58,0,12,
2026-03-03,P005,Sunscreen SPF50,Personal Care,9,9.45,5.58,0,12,
2026-03-04,P005,Sunscreen SPF50,Personal Care,15,9.45,5.58,0,12,
2026-03-05,P005,Sunscreen SPF50,Personal Care,12,9.45,5.58,0,12,
2026-03-06,P005,Sunscreen SPF50,Personal Care,6,9.45,5.58,0,12,
2026-03-07,P005,Sunscreen SPF50,Personal Care,15,9.45,5.58,0,12,
2026-03-08,P005,Sunscreen SPF50,Personal Care,15,9.45,5.58,0,12,
2026-03-09,P005,Sunscreen SPF50,Personal Care,6,9.46,5.58,0,12,
2026-03-10,P005,Sunscreen SPF50,Personal Care,5,9.46,5.58,0,12,
2026-03-11,P005,Sunscreen SPF50,Personal Care,13,9.46,5.58,0,12,
2026-03-12,P005,Sunscreen SPF50,Personal Care,11,9.46,5.58,0,12,
2026-03-13,P005,Sunscreen SPF50,Personal Care,23,9.46,5.58,0,12,
2026-03-14,P005,Sunscreen SPF50,Personal Care,11,9.46,5.58,0,12,
2026-03-15,P005,Sunscreen SPF50,Personal Care,14,9.46,5.58,0,12,
2026-03-16,P005,Sunscreen SPF50,Personal Care,11,9.46,5.58,0,12,
2026-03-17,P005,Sunscreen SPF50,Personal Care,18,9.46,5.58,0,12,
2026-03-18,P005,Sunscreen SPF50,Personal Care,8,9.46,5.58,0,12,
2026-03-19,P005,Sunscreen SPF50,Personal Care,18,8.04,5.58,1,12,
2026-03-20,P005,Sunscreen SPF50,Personal Care,29,8.04,5.58,1,12,
2026-03-21,P005,Sunscreen SPF50,Personal Care,29,8.04,5.58,1,12,
2026-03-22,P005,Sunscreen SPF50,Personal Care,35,8.05,5.58,1,12,
2026-03-23,P005,Sunscreen SPF50,Personal Care,15,8.05,5.58,1,12,
2026-03-24,P005,Sunscreen SPF50,Personal Care,9,8.05,5.58,1,12,
2026-03-25,P005,Sunscreen SPF50,Personal Care,5,8.05,5.58,1,12,
2026-03-26,P005,Sunscreen SPF50,Personal Care,10,9.47,5.58,0,12,
2026-03-27,P005,Sunscreen SPF50,Personal Care,25,9.47,5.58,0,12,
2026-03-28,P005,Sunscreen SPF50,Personal Care,23,9.47,5.58,0,12,
2026-03-29,P005,Sunscreen SPF50,Personal Care,30,9.47,5.58,0,12,
2026-03-30,P005,Sunscreen SPF50,Personal Care,7,9.47,5.58,0,12,
2026-03-31,P005,Sunscreen SPF50,Personal Care,6,9.47,5.58,0,12,
2026-04-01,P005,Sunscreen SPF50,Personal Care,15,9.47,5.58,0,12,
2026-04-02,P005,Sunscreen SPF50,Personal Care,32,9.47,5.58,0,12,
2026-04-03,P005,Sunscreen SPF50,Personal Care,5,9.47,5.58,0,12,
2026-04-04,P005,Sunscreen SPF50,Personal Care,13,9.47,5.58,0,12,
2026-04-05,P005,Sunscreen SPF50,Personal Care,21,9.48,5.58,0,12,
2026-04-06,P005,Sunscreen SPF50,Personal Care,20,9.48,5.58,0,12,
2026-04-07,P005,Sunscreen SPF50,Personal Care,24,9.48,5.58,0,12,
2026-04-08,P005,Sunscreen SPF50,Personal Care,12,9.48,5.58,0,12,
2026-04-09,P005,Sunscreen SPF50,Personal Care,25,9.48,5.58,0,12,
2026-04-10,P005,Sunscreen SPF50,Personal Care,19,9.48,5.58,0,12,
2026-04-11,P005,Sunscreen SPF50,Personal Care,30,9.48,5.58,0,12,
2026-04-12,P005,Sunscreen SPF50,Personal Care,21,9.48,5.58,0,12,
2026-04-13,P005,Sunscreen SPF50,Personal Care,16,9.48,5.58,0,12,
2026-04-14,P005,Sunscreen SPF50,Personal Care,19,9.48,5.58,0,12,
2026-04-15,P005,Sunscreen SPF50,Personal Care,10,9.48,5.58,0,12,
2026-04-16,P005,Sunscreen SPF50,Personal Care,20,9.48,5.58,0,12,
2026-04-17,P005,Sunscreen SPF50,Personal Care,16,9.48,5.58,0,12,
2026-04-18,P005,Sunscreen SPF50,Personal Care,15,9.48,5.58,0,12,
2026-04-19,P005,Sunscreen SPF50,Personal Care,47,9.49,5.58,0,12,
2026-04-20,P005,Sunscreen SPF50,Personal Care,15,9.49,5.58,0,12,
2026-04-21,P005,Sunscreen SPF50,Personal Care,4,9.49,5.58,0,12,
2026-04-22,P005,Sunscreen SPF50,Personal Care,25,9.49,5.58,0,12,
2026-04-23,P005,Sunscreen SPF50,Personal Care,14,9.49,5.58,0,12,
2026-04-24,P005,Sunscreen SPF50,Personal Care,36,9.49,5.58,0,12,
2026-04-25,P005,Sunscreen SPF50,Personal Care,43,9.49,5.58,0,12,
2026-04-26,P005,Sunscreen SPF50,Personal Care,39,9.49,5.58,0,12,
2026-04-27,P005,Sunscreen SPF50,Personal Care,13,9.49,5.58,0,12,
2026-04-28,P005,Sunscreen SPF50,Personal Care,28,9.49,5.58,0,12,
2026-04-29,P005,Sunscreen SPF50,Personal Care,18,9.49,5.58,0,12,
2026-04-30,P005,Sunscreen SPF50,Personal Care,17,9.49,5.58,0,12,
2026-05-01,P005,Sunscreen SPF50,Personal Care,12,9.49,5.58,0,12,
2026-05-02,P005,Sunscreen SPF50,Personal Care,21,9.5,5.58,0,12,
2026-05-03,P005,Sunscreen SPF50,Personal Care,24,9.5,5.58,0,12,
2026-05-04,P005,Sunscreen SPF50,Personal Care,17,9.5,5.58,0,12,
2026-05-05,P005,Sunscreen SPF50,Personal Care,21,9.5,5.58,0,12,
2026-05-06,P005,Sunscreen SPF50,Personal Care,9,9.5,5.58,0,12,
2026-05-07,P005,Sunscreen SPF50,Personal Care,13,9.5,5.58,0,12,
2026-05-08,P005,Sunscreen SPF50,Personal Care,24,9.5,5.58,0,12,
2026-05-09,P005,Sunscreen SPF50,Personal Care,39,9.5,5.58,0,12,
2026-05-10,P005,Sunscreen SPF50,Personal Care,19,9.5,5.58,0,12,
2026-05-11,P005,Sunscreen SPF50,Personal Care,18,9.5,5.58,0,12,
2026-05-12,P005,Sunscreen SPF50,Personal Care,30,9.5,5.58,0,12,
2026-05-13,P005,Sunscreen SPF50,Personal Care,26,9.5,5.58,0,12,
2026-05-14,P005,Sunscreen SPF50,Personal Care,24,9.5,5.58,0,12,
2026-05-15,P005,Sunscreen SPF50,Personal Care,16,9.5,5.58,0,12,
2026-05-16,P005,Sunscreen SPF50,Personal Care,19,9.51,5.58,0,12,
2026-05-17,P005,Sunscreen SPF50,Personal Care,33,9.51,5.58,0,12,
2026-05-18,P005,Sunscreen SPF50,Personal Care,30,9.51,5.58,0,12,
2026-05-19,P005,Sunscreen SPF50,Personal Care,28,9.51,5.58,0,12,
2026-05-20,P005,Sunscreen SPF50,Personal Care,29,9.51,5.58,0,12,
2026-05-21,P005,Sunscreen SPF50,Personal Care,17,9.51,5.58,0,12,
2026-05-22,P005,Sunscreen SPF50,Personal Care,24,9.51,5.58,0,12,
2026-05-23,P005,Sunscreen SPF50,Personal Care,15,9.51,5.58,0,12,
2026-05-24,P005,Sunscreen SPF50,Personal Care,24,9.51,5.58,0,12,
2026-05-25,P005,Sunscreen SPF50,Personal Care,30,9.51,5.58,0,12,
2026-05-26,P005,Sunscreen SPF50,Personal Care,26,9.51,5.58,0,12,
2026-05-27,P005,Sunscreen SPF50,Personal Care,12,9.51,5.58,0,12,
2026-05-28,P005,Sunscreen SPF50,Personal Care,17,9.51,5.58,0,12,
2026-05-29,P005,Sunscreen SPF50,Personal Care,8,9.52,5.58,0,12,
2026-05-30,P005,Sunscreen SPF50,Personal Care,22,9.52,5.58,0,12,
2026-05-31,P005,Sunscreen SPF50,Personal Care,31,9.52,5.58,0,12,
2026-06-01,P005,Sunscreen SPF50,Personal Care,55,9.52,5.58,0,12,
2026-06-02,P005,Sunscreen SPF50,Personal Care,6,9.52,5.58,0,12,
2026-06-03,P005,Sunscreen SPF50,Personal Care,26,9.52,5.58,0,12,
2026-06-04,P005,Sunscreen SPF50,Personal Care,10,9.52,5.58,0,12,
2026-06-05,P005,Sunscreen SPF50,Personal Care,37,9.52,5.58,0,12,
2026-06-06,P005,Sunscreen SPF50,Personal Care,10,9.52,5.58,0,12,
2026-06-07,P005,Sunscreen SPF50,Personal Care,20,9.52,5.58,0,12,
2026-06-08,P005,Sunscreen SPF50,Personal Care,28,9.52,5.58,0,12,
2026-06-09,P005,Sunscreen SPF50,Personal Care,42,9.52,5.58,0,12,
2026-06-10,P005,Sunscreen SPF50,Personal Care,19,9.52,5.58,0,12,
2026-06-11,P005,Sunscreen SPF50,Personal Care,27,9.52,5.58,0,12,
2026-06-12,P005,Sunscreen SPF50,Personal Care,28,9.53,5.58,0,12,
2026-06-13,P005,Sunscreen SPF50,Personal Care,38,9.53,5.58,0,12,
2026-06-14,P005,Sunscreen SPF50,Personal Care,24,9.53,5.58,0,12,
2026-06-15,P005,Sunscreen SPF50,Personal Care,19,9.53,5.58,0,12,
2026-06-16,P005,Sunscreen SPF50,Personal Care,21,9.53,5.58,0,12,
2026-06-17,P005,Sunscreen SPF50,Personal Care,21,9.53,5.58,0,12,
2026-06-18,P005,Sunscreen SPF50,Personal Care,26,9.53,5.58,0,12,
2026-06-19,P005,Sunscreen SPF50,Personal Care,25,9.53,5.58,0,12,
2026-06-20,P005,Sunscreen SPF50,Personal Care,43,9.53,5.58,0,12,
2026-06-21,P005,Sunscreen SPF50,Personal Care,43,9.53,5.58,0,12,
2026-06-22,P005,Sunscreen SPF50,Personal Care,34,9.53,5.58,0,12,
2026-06-23,P005,Sunscreen SPF50,Personal Care,24,9.53,5.58,0,12,
2026-06-24,P005,Sunscreen SPF50,Personal Care,40,9.53,5.58,0,12,
2026-06-25,P005,Sunscreen SPF50,Personal Care,7,9.54,5.58,0,12,
2026-06-26,P005,Sunscreen SPF50,Personal Care,11,9.54,5.58,0,12,
2026-06-27,P005,Sunscreen SPF50,Personal Care,40,9.54,5.58,0,12,
2026-06-28,P005,Sunscreen SPF50,Personal Care,23,9.54,5.58,0,12,
2026-06-29,P005,Sunscreen SPF50,Personal Care,40,9.54,5.58,0,12,
2026-06-30,P005,Sunscreen SPF50,Personal Care,17,9.54,5.58,0,12,2388
2024-07-01,P006,Hand Wash 500ml,Personal Care,13,3.2,1.98,0,7,
2024-07-02,P006,Hand Wash 500ml,Personal Care,34,3.2,1.98,0,7,
2024-07-03,P006,Hand Wash 500ml,Personal Care,22,3.2,1.98,0,7,
2024-07-04,P006,Hand Wash 500ml,Personal Care,11,3.2,1.98,0,7,
2024-07-05,P006,Hand Wash 500ml,Personal Care,36,3.2,1.98,0,7,
2024-07-06,P006,Hand Wash 500ml,Personal Care,24,3.2,1.98,0,7,
2024-07-07,P006,Hand Wash 500ml,Personal Care,22,3.2,1.98,0,7,
2024-07-08,P006,Hand Wash 500ml,Personal Care,38,3.2,1.98,0,7,
2024-07-09,P006,Hand Wash 500ml,Personal Care,18,3.2,1.98,0,7,
2024-07-10,P006,Hand Wash 500ml,Personal Care,64,3.2,1.98,0,7,
2024-07-11,P006,Hand Wash 500ml,Personal Care,31,3.2,1.98,0,7,
2024-07-12,P006,Hand Wash 500ml,Personal Care,22,3.2,1.98,0,7,
2024-07-13,P006,Hand Wash 500ml,Personal Care,33,3.2,1.98,0,7,
2024-07-14,P006,Hand Wash 500ml,Personal Care,24,3.2,1.98,0,7,
2024-07-15,P006,Hand Wash 500ml,Personal Care,42,3.2,1.98,0,7,
2024-07-16,P006,Hand Wash 500ml,Personal Care,17,3.2,1.98,0,7,
2024-07-17,P006,Hand Wash 500ml,Personal Care,16,3.2,1.98,0,7,
2024-07-18,P006,Hand Wash 500ml,Personal Care,44,3.2,1.98,0,7,
2024-07-19,P006,Hand Wash 500ml,Personal Care,21,3.2,1.98,0,7,
2024-07-20,P006,Hand Wash 500ml,Personal Care,45,3.2,1.98,0,7,
2024-07-21,P006,Hand Wash 500ml,Personal Care,42,3.21,1.98,0,7,
2024-07-22,P006,Hand Wash 500ml,Personal Care,23,3.21,1.98,0,7,
2024-07-23,P006,Hand Wash 500ml,Personal Care,19,3.21,1.98,0,7,
2024-07-24,P006,Hand Wash 500ml,Personal Care,28,3.21,1.98,0,7,
2024-07-25,P006,Hand Wash 500ml,Personal Care,27,3.21,1.98,0,7,
2024-07-26,P006,Hand Wash 500ml,Personal Care,28,3.21,1.98,0,7,
2024-07-27,P006,Hand Wash 500ml,Personal Care,53,3.21,1.98,0,7,
2024-07-28,P006,Hand Wash 500ml,Personal Care,17,3.21,1.98,0,7,
2024-07-29,P006,Hand Wash 500ml,Personal Care,12,3.21,1.98,0,7,
2024-07-30,P006,Hand Wash 500ml,Personal Care,22,3.21,1.98,0,7,
2024-07-31,P006,Hand Wash 500ml,Personal Care,17,3.21,1.98,0,7,
2024-08-01,P006,Hand Wash 500ml,Personal Care,29,3.21,1.98,0,7,
2024-08-02,P006,Hand Wash 500ml,Personal Care,31,3.21,1.98,0,7,
2024-08-03,P006,Hand Wash 500ml,Personal Care,10,3.21,1.98,0,7,
2024-08-04,P006,Hand Wash 500ml,Personal Care,28,3.21,1.98,0,7,
2024-08-05,P006,Hand Wash 500ml,Personal Care,28,3.21,1.98,0,7,
2024-08-06,P006,Hand Wash 500ml,Personal Care,27,3.21,1.98,0,7,
2024-08-07,P006,Hand Wash 500ml,Personal Care,32,3.21,1.98,0,7,
2024-08-08,P006,Hand Wash 500ml,Personal Care,23,3.21,1.98,0,7,
2024-08-09,P006,Hand Wash 500ml,Personal Care,13,3.21,1.98,0,7,
2024-08-10,P006,Hand Wash 500ml,Personal Care,13,3.21,1.98,0,7,
2024-08-11,P006,Hand Wash 500ml,Personal Care,32,3.21,1.98,0,7,
2024-08-12,P006,Hand Wash 500ml,Personal Care,22,3.21,1.98,0,7,
2024-08-13,P006,Hand Wash 500ml,Personal Care,8,3.21,1.98,0,7,
2024-08-14,P006,Hand Wash 500ml,Personal Care,41,3.21,1.98,0,7,
2024-08-15,P006,Hand Wash 500ml,Personal Care,21,3.21,1.98,0,7,
2024-08-16,P006,Hand Wash 500ml,Personal Care,10,3.21,1.98,0,7,
2024-08-17,P006,Hand Wash 500ml,Personal Care,31,3.21,1.98,0,7,
2024-08-18,P006,Hand Wash 500ml,Personal Care,11,3.21,1.98,0,7,
2024-08-19,P006,Hand Wash 500ml,Personal Care,31,3.21,1.98,0,7,
2024-08-20,P006,Hand Wash 500ml,Personal Care,34,2.73,1.98,1,7,
2024-08-21,P006,Hand Wash 500ml,Personal Care,56,2.73,1.98,1,7,
2024-08-22,P006,Hand Wash 500ml,Personal Care,16,2.73,1.98,1,7,
2024-08-23,P006,Hand Wash 500ml,Personal Care,27,2.73,1.98,1,7,
2024-08-24,P006,Hand Wash 500ml,Personal Care,28,2.73,1.98,1,7,
2024-08-25,P006,Hand Wash 500ml,Personal Care,37,2.73,1.98,1,7,
2024-08-26,P006,Hand Wash 500ml,Personal Care,21,2.73,1.98,1,7,
2024-08-27,P006,Hand Wash 500ml,Personal Care,17,3.21,1.98,0,7,
2024-08-28,P006,Hand Wash 500ml,Personal Care,18,3.22,1.98,0,7,
2024-08-29,P006,Hand Wash 500ml,Personal Care,44,2.73,1.98,1,7,
2024-08-30,P006,Hand Wash 500ml,Personal Care,14,2.73,1.98,1,7,
2024-08-31,P006,Hand Wash 500ml,Personal Care,26,2.73,1.98,1,7,
2024-09-01,P006,Hand Wash 500ml,Personal Care,24,2.73,1.98,1,7,
2024-09-02,P006,Hand Wash 500ml,Personal Care,41,2.73,1.98,1,7,
2024-09-03,P006,Hand Wash 500ml,Personal Care,37,2.73,1.98,1,7,
2024-09-04,P006,Hand Wash 500ml,Personal Care,17,3.22,1.98,0,7,
2024-09-05,P006,Hand Wash 500ml,Personal Care,15,3.22,1.98,0,7,
2024-09-06,P006,Hand Wash 500ml,Personal Care,57,3.22,1.98,0,7,
2024-09-07,P006,Hand Wash 500ml,Personal Care,33,3.22,1.98,0,7,
2024-09-08,P006,Hand Wash 500ml,Personal Care,26,3.22,1.98,0,7,
2024-09-09,P006,Hand Wash 500ml,Personal Care,21,2.74,1.98,1,7,
2024-09-10,P006,Hand Wash 500ml,Personal Care,44,2.74,1.98,1,7,
2024-09-11,P006,Hand Wash 500ml,Personal Care,29,2.74,1.98,1,7,
2024-09-12,P006,Hand Wash 500ml,Personal Care,38,2.74,1.98,1,7,
2024-09-13,P006,Hand Wash 500ml,Personal Care,37,2.74,1.98,1,7,
2024-09-14,P006,Hand Wash 500ml,Personal Care,47,2.74,1.98,1,7,
2024-09-15,P006,Hand Wash 500ml,Personal Care,29,2.74,1.98,1,7,
2024-09-16,P006,Hand Wash 500ml,Personal Care,33,3.22,1.98,0,7,
2024-09-17,P006,Hand Wash 500ml,Personal Care,29,3.22,1.98,0,7,
2024-09-18,P006,Hand Wash 500ml,Personal Care,32,3.22,1.98,0,7,
2024-09-19,P006,Hand Wash 500ml,Personal Care,29,3.22,1.98,0,7,
2024-09-20,P006,Hand Wash 500ml,Personal Care,23,3.22,1.98,0,7,
2024-09-21,P006,Hand Wash 500ml,Personal Care,44,3.22,1.98,0,7,
2024-09-22,P006,Hand Wash 500ml,Personal Care,22,3.22,1.98,0,7,
2024-09-23,P006,Hand Wash 500ml,Personal Care,20,3.22,1.98,0,7,
2024-09-24,P006,Hand Wash 500ml,Personal Care,15,3.22,1.98,0,7,
2024-09-25,P006,Hand Wash 500ml,Personal Care,20,3.22,1.98,0,7,
2024-09-26,P006,Hand Wash 500ml,Personal Care,44,3.22,1.98,0,7,
2024-09-27,P006,Hand Wash 500ml,Personal Care,22,3.22,1.98,0,7,
2024-09-28,P006,Hand Wash 500ml,Personal Care,30,3.22,1.98,0,7,
2024-09-29,P006,Hand Wash 500ml,Personal Care,18,3.22,1.98,0,7,
2024-09-30,P006,Hand Wash 500ml,Personal Care,26,3.22,1.98,0,7,
2024-10-01,P006,Hand Wash 500ml,Personal Care,19,3.22,1.98,0,7,
2024-10-02,P006,Hand Wash 500ml,Personal Care,37,3.22,1.98,0,7,
2024-10-03,P006,Hand Wash 500ml,Personal Care,20,3.22,1.98,0,7,
2024-10-04,P006,Hand Wash 500ml,Personal Care,33,3.22,1.98,0,7,
2024-10-05,P006,Hand Wash 500ml,Personal Care,37,3.23,1.98,0,7,
2024-10-06,P006,Hand Wash 500ml,Personal Care,29,3.23,1.98,0,7,
2024-10-07,P006,Hand Wash 500ml,Personal Care,9,3.23,1.98,0,7,
2024-10-08,P006,Hand Wash 500ml,Personal Care,23,3.23,1.98,0,7,
2024-10-09,P006,Hand Wash 500ml,Personal Care,20,3.23,1.98,0,7,
2024-10-10,P006,Hand Wash 500ml,Personal Care,23,3.23,1.98,0,7,
2024-10-11,P006,Hand Wash 500ml,Personal Care,26,3.23,1.98,0,7,
2024-10-12,P006,Hand Wash 500ml,Personal Care,26,3.23,1.98,0,7,
2024-10-13,P006,Hand Wash 500ml,Personal Care,41,3.23,1.98,0,7,
2024-10-14,P006,Hand Wash 500ml,Personal Care,12,3.23,1.98,0,7,
2024-10-15,P006,Hand Wash 500ml,Personal Care,11,3.23,1.98,0,7,
2024-10-16,P006,Hand Wash 500ml,Personal Care,11,3.23,1.98,0,7,
2024-10-17,P006,Hand Wash 500ml,Personal Care,46,3.23,1.98,0,7,
2024-10-18,P006,Hand Wash 500ml,Personal Care,22,3.23,1.98,0,7,
2024-10-19,P006,Hand Wash 500ml,Personal Care,17,3.23,1.98,0,7,
2024-10-20,P006,Hand Wash 500ml,Personal Care,27,3.23,1.98,0,7,
2024-10-21,P006,Hand Wash 500ml,Personal Care,11,3.23,1.98,0,7,
2024-10-22,P006,Hand Wash 500ml,Personal Care,10,3.23,1.98,0,7,
2024-10-23,P006,Hand Wash 500ml,Personal Care,25,3.23,1.98,0,7,
2024-10-24,P006,Hand Wash 500ml,Personal Care,36,3.23,1.98,0,7,
2024-10-25,P006,Hand Wash 500ml,Personal Care,37,3.23,1.98,0,7,
2024-10-26,P006,Hand Wash 500ml,Personal Care,27,3.23,1.98,0,7,
2024-10-27,P006,Hand Wash 500ml,Personal Care,25,3.23,1.98,0,7,
2024-10-28,P006,Hand Wash 500ml,Personal Care,23,3.23,1.98,0,7,
2024-10-29,P006,Hand Wash 500ml,Personal Care,14,3.23,1.98,0,7,
2024-10-30,P006,Hand Wash 500ml,Personal Care,20,3.23,1.98,0,7,
2024-10-31,P006,Hand Wash 500ml,Personal Care,20,3.23,1.98,0,7,
2024-11-01,P006,Hand Wash 500ml,Personal Care,21,3.23,1.98,0,7,
2024-11-02,P006,Hand Wash 500ml,Personal Care,11,3.23,1.98,0,7,
2024-11-03,P006,Hand Wash 500ml,Personal Care,21,3.23,1.98,0,7,
2024-11-04,P006,Hand Wash 500ml,Personal Care,21,3.23,1.98,0,7,
2024-11-05,P006,Hand Wash 500ml,Personal Care,28,3.23,1.98,0,7,
2024-11-06,P006,Hand Wash 500ml,Personal Care,15,3.23,1.98,0,7,
2024-11-07,P006,Hand Wash 500ml,Personal Care,22,3.23,1.98,0,7,
2024-11-08,P006,Hand Wash 500ml,Personal Care,23,3.23,1.98,0,7,
2024-11-09,P006,Hand Wash 500ml,Personal Care,26,3.23,1.98,0,7,
2024-11-10,P006,Hand Wash 500ml,Personal Care,15,3.23,1.98,0,7,
2024-11-11,P006,Hand Wash 500ml,Personal Care,42,3.23,1.98,0,7,
2024-11-12,P006,Hand Wash 500ml,Personal Care,10,3.24,1.98,0,7,
2024-11-13,P006,Hand Wash 500ml,Personal Care,11,3.24,1.98,0,7,
2024-11-14,P006,Hand Wash 500ml,Personal Care,21,3.24,1.98,0,7,
2024-11-15,P006,Hand Wash 500ml,Personal Care,22,3.24,1.98,0,7,
2024-11-16,P006,Hand Wash 500ml,Personal Care,32,3.24,1.98,0,7,
2024-11-17,P006,Hand Wash 500ml,Personal Care,18,3.24,1.98,0,7,
2024-11-18,P006,Hand Wash 500ml,Personal Care,22,3.24,1.98,0,7,
2024-11-19,P006,Hand Wash 500ml,Personal Care,21,3.24,1.98,0,7,
2024-11-20,P006,Hand Wash 500ml,Personal Care,43,3.24,1.98,0,7,
2024-11-21,P006,Hand Wash 500ml,Personal Care,24,3.24,1.98,0,7,
2024-11-22,P006,Hand Wash 500ml,Personal Care,45,3.24,1.98,0,7,
2024-11-23,P006,Hand Wash 500ml,Personal Care,12,3.24,1.98,0,7,
2024-11-24,P006,Hand Wash 500ml,Personal Care,22,3.24,1.98,0,7,
2024-11-25,P006,Hand Wash 500ml,Personal Care,15,3.24,1.98,0,7,
2024-11-26,P006,Hand Wash 500ml,Personal Care,8,3.24,1.98,0,7,
2024-11-27,P006,Hand Wash 500ml,Personal Care,15,3.24,1.98,0,7,
2024-11-28,P006,Hand Wash 500ml,Personal Care,16,3.24,1.98,0,7,
2024-11-29,P006,Hand Wash 500ml,Personal Care,20,3.24,1.98,0,7,
2024-11-30,P006,Hand Wash 500ml,Personal Care,23,3.24,1.98,0,7,
2024-12-01,P006,Hand Wash 500ml,Personal Care,19,3.24,1.98,0,7,
2024-12-02,P006,Hand Wash 500ml,Personal Care,27,3.24,1.98,0,7,
2024-12-03,P006,Hand Wash 500ml,Personal Care,14,3.24,1.98,0,7,
2024-12-04,P006,Hand Wash 500ml,Personal Care,27,3.24,1.98,0,7,
2024-12-05,P006,Hand Wash 500ml,Personal Care,30,3.24,1.98,0,7,
2024-12-06,P006,Hand Wash 500ml,Personal Care,12,3.24,1.98,0,7,
2024-12-07,P006,Hand Wash 500ml,Personal Care,13,3.24,1.98,0,7,
2024-12-08,P006,Hand Wash 500ml,Personal Care,18,3.24,1.98,0,7,
2024-12-09,P006,Hand Wash 500ml,Personal Care,32,3.24,1.98,0,7,
2024-12-10,P006,Hand Wash 500ml,Personal Care,17,3.24,1.98,0,7,
2024-12-11,P006,Hand Wash 500ml,Personal Care,16,3.24,1.98,0,7,
2024-12-12,P006,Hand Wash 500ml,Personal Care,12,3.24,1.98,0,7,
2024-12-13,P006,Hand Wash 500ml,Personal Care,8,3.24,1.98,0,7,
2024-12-14,P006,Hand Wash 500ml,Personal Care,38,3.24,1.98,0,7,
2024-12-15,P006,Hand Wash 500ml,Personal Care,14,3.24,1.98,0,7,
2024-12-16,P006,Hand Wash 500ml,Personal Care,8,3.24,1.98,0,7,
2024-12-17,P006,Hand Wash 500ml,Personal Care,41,3.24,1.98,0,7,
2024-12-18,P006,Hand Wash 500ml,Personal Care,45,3.24,1.98,0,7,
2024-12-19,P006,Hand Wash 500ml,Personal Care,26,3.24,1.98,0,7,
2024-12-20,P006,Hand Wash 500ml,Personal Care,42,3.25,1.98,0,7,
2024-12-21,P006,Hand Wash 500ml,Personal Care,23,3.25,1.98,0,7,
2024-12-22,P006,Hand Wash 500ml,Personal Care,41,2.76,1.98,1,7,
2024-12-23,P006,Hand Wash 500ml,Personal Care,18,2.76,1.98,1,7,
2024-12-24,P006,Hand Wash 500ml,Personal Care,11,2.76,1.98,1,7,
2024-12-25,P006,Hand Wash 500ml,Personal Care,33,2.76,1.98,1,7,
2024-12-26,P006,Hand Wash 500ml,Personal Care,41,2.76,1.98,1,7,
2024-12-27,P006,Hand Wash 500ml,Personal Care,21,2.76,1.98,1,7,
2024-12-28,P006,Hand Wash 500ml,Personal Care,22,3.25,1.98,0,7,
2024-12-29,P006,Hand Wash 500ml,Personal Care,16,3.25,1.98,0,7,
2024-12-30,P006,Hand Wash 500ml,Personal Care,22,3.25,1.98,0,7,
2024-12-31,P006,Hand Wash 500ml,Personal Care,34,3.25,1.98,0,7,
2025-01-01,P006,Hand Wash 500ml,Personal Care,8,3.25,1.98,0,7,
2025-01-02,P006,Hand Wash 500ml,Personal Care,21,3.25,1.98,0,7,
2025-01-03,P006,Hand Wash 500ml,Personal Care,45,3.25,1.98,0,7,
2025-01-04,P006,Hand Wash 500ml,Personal Care,40,3.25,1.98,0,7,
2025-01-05,P006,Hand Wash 500ml,Personal Care,19,3.25,1.98,0,7,
2025-01-06,P006,Hand Wash 500ml,Personal Care,20,3.25,1.98,0,7,
2025-01-07,P006,Hand Wash 500ml,Personal Care,29,3.25,1.98,0,7,
2025-01-08,P006,Hand Wash 500ml,Personal Care,28,3.25,1.98,0,7,
2025-01-09,P006,Hand Wash 500ml,Personal Care,33,3.25,1.98,0,7,
2025-01-10,P006,Hand Wash 500ml,Personal Care,20,3.25,1.98,0,7,
2025-01-11,P006,Hand Wash 500ml,Personal Care,14,3.25,1.98,0,7,
2025-01-12,P006,Hand Wash 500ml,Personal Care,25,3.25,1.98,0,7,
2025-01-13,P006,Hand Wash 500ml,Personal Care,29,3.25,1.98,0,7,
2025-01-14,P006,Hand Wash 500ml,Personal Care,44,3.25,1.98,0,7,
2025-01-15,P006,Hand Wash 500ml,Personal Care,18,3.25,1.98,0,7,
2025-01-16,P006,Hand Wash 500ml,Personal Care,20,3.25,1.98,0,7,
2025-01-17,P006,Hand Wash 500ml,Personal Care,29,3.25,1.98,0,7,
2025-01-18,P006,Hand Wash 500ml,Personal Care,14,3.25,1.98,0,7,
2025-01-19,P006,Hand Wash 500ml,Personal Care,39,3.25,1.98,0,7,
2025-01-20,P006,Hand Wash 500ml,Personal Care,25,3.25,1.98,0,7,
2025-01-21,P006,Hand Wash 500ml,Personal Care,20,3.25,1.98,0,7,
2025-01-22,P006,Hand Wash 500ml,Personal Care,27,3.25,1.98,0,7,
2025-01-23,P006,Hand Wash 500ml,Personal Care,20,3.25,1.98,0,7,
2025-01-24,P006,Hand Wash 500ml,Personal Care,13,3.25,1.98,0,7,
2025-01-25,P006,Hand Wash 500ml,Personal Care,10,3.25,1.98,0,7,
2025-01-26,P006,Hand Wash 500ml,Personal Care,16,3.25,1.98,0,7,
2025-01-27,P006,Hand Wash 500ml,Personal Care,9,3.26,1.98,0,7,
2025-01-28,P006,Hand Wash 500ml,Personal Care,33,3.26,1.98,0,7,
2025-01-29,P006,Hand Wash 500ml,Personal Care,18,3.26,1.98,0,7,
2025-01-30,P006,Hand Wash 500ml,Personal Care,23,3.26,1.98,0,7,
2025-01-31,P006,Hand Wash 500ml,Personal Care,19,3.26,1.98,0,7,
2025-02-01,P006,Hand Wash 500ml,Personal Care,21,3.26,1.98,0,7,
2025-02-02,P006,Hand Wash 500ml,Personal Care,26,3.26,1.98,0,7,
2025-02-03,P006,Hand Wash 500ml,Personal Care,14,3.26,1.98,0,7,
2025-02-04,P006,Hand Wash 500ml,Personal Care,15,3.26,1.98,0,7,
2025-02-05,P006,Hand Wash 500ml,Personal Care,16,3.26,1.98,0,7,
2025-02-06,P006,Hand Wash 500ml,Personal Care,27,3.26,1.98,0,7,
2025-02-07,P006,Hand Wash 500ml,Personal Care,6,3.26,1.98,0,7,
2025-02-08,P006,Hand Wash 500ml,Personal Care,31,3.26,1.98,0,7,
2025-02-09,P006,Hand Wash 500ml,Personal Care,26,3.26,1.98,0,7,
2025-02-10,P006,Hand Wash 500ml,Personal Care,12,3.26,1.98,0,7,
2025-02-11,P006,Hand Wash 500ml,Personal Care,15,3.26,1.98,0,7,
2025-02-12,P006,Hand Wash 500ml,Personal Care,24,3.26,1.98,0,7,
2025-02-13,P006,Hand Wash 500ml,Personal Care,23,3.26,1.98,0,7,
2025-02-14,P006,Hand Wash 500ml,Personal Care,35,3.26,1.98,0,7,
2025-02-15,P006,Hand Wash 500ml,Personal Care,26,3.26,1.98,0,7,
2025-02-16,P006,Hand Wash 500ml,Personal Care,29,3.26,1.98,0,7,
2025-02-17,P006,Hand Wash 500ml,Personal Care,14,3.26,1.98,0,7,
2025-02-18,P006,Hand Wash 500ml,Personal Care,19,3.26,1.98,0,7,
2025-02-19,P006,Hand Wash 500ml,Personal Care,23,3.26,1.98,0,7,
2025-02-20,P006,Hand Wash 500ml,Personal Care,11,3.26,1.98,0,7,
2025-02-21,P006,Hand Wash 500ml,Personal Care,20,3.26,1.98,0,7,
2025-02-22,P006,Hand Wash 500ml,Personal Care,16,3.26,1.98,0,7,
2025-02-23,P006,Hand Wash 500ml,Personal Care,20,3.26,1.98,0,7,
2025-02-24,P006,Hand Wash 500ml,Personal Care,22,3.26,1.98,0,7,
2025-02-25,P006,Hand Wash 500ml,Personal Care,27,3.26,1.98,0,7,
2025-02-26,P006,Hand Wash 500ml,Personal Care,29,3.26,1.98,0,7,
2025-02-27,P006,Hand Wash 500ml,Personal Care,20,3.26,1.98,0,7,
2025-02-28,P006,Hand Wash 500ml,Personal Care,15,3.26,1.98,0,7,
2025-03-01,P006,Hand Wash 500ml,Personal Care,9,3.26,1.98,0,7,
2025-03-02,P006,Hand Wash 500ml,Personal Care,10,3.26,1.98,0,7,
2025-03-03,P006,Hand Wash 500ml,Personal Care,23,3.26,1.98,0,7,
2025-03-04,P006,Hand Wash 500ml,Personal Care,21,3.26,1.98,0,7,
2025-03-05,P006,Hand Wash 500ml,Personal Care,27,3.26,1.98,0,7,
2025-03-06,P006,Hand Wash 500ml,Personal Care,32,3.27,1.98,0,7,
2025-03-07,P006,Hand Wash 500ml,Personal Care,14,3.27,1.98,0,7,
2025-03-08,P006,Hand Wash 500ml,Personal Care,16,3.27,1.98,0,7,
2025-03-09,P006,Hand Wash 500ml,Personal Care,14,3.27,1.98,0,7,
2025-03-10,P006,Hand Wash 500ml,Personal Care,15,3.27,1.98,0,7,
2025-03-11,P006,Hand Wash 500ml,Personal Care,9,3.27,1.98,0,7,
2025-03-12,P006,Hand Wash 500ml,Personal Care,21,3.27,1.98,0,7,
2025-03-13,P006,Hand Wash 500ml,Personal Care,28,3.27,1.98,0,7,
2025-03-14,P006,Hand Wash 500ml,Personal Care,26,3.27,1.98,0,7,
2025-03-15,P006,Hand Wash 500ml,Personal Care,27,3.27,1.98,0,7,
2025-03-16,P006,Hand Wash 500ml,Personal Care,10,3.27,1.98,0,7,
2025-03-17,P006,Hand Wash 500ml,Personal Care,30,3.27,1.98,0,7,
2025-03-18,P006,Hand Wash 500ml,Personal Care,31,3.27,1.98,0,7,
2025-03-19,P006,Hand Wash 500ml,Personal Care,24,3.27,1.98,0,7,
2025-03-20,P006,Hand Wash 500ml,Personal Care,15,3.27,1.98,0,7,
2025-03-21,P006,Hand Wash 500ml,Personal Care,13,3.27,1.98,0,7,
2025-03-22,P006,Hand Wash 500ml,Personal Care,40,3.27,1.98,0,7,
2025-03-23,P006,Hand Wash 500ml,Personal Care,19,3.27,1.98,0,7,
2025-03-24,P006,Hand Wash 500ml,Personal Care,21,3.27,1.98,0,7,
2025-03-25,P006,Hand Wash 500ml,Personal Care,49,3.27,1.98,0,7,
2025-03-26,P006,Hand Wash 500ml,Personal Care,15,3.27,1.98,0,7,
2025-03-27,P006,Hand Wash 500ml,Personal Care,25,3.27,1.98,0,7,
2025-03-28,P006,Hand Wash 500ml,Personal Care,5,3.27,1.98,0,7,
2025-03-29,P006,Hand Wash 500ml,Personal Care,26,3.27,1.98,0,7,
2025-03-30,P006,Hand Wash 500ml,Personal Care,27,3.27,1.98,0,7,
2025-03-31,P006,Hand Wash 500ml,Personal Care,27,3.27,1.98,0,7,
2025-04-01,P006,Hand Wash 500ml,Personal Care,7,3.27,1.98,0,7,
2025-04-02,P006,Hand Wash 500ml,Personal Care,28,3.27,1.98,0,7,
2025-04-03,P006,Hand Wash 500ml,Personal Care,35,3.27,1.98,0,7,
2025-04-04,P006,Hand Wash 500ml,Personal Care,21,2.78,1.98,1,7,
2025-04-05,P006,Hand Wash 500ml,Personal Care,14,2.78,1.98,1,7,
2025-04-06,P006,Hand Wash 500ml,Personal Care,43,2.78,1.98,1,7,
2025-04-07,P006,Hand Wash 500ml,Personal Care,20,2.78,1.98,1,7,
2025-04-08,P006,Hand Wash 500ml,Personal Care,23,2.78,1.98,1,7,
2025-04-09,P006,Hand Wash 500ml,Personal Care,34,2.78,1.98,1,7,
2025-04-10,P006,Hand Wash 500ml,Personal Care,40,2.78,1.98,1,7,
2025-04-11,P006,Hand Wash 500ml,Personal Care,15,3.27,1.98,0,7,
2025-04-12,P006,Hand Wash 500ml,Personal Care,19,3.27,1.98,0,7,
2025-04-13,P006,Hand Wash 500ml,Personal Care,29,3.28,1.98,0,7,
2025-04-14,P006,Hand Wash 500ml,Personal Care,13,3.28,1.98,0,7,
2025-04-15,P006,Hand Wash 500ml,Personal Care,28,3.28,1.98,0,7,
2025-04-16,P006,Hand Wash 500ml,Personal Care,20,3.28,1.98,0,7,
2025-04-17,P006,Hand Wash 500ml,Personal Care,9,3.28,1.98,0,7,
2025-04-18,P006,Hand Wash 500ml,Personal Care,24,3.28,1.98,0,7,
2025-04-19,P006,Hand Wash 500ml,Personal Care,20,3.28,1.98,0,7,
2025-04-20,P006,Hand Wash 500ml,Personal Care,36,3.28,1.98,0,7,
2025-04-21,P006,Hand Wash 500ml,Personal Care,12,3.28,1.98,0,7,
2025-04-22,P006,Hand Wash 500ml,Personal Care,5,3.28,1.98,0,7,
2025-04-23,P006,Hand Wash 500ml,Personal Care,15,3.28,1.98,0,7,
2025-04-24,P006,Hand Wash 500ml,Personal Care,19,3.28,1.98,0,7,
2025-04-25,P006,Hand Wash 500ml,Personal Care,6,3.28,1.98,0,7,
2025-04-26,P006,Hand Wash 500ml,Personal Care,8,3.28,1.98,0,7,
2025-04-27,P006,Hand Wash 500ml,Personal Care,19,3.28,1.98,0,7,
2025-04-28,P006,Hand Wash 500ml,Personal Care,17,3.28,1.98,0,7,
2025-04-29,P006,Hand Wash 500ml,Personal Care,17,3.28,1.98,0,7,
2025-04-30,P006,Hand Wash 500ml,Personal Care,23,3.28,1.98,0,7,
2025-05-01,P006,Hand Wash 500ml,Personal Care,18,3.28,1.98,0,7,
2025-05-02,P006,Hand Wash 500ml,Personal Care,13,3.28,1.98,0,7,
2025-05-03,P006,Hand Wash 500ml,Personal Care,34,3.28,1.98,0,7,
2025-05-04,P006,Hand Wash 500ml,Personal Care,16,3.28,1.98,0,7,
2025-05-05,P006,Hand Wash 500ml,Personal Care,11,3.28,1.98,0,7,
2025-05-06,P006,Hand Wash 500ml,Personal Care,9,3.28,1.98,0,7,
2025-05-07,P006,Hand Wash 500ml,Personal Care,17,3.28,1.98,0,7,
2025-05-08,P006,Hand Wash 500ml,Personal Care,26,3.28,1.98,0,7,
2025-05-09,P006,Hand Wash 500ml,Personal Care,27,3.28,1.98,0,7,
2025-05-10,P006,Hand Wash 500ml,Personal Care,21,3.28,1.98,0,7,
2025-05-11,P006,Hand Wash 500ml,Personal Care,18,3.28,1.98,0,7,
2025-05-12,P006,Hand Wash 500ml,Personal Care,25,3.28,1.98,0,7,
2025-05-13,P006,Hand Wash 500ml,Personal Care,27,3.28,1.98,0,7,
2025-05-14,P006,Hand Wash 500ml,Personal Care,20,3.28,1.98,0,7,
2025-05-15,P006,Hand Wash 500ml,Personal Care,29,3.28,1.98,0,7,
2025-05-16,P006,Hand Wash 500ml,Personal Care,14,3.28,1.98,0,7,
2025-05-17,P006,Hand Wash 500ml,Personal Care,21,3.28,1.98,0,7,
2025-05-18,P006,Hand Wash 500ml,Personal Care,10,3.28,1.98,0,7,
2025-05-19,P006,Hand Wash 500ml,Personal Care,17,3.28,1.98,0,7,
2025-05-20,P006,Hand Wash 500ml,Personal Care,36,3.28,1.98,0,7,
2025-05-21,P006,Hand Wash 500ml,Personal Care,11,3.29,1.98,0,7,
2025-05-22,P006,Hand Wash 500ml,Personal Care,18,3.29,1.98,0,7,
2025-05-23,P006,Hand Wash 500ml,Personal Care,23,3.29,1.98,0,7,
2025-05-24,P006,Hand Wash 500ml,Personal Care,13,3.29,1.98,0,7,
2025-05-25,P006,Hand Wash 500ml,Personal Care,28,3.29,1.98,0,7,
2025-05-26,P006,Hand Wash 500ml,Personal Care,22,3.29,1.98,0,7,
2025-05-27,P006,Hand Wash 500ml,Personal Care,20,3.29,1.98,0,7,
2025-05-28,P006,Hand Wash 500ml,Personal Care,8,3.29,1.98,0,7,
2025-05-29,P006,Hand Wash 500ml,Personal Care,33,3.29,1.98,0,7,
2025-05-30,P006,Hand Wash 500ml,Personal Care,16,3.29,1.98,0,7,
2025-05-31,P006,Hand Wash 500ml,Personal Care,17,3.29,1.98,0,7,
2025-06-01,P006,Hand Wash 500ml,Personal Care,28,3.29,1.98,0,7,
2025-06-02,P006,Hand Wash 500ml,Personal Care,23,3.29,1.98,0,7,
2025-06-03,P006,Hand Wash 500ml,Personal Care,11,3.29,1.98,0,7,
2025-06-04,P006,Hand Wash 500ml,Personal Care,16,3.29,1.98,0,7,
2025-06-05,P006,Hand Wash 500ml,Personal Care,26,3.29,1.98,0,7,
2025-06-06,P006,Hand Wash 500ml,Personal Care,21,3.29,1.98,0,7,
2025-06-07,P006,Hand Wash 500ml,Personal Care,24,3.29,1.98,0,7,
2025-06-08,P006,Hand Wash 500ml,Personal Care,30,3.29,1.98,0,7,
2025-06-09,P006,Hand Wash 500ml,Personal Care,28,3.29,1.98,0,7,
2025-06-10,P006,Hand Wash 500ml,Personal Care,23,3.29,1.98,0,7,
2025-06-11,P006,Hand Wash 500ml,Personal Care,19,3.29,1.98,0,7,
2025-06-12,P006,Hand Wash 500ml,Personal Care,35,3.29,1.98,0,7,
2025-06-13,P006,Hand Wash 500ml,Personal Care,13,3.29,1.98,0,7,
2025-06-14,P006,Hand Wash 500ml,Personal Care,25,3.29,1.98,0,7,
2025-06-15,P006,Hand Wash 500ml,Personal Care,24,3.29,1.98,0,7,
2025-06-16,P006,Hand Wash 500ml,Personal Care,18,3.29,1.98,0,7,
2025-06-17,P006,Hand Wash 500ml,Personal Care,15,3.29,1.98,0,7,
2025-06-18,P006,Hand Wash 500ml,Personal Care,39,3.29,1.98,0,7,
2025-06-19,P006,Hand Wash 500ml,Personal Care,15,3.29,1.98,0,7,
2025-06-20,P006,Hand Wash 500ml,Personal Care,9,3.29,1.98,0,7,
2025-06-21,P006,Hand Wash 500ml,Personal Care,18,3.29,1.98,0,7,
2025-06-22,P006,Hand Wash 500ml,Personal Care,19,3.29,1.98,0,7,
2025-06-23,P006,Hand Wash 500ml,Personal Care,27,3.29,1.98,0,7,
2025-06-24,P006,Hand Wash 500ml,Personal Care,20,3.29,1.98,0,7,
2025-06-25,P006,Hand Wash 500ml,Personal Care,12,3.29,1.98,0,7,
2025-06-26,P006,Hand Wash 500ml,Personal Care,16,3.29,1.98,0,7,
2025-06-27,P006,Hand Wash 500ml,Personal Care,15,3.29,1.98,0,7,
2025-06-28,P006,Hand Wash 500ml,Personal Care,19,3.3,1.98,0,7,
2025-06-29,P006,Hand Wash 500ml,Personal Care,29,3.3,1.98,0,7,
2025-06-30,P006,Hand Wash 500ml,Personal Care,22,3.3,1.98,0,7,
2025-07-01,P006,Hand Wash 500ml,Personal Care,17,3.3,1.98,0,7,
2025-07-02,P006,Hand Wash 500ml,Personal Care,15,3.3,1.98,0,7,
2025-07-03,P006,Hand Wash 500ml,Personal Care,27,3.3,1.98,0,7,
2025-07-04,P006,Hand Wash 500ml,Personal Care,25,3.3,1.98,0,7,
2025-07-05,P006,Hand Wash 500ml,Personal Care,19,3.3,1.98,0,7,
2025-07-06,P006,Hand Wash 500ml,Personal Care,12,3.3,1.98,0,7,
2025-07-07,P006,Hand Wash 500ml,Personal Care,29,3.3,1.98,0,7,
2025-07-08,P006,Hand Wash 500ml,Personal Care,12,3.3,1.98,0,7,
2025-07-09,P006,Hand Wash 500ml,Personal Care,19,3.3,1.98,0,7,
2025-07-10,P006,Hand Wash 500ml,Personal Care,27,3.3,1.98,0,7,
2025-07-11,P006,Hand Wash 500ml,Personal Care,20,3.3,1.98,0,7,
2025-07-12,P006,Hand Wash 500ml,Personal Care,22,3.3,1.98,0,7,
2025-07-13,P006,Hand Wash 500ml,Personal Care,23,3.3,1.98,0,7,
2025-07-14,P006,Hand Wash 500ml,Personal Care,46,3.3,1.98,0,7,
2025-07-15,P006,Hand Wash 500ml,Personal Care,15,3.3,1.98,0,7,
2025-07-16,P006,Hand Wash 500ml,Personal Care,53,3.3,1.98,0,7,
2025-07-17,P006,Hand Wash 500ml,Personal Care,27,3.3,1.98,0,7,
2025-07-18,P006,Hand Wash 500ml,Personal Care,15,3.3,1.98,0,7,
2025-07-19,P006,Hand Wash 500ml,Personal Care,19,3.3,1.98,0,7,
2025-07-20,P006,Hand Wash 500ml,Personal Care,18,3.3,1.98,0,7,
2025-07-21,P006,Hand Wash 500ml,Personal Care,11,3.3,1.98,0,7,
2025-07-22,P006,Hand Wash 500ml,Personal Care,25,3.3,1.98,0,7,
2025-07-23,P006,Hand Wash 500ml,Personal Care,20,3.3,1.98,0,7,
2025-07-24,P006,Hand Wash 500ml,Personal Care,18,3.3,1.98,0,7,
2025-07-25,P006,Hand Wash 500ml,Personal Care,20,3.3,1.98,0,7,
2025-07-26,P006,Hand Wash 500ml,Personal Care,34,3.3,1.98,0,7,
2025-07-27,P006,Hand Wash 500ml,Personal Care,18,3.3,1.98,0,7,
2025-07-28,P006,Hand Wash 500ml,Personal Care,35,3.3,1.98,0,7,
2025-07-29,P006,Hand Wash 500ml,Personal Care,23,3.3,1.98,0,7,
2025-07-30,P006,Hand Wash 500ml,Personal Care,1,3.3,1.98,0,7,
2025-07-31,P006,Hand Wash 500ml,Personal Care,17,3.3,1.98,0,7,
2025-08-01,P006,Hand Wash 500ml,Personal Care,6,3.3,1.98,0,7,
2025-08-02,P006,Hand Wash 500ml,Personal Care,18,3.3,1.98,0,7,
2025-08-03,P006,Hand Wash 500ml,Personal Care,14,3.3,1.98,0,7,
2025-08-04,P006,Hand Wash 500ml,Personal Care,6,3.3,1.98,0,7,
2025-08-05,P006,Hand Wash 500ml,Personal Care,15,3.31,1.98,0,7,
2025-08-06,P006,Hand Wash 500ml,Personal Care,26,3.31,1.98,0,7,
2025-08-07,P006,Hand Wash 500ml,Personal Care,51,3.31,1.98,0,7,
2025-08-08,P006,Hand Wash 500ml,Personal Care,12,3.31,1.98,0,7,
2025-08-09,P006,Hand Wash 500ml,Personal Care,6,3.31,1.98,0,7,
2025-08-10,P006,Hand Wash 500ml,Personal Care,37,3.31,1.98,0,7,
2025-08-11,P006,Hand Wash 500ml,Personal Care,43,3.31,1.98,0,7,
2025-08-12,P006,Hand Wash 500ml,Personal Care,16,3.31,1.98,0,7,
2025-08-13,P006,Hand Wash 500ml,Personal Care,16,3.31,1.98,0,7,
2025-08-14,P006,Hand Wash 500ml,Personal Care,21,3.31,1.98,0,7,
2025-08-15,P006,Hand Wash 500ml,Personal Care,17,3.31,1.98,0,7,
2025-08-16,P006,Hand Wash 500ml,Personal Care,21,3.31,1.98,0,7,
2025-08-17,P006,Hand Wash 500ml,Personal Care,26,3.31,1.98,0,7,
2025-08-18,P006,Hand Wash 500ml,Personal Care,15,3.31,1.98,0,7,
2025-08-19,P006,Hand Wash 500ml,Personal Care,18,3.31,1.98,0,7,
2025-08-20,P006,Hand Wash 500ml,Personal Care,9,3.31,1.98,0,7,
2025-08-21,P006,Hand Wash 500ml,Personal Care,10,3.31,1.98,0,7,
2025-08-22,P006,Hand Wash 500ml,Personal Care,14,3.31,1.98,0,7,
2025-08-23,P006,Hand Wash 500ml,Personal Care,14,3.31,1.98,0,7,
2025-08-24,P006,Hand Wash 500ml,Personal Care,8,3.31,1.98,0,7,
2025-08-25,P006,Hand Wash 500ml,Personal Care,10,3.31,1.98,0,7,
2025-08-26,P006,Hand Wash 500ml,Personal Care,20,3.31,1.98,0,7,
2025-08-27,P006,Hand Wash 500ml,Personal Care,20,3.31,1.98,0,7,
2025-08-28,P006,Hand Wash 500ml,Personal Care,12,3.31,1.98,0,7,
2025-08-29,P006,Hand Wash 500ml,Personal Care,23,3.31,1.98,0,7,
2025-08-30,P006,Hand Wash 500ml,Personal Care,21,3.31,1.98,0,7,
2025-08-31,P006,Hand Wash 500ml,Personal Care,36,3.31,1.98,0,7,
2025-09-01,P006,Hand Wash 500ml,Personal Care,29,3.31,1.98,0,7,
2025-09-02,P006,Hand Wash 500ml,Personal Care,20,3.31,1.98,0,7,
2025-09-03,P006,Hand Wash 500ml,Personal Care,22,3.31,1.98,0,7,
2025-09-04,P006,Hand Wash 500ml,Personal Care,17,3.31,1.98,0,7,
2025-09-05,P006,Hand Wash 500ml,Personal Care,13,3.31,1.98,0,7,
2025-09-06,P006,Hand Wash 500ml,Personal Care,20,3.31,1.98,0,7,
2025-09-07,P006,Hand Wash 500ml,Personal Care,11,3.31,1.98,0,7,
2025-09-08,P006,Hand Wash 500ml,Personal Care,27,3.31,1.98,0,7,
2025-09-09,P006,Hand Wash 500ml,Personal Care,9,3.31,1.98,0,7,
2025-09-10,P006,Hand Wash 500ml,Personal Care,20,3.31,1.98,0,7,
2025-09-11,P006,Hand Wash 500ml,Personal Care,20,3.31,1.98,0,7,
2025-09-12,P006,Hand Wash 500ml,Personal Care,6,3.32,1.98,0,7,
2025-09-13,P006,Hand Wash 500ml,Personal Care,22,3.32,1.98,0,7,
2025-09-14,P006,Hand Wash 500ml,Personal Care,29,3.32,1.98,0,7,
2025-09-15,P006,Hand Wash 500ml,Personal Care,21,3.32,1.98,0,7,
2025-09-16,P006,Hand Wash 500ml,Personal Care,17,2.82,1.98,1,7,
2025-09-17,P006,Hand Wash 500ml,Personal Care,25,2.82,1.98,1,7,
2025-09-18,P006,Hand Wash 500ml,Personal Care,26,2.82,1.98,1,7,
2025-09-19,P006,Hand Wash 500ml,Personal Care,25,2.82,1.98,1,7,
2025-09-20,P006,Hand Wash 500ml,Personal Care,22,2.82,1.98,1,7,
2025-09-21,P006,Hand Wash 500ml,Personal Care,27,2.82,1.98,1,7,
2025-09-22,P006,Hand Wash 500ml,Personal Care,7,3.32,1.98,0,7,
2025-09-23,P006,Hand Wash 500ml,Personal Care,22,3.32,1.98,0,7,
2025-09-24,P006,Hand Wash 500ml,Personal Care,5,3.32,1.98,0,7,
2025-09-25,P006,Hand Wash 500ml,Personal Care,20,3.32,1.98,0,7,
2025-09-26,P006,Hand Wash 500ml,Personal Care,14,3.32,1.98,0,7,
2025-09-27,P006,Hand Wash 500ml,Personal Care,11,3.32,1.98,0,7,
2025-09-28,P006,Hand Wash 500ml,Personal Care,9,3.32,1.98,0,7,
2025-09-29,P006,Hand Wash 500ml,Personal Care,9,3.32,1.98,0,7,
2025-09-30,P006,Hand Wash 500ml,Personal Care,15,3.32,1.98,0,7,
2025-10-01,P006,Hand Wash 500ml,Personal Care,13,3.32,1.98,0,7,
2025-10-02,P006,Hand Wash 500ml,Personal Care,10,3.32,1.98,0,7,
2025-10-03,P006,Hand Wash 500ml,Personal Care,9,3.32,1.98,0,7,
2025-10-04,P006,Hand Wash 500ml,Personal Care,29,3.32,1.98,0,7,
2025-10-05,P006,Hand Wash 500ml,Personal Care,17,3.32,1.98,0,7,
2025-10-06,P006,Hand Wash 500ml,Personal Care,31,2.82,1.98,1,7,
2025-10-07,P006,Hand Wash 500ml,Personal Care,44,2.82,1.98,1,7,
2025-10-08,P006,Hand Wash 500ml,Personal Care,25,2.82,1.98,1,7,
2025-10-09,P006,Hand Wash 500ml,Personal Care,27,2.82,1.98,1,7,
2025-10-10,P006,Hand Wash 500ml,Personal Care,23,2.82,1.98,1,7,
2025-10-11,P006,Hand Wash 500ml,Personal Care,26,3.32,1.98,0,7,
2025-10-12,P006,Hand Wash 500ml,Personal Care,20,3.32,1.98,0,7,
2025-10-13,P006,Hand Wash 500ml,Personal Care,17,3.32,1.98,0,7,
2025-10-14,P006,Hand Wash 500ml,Personal Care,26,3.32,1.98,0,7,
2025-10-15,P006,Hand Wash 500ml,Personal Care,22,3.32,1.98,0,7,
2025-10-16,P006,Hand Wash 500ml,Personal Care,14,3.32,1.98,0,7,
2025-10-17,P006,Hand Wash 500ml,Personal Care,24,3.32,1.98,0,7,
2025-10-18,P006,Hand Wash 500ml,Personal Care,19,3.32,1.98,0,7,
2025-10-19,P006,Hand Wash 500ml,Personal Care,9,3.32,1.98,0,7,
2025-10-20,P006,Hand Wash 500ml,Personal Care,10,3.33,1.98,0,7,
2025-10-21,P006,Hand Wash 500ml,Personal Care,16,3.33,1.98,0,7,
2025-10-22,P006,Hand Wash 500ml,Personal Care,19,3.33,1.98,0,7,
2025-10-23,P006,Hand Wash 500ml,Personal Care,25,3.33,1.98,0,7,
2025-10-24,P006,Hand Wash 500ml,Personal Care,34,3.33,1.98,0,7,
2025-10-25,P006,Hand Wash 500ml,Personal Care,18,3.33,1.98,0,7,
2025-10-26,P006,Hand Wash 500ml,Personal Care,12,3.33,1.98,0,7,
2025-10-27,P006,Hand Wash 500ml,Personal Care,17,3.33,1.98,0,7,
2025-10-28,P006,Hand Wash 500ml,Personal Care,2,3.33,1.98,0,7,
2025-10-29,P006,Hand Wash 500ml,Personal Care,20,3.33,1.98,0,7,
2025-10-30,P006,Hand Wash 500ml,Personal Care,10,3.33,1.98,0,7,
2025-10-31,P006,Hand Wash 500ml,Personal Care,23,3.33,1.98,0,7,
2025-11-01,P006,Hand Wash 500ml,Personal Care,7,3.33,1.98,0,7,
2025-11-02,P006,Hand Wash 500ml,Personal Care,15,3.33,1.98,0,7,
2025-11-03,P006,Hand Wash 500ml,Personal Care,28,3.33,1.98,0,7,
2025-11-04,P006,Hand Wash 500ml,Personal Care,7,3.33,1.98,0,7,
2025-11-05,P006,Hand Wash 500ml,Personal Care,22,3.33,1.98,0,7,
2025-11-06,P006,Hand Wash 500ml,Personal Care,26,3.33,1.98,0,7,
2025-11-07,P006,Hand Wash 500ml,Personal Care,16,3.33,1.98,0,7,
2025-11-08,P006,Hand Wash 500ml,Personal Care,8,3.33,1.98,0,7,
2025-11-09,P006,Hand Wash 500ml,Personal Care,13,3.33,1.98,0,7,
2025-11-10,P006,Hand Wash 500ml,Personal Care,14,3.33,1.98,0,7,
2025-11-11,P006,Hand Wash 500ml,Personal Care,20,3.33,1.98,0,7,
2025-11-12,P006,Hand Wash 500ml,Personal Care,11,3.33,1.98,0,7,
2025-11-13,P006,Hand Wash 500ml,Personal Care,12,3.33,1.98,0,7,
2025-11-14,P006,Hand Wash 500ml,Personal Care,5,3.33,1.98,0,7,
2025-11-15,P006,Hand Wash 500ml,Personal Care,34,3.33,1.98,0,7,
2025-11-16,P006,Hand Wash 500ml,Personal Care,19,3.33,1.98,0,7,
2025-11-17,P006,Hand Wash 500ml,Personal Care,23,3.33,1.98,0,7,
2025-11-18,P006,Hand Wash 500ml,Personal Care,19,3.33,1.98,0,7,
2025-11-19,P006,Hand Wash 500ml,Personal Care,29,3.33,1.98,0,7,
2025-11-20,P006,Hand Wash 500ml,Personal Care,8,3.33,1.98,0,7,
2025-11-21,P006,Hand Wash 500ml,Personal Care,18,3.33,1.98,0,7,
2025-11-22,P006,Hand Wash 500ml,Personal Care,9,3.33,1.98,0,7,
2025-11-23,P006,Hand Wash 500ml,Personal Care,26,3.33,1.98,0,7,
2025-11-24,P006,Hand Wash 500ml,Personal Care,32,3.33,1.98,0,7,
2025-11-25,P006,Hand Wash 500ml,Personal Care,15,3.33,1.98,0,7,
2025-11-26,P006,Hand Wash 500ml,Personal Care,16,3.33,1.98,0,7,
2025-11-27,P006,Hand Wash 500ml,Personal Care,18,3.34,1.98,0,7,
2025-11-28,P006,Hand Wash 500ml,Personal Care,15,3.34,1.98,0,7,
2025-11-29,P006,Hand Wash 500ml,Personal Care,8,3.34,1.98,0,7,
2025-11-30,P006,Hand Wash 500ml,Personal Care,16,3.34,1.98,0,7,
2025-12-01,P006,Hand Wash 500ml,Personal Care,8,3.34,1.98,0,7,
2025-12-02,P006,Hand Wash 500ml,Personal Care,17,3.34,1.98,0,7,
2025-12-03,P006,Hand Wash 500ml,Personal Care,9,3.34,1.98,0,7,
2025-12-04,P006,Hand Wash 500ml,Personal Care,12,3.34,1.98,0,7,
2025-12-05,P006,Hand Wash 500ml,Personal Care,19,3.34,1.98,0,7,
2025-12-06,P006,Hand Wash 500ml,Personal Care,16,3.34,1.98,0,7,
2025-12-07,P006,Hand Wash 500ml,Personal Care,16,3.34,1.98,0,7,
2025-12-08,P006,Hand Wash 500ml,Personal Care,15,3.34,1.98,0,7,
2025-12-09,P006,Hand Wash 500ml,Personal Care,28,3.34,1.98,0,7,
2025-12-10,P006,Hand Wash 500ml,Personal Care,17,3.34,1.98,0,7,
2025-12-11,P006,Hand Wash 500ml,Personal Care,15,3.34,1.98,0,7,
2025-12-12,P006,Hand Wash 500ml,Personal Care,13,3.34,1.98,0,7,
2025-12-13,P006,Hand Wash 500ml,Personal Care,13,3.34,1.98,0,7,
2025-12-14,P006,Hand Wash 500ml,Personal Care,39,3.34,1.98,0,7,
2025-12-15,P006,Hand Wash 500ml,Personal Care,21,3.34,1.98,0,7,
2025-12-16,P006,Hand Wash 500ml,Personal Care,10,3.34,1.98,0,7,
2025-12-17,P006,Hand Wash 500ml,Personal Care,17,3.34,1.98,0,7,
2025-12-18,P006,Hand Wash 500ml,Personal Care,15,3.34,1.98,0,7,
2025-12-19,P006,Hand Wash 500ml,Personal Care,18,3.34,1.98,0,7,
2025-12-20,P006,Hand Wash 500ml,Personal Care,25,3.34,1.98,0,7,
2025-12-21,P006,Hand Wash 500ml,Personal Care,19,3.34,1.98,0,7,
2025-12-22,P006,Hand Wash 500ml,Personal Care,5,3.34,1.98,0,7,
2025-12-23,P006,Hand Wash 500ml,Personal Care,24,3.34,1.98,0,7,
2025-12-24,P006,Hand Wash 500ml,Personal Care,16,3.34,1.98,0,7,
2025-12-25,P006,Hand Wash 500ml,Personal Care,20,3.34,1.98,0,7,
2025-12-26,P006,Hand Wash 500ml,Personal Care,18,3.34,1.98,0,7,
2025-12-27,P006,Hand Wash 500ml,Personal Care,17,3.34,1.98,0,7,
2025-12-28,P006,Hand Wash 500ml,Personal Care,24,3.34,1.98,0,7,
2025-12-29,P006,Hand Wash 500ml,Personal Care,31,3.34,1.98,0,7,
2025-12-30,P006,Hand Wash 500ml,Personal Care,13,3.34,1.98,0,7,
2025-12-31,P006,Hand Wash 500ml,Personal Care,11,3.34,1.98,0,7,
2026-01-01,P006,Hand Wash 500ml,Personal Care,17,3.34,1.98,0,7,
2026-01-02,P006,Hand Wash 500ml,Personal Care,11,3.34,1.98,0,7,
2026-01-03,P006,Hand Wash 500ml,Personal Care,30,3.34,1.98,0,7,
2026-01-04,P006,Hand Wash 500ml,Personal Care,9,3.35,1.98,0,7,
2026-01-05,P006,Hand Wash 500ml,Personal Care,6,3.35,1.98,0,7,
2026-01-06,P006,Hand Wash 500ml,Personal Care,16,3.35,1.98,0,7,
2026-01-07,P006,Hand Wash 500ml,Personal Care,11,3.35,1.98,0,7,
2026-01-08,P006,Hand Wash 500ml,Personal Care,17,3.35,1.98,0,7,
2026-01-09,P006,Hand Wash 500ml,Personal Care,8,3.35,1.98,0,7,
2026-01-10,P006,Hand Wash 500ml,Personal Care,18,3.35,1.98,0,7,
2026-01-11,P006,Hand Wash 500ml,Personal Care,31,3.35,1.98,0,7,
2026-01-12,P006,Hand Wash 500ml,Personal Care,17,3.35,1.98,0,7,
2026-01-13,P006,Hand Wash 500ml,Personal Care,13,3.35,1.98,0,7,
2026-01-14,P006,Hand Wash 500ml,Personal Care,22,3.35,1.98,0,7,
2026-01-15,P006,Hand Wash 500ml,Personal Care,8,3.35,1.98,0,7,
2026-01-16,P006,Hand Wash 500ml,Personal Care,11,3.35,1.98,0,7,
2026-01-17,P006,Hand Wash 500ml,Personal Care,16,3.35,1.98,0,7,
2026-01-18,P006,Hand Wash 500ml,Personal Care,20,3.35,1.98,0,7,
2026-01-19,P006,Hand Wash 500ml,Personal Care,17,3.35,1.98,0,7,
2026-01-20,P006,Hand Wash 500ml,Personal Care,25,3.35,1.98,0,7,
2026-01-21,P006,Hand Wash 500ml,Personal Care,11,3.35,1.98,0,7,
2026-01-22,P006,Hand Wash 500ml,Personal Care,22,3.35,1.98,0,7,
2026-01-23,P006,Hand Wash 500ml,Personal Care,12,3.35,1.98,0,7,
2026-01-24,P006,Hand Wash 500ml,Personal Care,22,3.35,1.98,0,7,
2026-01-25,P006,Hand Wash 500ml,Personal Care,13,3.35,1.98,0,7,
2026-01-26,P006,Hand Wash 500ml,Personal Care,14,3.35,1.98,0,7,
2026-01-27,P006,Hand Wash 500ml,Personal Care,17,3.35,1.98,0,7,
2026-01-28,P006,Hand Wash 500ml,Personal Care,49,3.35,1.98,0,7,
2026-01-29,P006,Hand Wash 500ml,Personal Care,15,3.35,1.98,0,7,
2026-01-30,P006,Hand Wash 500ml,Personal Care,11,3.35,1.98,0,7,
2026-01-31,P006,Hand Wash 500ml,Personal Care,14,3.35,1.98,0,7,
2026-02-01,P006,Hand Wash 500ml,Personal Care,19,3.35,1.98,0,7,
2026-02-02,P006,Hand Wash 500ml,Personal Care,8,3.35,1.98,0,7,
2026-02-03,P006,Hand Wash 500ml,Personal Care,15,3.35,1.98,0,7,
2026-02-04,P006,Hand Wash 500ml,Personal Care,29,3.35,1.98,0,7,
2026-02-05,P006,Hand Wash 500ml,Personal Care,12,3.35,1.98,0,7,
2026-02-06,P006,Hand Wash 500ml,Personal Care,16,3.35,1.98,0,7,
2026-02-07,P006,Hand Wash 500ml,Personal Care,7,3.35,1.98,0,7,
2026-02-08,P006,Hand Wash 500ml,Personal Care,18,3.35,1.98,0,7,
2026-02-09,P006,Hand Wash 500ml,Personal Care,8,3.35,1.98,0,7,
2026-02-10,P006,Hand Wash 500ml,Personal Care,20,3.35,1.98,0,7,
2026-02-11,P006,Hand Wash 500ml,Personal Care,8,3.36,1.98,0,7,
2026-02-12,P006,Hand Wash 500ml,Personal Care,14,3.36,1.98,0,7,
2026-02-13,P006,Hand Wash 500ml,Personal Care,15,3.36,1.98,0,7,
2026-02-14,P006,Hand Wash 500ml,Personal Care,15,2.85,1.98,1,7,
2026-02-15,P006,Hand Wash 500ml,Personal Care,25,2.85,1.98,1,7,
2026-02-16,P006,Hand Wash 500ml,Personal Care,29,2.85,1.98,1,7,
2026-02-17,P006,Hand Wash 500ml,Personal Care,10,2.85,1.98,1,7,
2026-02-18,P006,Hand Wash 500ml,Personal Care,14,2.85,1.98,1,7,
2026-02-19,P006,Hand Wash 500ml,Personal Care,16,3.36,1.98,0,7,
2026-02-20,P006,Hand Wash 500ml,Personal Care,10,3.36,1.98,0,7,
2026-02-21,P006,Hand Wash 500ml,Personal Care,7,3.36,1.98,0,7,
2026-02-22,P006,Hand Wash 500ml,Personal Care,20,3.36,1.98,0,7,
2026-02-23,P006,Hand Wash 500ml,Personal Care,21,3.36,1.98,0,7,
2026-02-24,P006,Hand Wash 500ml,Personal Care,7,3.36,1.98,0,7,
2026-02-25,P006,Hand Wash 500ml,Personal Care,30,3.36,1.98,0,7,
2026-02-26,P006,Hand Wash 500ml,Personal Care,29,2.86,1.98,1,7,
2026-02-27,P006,Hand Wash 500ml,Personal Care,11,2.86,1.98,1,7,
2026-02-28,P006,Hand Wash 500ml,Personal Care,27,2.86,1.98,1,7,
2026-03-01,P006,Hand Wash 500ml,Personal Care,22,2.86,1.98,1,7,
2026-03-02,P006,Hand Wash 500ml,Personal Care,14,2.86,1.98,1,7,
2026-03-03,P006,Hand Wash 500ml,Personal Care,25,2.86,1.98,1,7,
2026-03-04,P006,Hand Wash 500ml,Personal Care,18,2.86,1.98,1,7,
2026-03-05,P006,Hand Wash 500ml,Personal Care,18,3.36,1.98,0,7,
2026-03-06,P006,Hand Wash 500ml,Personal Care,11,3.36,1.98,0,7,
2026-03-07,P006,Hand Wash 500ml,Personal Care,23,3.36,1.98,0,7,
2026-03-08,P006,Hand Wash 500ml,Personal Care,8,3.36,1.98,0,7,
2026-03-09,P006,Hand Wash 500ml,Personal Care,33,3.36,1.98,0,7,
2026-03-10,P006,Hand Wash 500ml,Personal Care,21,3.36,1.98,0,7,
2026-03-11,P006,Hand Wash 500ml,Personal Care,15,3.36,1.98,0,7,
2026-03-12,P006,Hand Wash 500ml,Personal Care,14,3.36,1.98,0,7,
2026-03-13,P006,Hand Wash 500ml,Personal Care,6,3.36,1.98,0,7,
2026-03-14,P006,Hand Wash 500ml,Personal Care,12,3.36,1.98,0,7,
2026-03-15,P006,Hand Wash 500ml,Personal Care,20,3.36,1.98,0,7,
2026-03-16,P006,Hand Wash 500ml,Personal Care,8,3.36,1.98,0,7,
2026-03-17,P006,Hand Wash 500ml,Personal Care,13,2.86,1.98,1,7,
2026-03-18,P006,Hand Wash 500ml,Personal Care,14,2.86,1.98,1,7,
2026-03-19,P006,Hand Wash 500ml,Personal Care,31,2.86,1.98,1,7,
2026-03-20,P006,Hand Wash 500ml,Personal Care,14,2.86,1.98,1,7,
2026-03-21,P006,Hand Wash 500ml,Personal Care,31,2.86,1.98,1,7,
2026-03-22,P006,Hand Wash 500ml,Personal Care,21,2.86,1.98,1,7,
2026-03-23,P006,Hand Wash 500ml,Personal Care,11,2.86,1.98,1,7,
2026-03-24,P006,Hand Wash 500ml,Personal Care,18,3.37,1.98,0,7,
2026-03-25,P006,Hand Wash 500ml,Personal Care,15,3.37,1.98,0,7,
2026-03-26,P006,Hand Wash 500ml,Personal Care,23,3.37,1.98,0,7,
2026-03-27,P006,Hand Wash 500ml,Personal Care,20,3.37,1.98,0,7,
2026-03-28,P006,Hand Wash 500ml,Personal Care,12,3.37,1.98,0,7,
2026-03-29,P006,Hand Wash 500ml,Personal Care,27,3.37,1.98,0,7,
2026-03-30,P006,Hand Wash 500ml,Personal Care,15,3.37,1.98,0,7,
2026-03-31,P006,Hand Wash 500ml,Personal Care,16,3.37,1.98,0,7,
2026-04-01,P006,Hand Wash 500ml,Personal Care,7,3.37,1.98,0,7,
2026-04-02,P006,Hand Wash 500ml,Personal Care,21,3.37,1.98,0,7,
2026-04-03,P006,Hand Wash 500ml,Personal Care,12,3.37,1.98,0,7,
2026-04-04,P006,Hand Wash 500ml,Personal Care,5,3.37,1.98,0,7,
2026-04-05,P006,Hand Wash 500ml,Personal Care,17,3.37,1.98,0,7,
2026-04-06,P006,Hand Wash 500ml,Personal Care,19,3.37,1.98,0,7,
2026-04-07,P006,Hand Wash 500ml,Personal Care,14,3.37,1.98,0,7,
2026-04-08,P006,Hand Wash 500ml,Personal Care,18,3.37,1.98,0,7,
2026-04-09,P006,Hand Wash 500ml,Personal Care,15,3.37,1.98,0,7,
2026-04-10,P006,Hand Wash 500ml,Personal Care,42,3.37,1.98,0,7,
2026-04-11,P006,Hand Wash 500ml,Personal Care,14,3.37,1.98,0,7,
2026-04-12,P006,Hand Wash 500ml,Personal Care,10,3.37,1.98,0,7,
2026-04-13,P006,Hand Wash 500ml,Personal Care,13,3.37,1.98,0,7,
2026-04-14,P006,Hand Wash 500ml,Personal Care,14,3.37,1.98,0,7,
2026-04-15,P006,Hand Wash 500ml,Personal Care,13,3.37,1.98,0,7,
2026-04-16,P006,Hand Wash 500ml,Personal Care,6,3.37,1.98,0,7,
2026-04-17,P006,Hand Wash 500ml,Personal Care,13,3.37,1.98,0,7,
2026-04-18,P006,Hand Wash 500ml,Personal Care,10,3.37,1.98,0,7,
2026-04-19,P006,Hand Wash 500ml,Personal Care,4,3.37,1.98,0,7,
2026-04-20,P006,Hand Wash 500ml,Personal Care,16,3.37,1.98,0,7,
2026-04-21,P006,Hand Wash 500ml,Personal Care,9,3.37,1.98,0,7,
2026-04-22,P006,Hand Wash 500ml,Personal Care,12,3.37,1.98,0,7,
2026-04-23,P006,Hand Wash 500ml,Personal Care,4,3.37,1.98,0,7,
2026-04-24,P006,Hand Wash 500ml,Personal Care,23,3.37,1.98,0,7,
2026-04-25,P006,Hand Wash 500ml,Personal Care,15,3.37,1.98,0,7,
2026-04-26,P006,Hand Wash 500ml,Personal Care,14,3.37,1.98,0,7,
2026-04-27,P006,Hand Wash 500ml,Personal Care,18,3.37,1.98,0,7,
2026-04-28,P006,Hand Wash 500ml,Personal Care,13,3.38,1.98,0,7,
2026-04-29,P006,Hand Wash 500ml,Personal Care,11,3.38,1.98,0,7,
2026-04-30,P006,Hand Wash 500ml,Personal Care,11,3.38,1.98,0,7,
2026-05-01,P006,Hand Wash 500ml,Personal Care,12,3.38,1.98,0,7,
2026-05-02,P006,Hand Wash 500ml,Personal Care,30,3.38,1.98,0,7,
2026-05-03,P006,Hand Wash 500ml,Personal Care,9,3.38,1.98,0,7,
2026-05-04,P006,Hand Wash 500ml,Personal Care,20,3.38,1.98,0,7,
2026-05-05,P006,Hand Wash 500ml,Personal Care,5,3.38,1.98,0,7,
2026-05-06,P006,Hand Wash 500ml,Personal Care,14,3.38,1.98,0,7,
2026-05-07,P006,Hand Wash 500ml,Personal Care,10,3.38,1.98,0,7,
2026-05-08,P006,Hand Wash 500ml,Personal Care,8,3.38,1.98,0,7,
2026-05-09,P006,Hand Wash 500ml,Personal Care,21,3.38,1.98,0,7,
2026-05-10,P006,Hand Wash 500ml,Personal Care,25,3.38,1.98,0,7,
2026-05-11,P006,Hand Wash 500ml,Personal Care,24,3.38,1.98,0,7,
2026-05-12,P006,Hand Wash 500ml,Personal Care,11,3.38,1.98,0,7,
2026-05-13,P006,Hand Wash 500ml,Personal Care,21,3.38,1.98,0,7,
2026-05-14,P006,Hand Wash 500ml,Personal Care,11,3.38,1.98,0,7,
2026-05-15,P006,Hand Wash 500ml,Personal Care,13,3.38,1.98,0,7,
2026-05-16,P006,Hand Wash 500ml,Personal Care,13,3.38,1.98,0,7,
2026-05-17,P006,Hand Wash 500ml,Personal Care,18,3.38,1.98,0,7,
2026-05-18,P006,Hand Wash 500ml,Personal Care,16,3.38,1.98,0,7,
2026-05-19,P006,Hand Wash 500ml,Personal Care,8,3.38,1.98,0,7,
2026-05-20,P006,Hand Wash 500ml,Personal Care,10,3.38,1.98,0,7,
2026-05-21,P006,Hand Wash 500ml,Personal Care,21,3.38,1.98,0,7,
2026-05-22,P006,Hand Wash 500ml,Personal Care,7,3.38,1.98,0,7,
2026-05-23,P006,Hand Wash 500ml,Personal Care,11,3.38,1.98,0,7,
2026-05-24,P006,Hand Wash 500ml,Personal Care,18,3.38,1.98,0,7,
2026-05-25,P006,Hand Wash 500ml,Personal Care,14,3.38,1.98,0,7,
2026-05-26,P006,Hand Wash 500ml,Personal Care,9,3.38,1.98,0,7,
2026-05-27,P006,Hand Wash 500ml,Personal Care,13,3.38,1.98,0,7,
2026-05-28,P006,Hand Wash 500ml,Personal Care,27,3.38,1.98,0,7,
2026-05-29,P006,Hand Wash 500ml,Personal Care,8,3.38,1.98,0,7,
2026-05-30,P006,Hand Wash 500ml,Personal Care,24,3.38,1.98,0,7,
2026-05-31,P006,Hand Wash 500ml,Personal Care,11,3.38,1.98,0,7,
2026-06-01,P006,Hand Wash 500ml,Personal Care,8,3.38,1.98,0,7,
2026-06-02,P006,Hand Wash 500ml,Personal Care,15,3.38,1.98,0,7,
2026-06-03,P006,Hand Wash 500ml,Personal Care,11,3.38,1.98,0,7,
2026-06-04,P006,Hand Wash 500ml,Personal Care,4,3.38,1.98,0,7,
2026-06-05,P006,Hand Wash 500ml,Personal Care,25,3.39,1.98,0,7,
2026-06-06,P006,Hand Wash 500ml,Personal Care,9,3.39,1.98,0,7,
2026-06-07,P006,Hand Wash 500ml,Personal Care,23,3.39,1.98,0,7,
2026-06-08,P006,Hand Wash 500ml,Personal Care,8,3.39,1.98,0,7,
2026-06-09,P006,Hand Wash 500ml,Personal Care,11,3.39,1.98,0,7,
2026-06-10,P006,Hand Wash 500ml,Personal Care,19,3.39,1.98,0,7,
2026-06-11,P006,Hand Wash 500ml,Personal Care,6,3.39,1.98,0,7,
2026-06-12,P006,Hand Wash 500ml,Personal Care,10,3.39,1.98,0,7,
2026-06-13,P006,Hand Wash 500ml,Personal Care,9,3.39,1.98,0,7,
2026-06-14,P006,Hand Wash 500ml,Personal Care,2,3.39,1.98,0,7,
2026-06-15,P006,Hand Wash 500ml,Personal Care,18,3.39,1.98,0,7,
2026-06-16,P006,Hand Wash 500ml,Personal Care,5,3.39,1.98,0,7,
2026-06-17,P006,Hand Wash 500ml,Personal Care,9,3.39,1.98,0,7,
2026-06-18,P006,Hand Wash 500ml,Personal Care,7,3.39,1.98,0,7,
2026-06-19,P006,Hand Wash 500ml,Personal Care,14,3.39,1.98,0,7,
2026-06-20,P006,Hand Wash 500ml,Personal Care,8,3.39,1.98,0,7,
2026-06-21,P006,Hand Wash 500ml,Personal Care,8,3.39,1.98,0,7,
2026-06-22,P006,Hand Wash 500ml,Personal Care,12,3.39,1.98,0,7,
2026-06-23,P006,Hand Wash 500ml,Personal Care,13,3.39,1.98,0,7,
2026-06-24,P006,Hand Wash 500ml,Personal Care,10,3.39,1.98,0,7,
2026-06-25,P006,Hand Wash 500ml,Personal Care,3,3.39,1.98,0,7,
2026-06-26,P006,Hand Wash 500ml,Personal Care,11,3.39,1.98,0,7,
2026-06-27,P006,Hand Wash 500ml,Personal Care,14,3.39,1.98,0,7,
2026-06-28,P006,Hand Wash 500ml,Personal Care,9,3.39,1.98,0,7,
2026-06-29,P006,Hand Wash 500ml,Personal Care,17,3.39,1.98,0,7,
2026-06-30,P006,Hand Wash 500ml,Personal Care,8,3.39,1.98,0,7,649
2024-07-01,P007,Premium Olive Oil 1L,Pantry,2,14.0,8.68,0,21,
2024-07-02,P007,Premium Olive Oil 1L,Pantry,1,14.0,8.68,0,21,
2024-07-03,P007,Premium Olive Oil 1L,Pantry,7,14.0,8.68,0,21,
2024-07-04,P007,Premium Olive Oil 1L,Pantry,9,11.9,8.68,1,21,
2024-07-05,P007,Premium Olive Oil 1L,Pantry,7,11.9,8.68,1,21,
2024-07-06,P007,Premium Olive Oil 1L,Pantry,2,11.9,8.68,1,21,
2024-07-07,P007,Premium Olive Oil 1L,Pantry,4,11.91,8.68,1,21,
2024-07-08,P007,Premium Olive Oil 1L,Pantry,2,11.91,8.68,1,21,
2024-07-09,P007,Premium Olive Oil 1L,Pantry,3,11.91,8.68,1,21,
2024-07-10,P007,Premium Olive Oil 1L,Pantry,10,11.91,8.68,1,21,
2024-07-11,P007,Premium Olive Oil 1L,Pantry,2,14.01,8.68,0,21,
2024-07-12,P007,Premium Olive Oil 1L,Pantry,6,14.01,8.68,0,21,
2024-07-13,P007,Premium Olive Oil 1L,Pantry,4,14.01,8.68,0,21,
2024-07-14,P007,Premium Olive Oil 1L,Pantry,4,14.01,8.68,0,21,
2024-07-15,P007,Premium Olive Oil 1L,Pantry,5,14.02,8.68,0,21,
2024-07-16,P007,Premium Olive Oil 1L,Pantry,0,14.02,8.68,0,21,
2024-07-17,P007,Premium Olive Oil 1L,Pantry,0,14.02,8.68,0,21,
2024-07-18,P007,Premium Olive Oil 1L,Pantry,1,14.02,8.68,0,21,
2024-07-19,P007,Premium Olive Oil 1L,Pantry,1,14.02,8.68,0,21,
2024-07-20,P007,Premium Olive Oil 1L,Pantry,3,14.02,8.68,0,21,
2024-07-21,P007,Premium Olive Oil 1L,Pantry,0,14.02,8.68,0,21,
2024-07-22,P007,Premium Olive Oil 1L,Pantry,7,14.02,8.68,0,21,
2024-07-23,P007,Premium Olive Oil 1L,Pantry,11,14.03,8.68,0,21,
2024-07-24,P007,Premium Olive Oil 1L,Pantry,3,14.03,8.68,0,21,
2024-07-25,P007,Premium Olive Oil 1L,Pantry,4,14.03,8.68,0,21,
2024-07-26,P007,Premium Olive Oil 1L,Pantry,6,14.03,8.68,0,21,
2024-07-27,P007,Premium Olive Oil 1L,Pantry,0,14.03,8.68,0,21,
2024-07-28,P007,Premium Olive Oil 1L,Pantry,4,14.03,8.68,0,21,
2024-07-29,P007,Premium Olive Oil 1L,Pantry,17,14.03,8.68,0,21,
2024-07-30,P007,Premium Olive Oil 1L,Pantry,2,14.03,8.68,0,21,
2024-07-31,P007,Premium Olive Oil 1L,Pantry,5,14.03,8.68,0,21,
2024-08-01,P007,Premium Olive Oil 1L,Pantry,6,14.04,8.68,0,21,
2024-08-02,P007,Premium Olive Oil 1L,Pantry,1,14.04,8.68,0,21,
2024-08-03,P007,Premium Olive Oil 1L,Pantry,0,14.04,8.68,0,21,
2024-08-04,P007,Premium Olive Oil 1L,Pantry,0,14.04,8.68,0,21,
2024-08-05,P007,Premium Olive Oil 1L,Pantry,6,14.04,8.68,0,21,
2024-08-06,P007,Premium Olive Oil 1L,Pantry,1,14.04,8.68,0,21,
2024-08-07,P007,Premium Olive Oil 1L,Pantry,1,14.04,8.68,0,21,
2024-08-08,P007,Premium Olive Oil 1L,Pantry,13,14.04,8.68,0,21,
2024-08-09,P007,Premium Olive Oil 1L,Pantry,5,14.04,8.68,0,21,
2024-08-10,P007,Premium Olive Oil 1L,Pantry,1,14.05,8.68,0,21,
2024-08-11,P007,Premium Olive Oil 1L,Pantry,2,14.05,8.68,0,21,
2024-08-12,P007,Premium Olive Oil 1L,Pantry,6,14.05,8.68,0,21,
2024-08-13,P007,Premium Olive Oil 1L,Pantry,3,14.05,8.68,0,21,
2024-08-14,P007,Premium Olive Oil 1L,Pantry,0,14.05,8.68,0,21,
2024-08-15,P007,Premium Olive Oil 1L,Pantry,3,14.05,8.68,0,21,
2024-08-16,P007,Premium Olive Oil 1L,Pantry,1,14.05,8.68,0,21,
2024-08-17,P007,Premium Olive Oil 1L,Pantry,2,14.05,8.68,0,21,
2024-08-18,P007,Premium Olive Oil 1L,Pantry,2,14.06,8.68,0,21,
2024-08-19,P007,Premium Olive Oil 1L,Pantry,6,14.06,8.68,0,21,
2024-08-20,P007,Premium Olive Oil 1L,Pantry,7,14.06,8.68,0,21,
2024-08-21,P007,Premium Olive Oil 1L,Pantry,6,14.06,8.68,0,21,
2024-08-22,P007,Premium Olive Oil 1L,Pantry,4,14.06,8.68,0,21,
2024-08-23,P007,Premium Olive Oil 1L,Pantry,4,14.06,8.68,0,21,
2024-08-24,P007,Premium Olive Oil 1L,Pantry,5,14.06,8.68,0,21,
2024-08-25,P007,Premium Olive Oil 1L,Pantry,6,14.06,8.68,0,21,
2024-08-26,P007,Premium Olive Oil 1L,Pantry,5,14.06,8.68,0,21,
2024-08-27,P007,Premium Olive Oil 1L,Pantry,15,14.07,8.68,0,21,
2024-08-28,P007,Premium Olive Oil 1L,Pantry,2,14.07,8.68,0,21,
2024-08-29,P007,Premium Olive Oil 1L,Pantry,3,14.07,8.68,0,21,
2024-08-30,P007,Premium Olive Oil 1L,Pantry,2,14.07,8.68,0,21,
2024-08-31,P007,Premium Olive Oil 1L,Pantry,5,14.07,8.68,0,21,
2024-09-01,P007,Premium Olive Oil 1L,Pantry,3,14.07,8.68,0,21,
2024-09-02,P007,Premium Olive Oil 1L,Pantry,1,14.07,8.68,0,21,
2024-09-03,P007,Premium Olive Oil 1L,Pantry,8,14.07,8.68,0,21,
2024-09-04,P007,Premium Olive Oil 1L,Pantry,4,14.07,8.68,0,21,
2024-09-05,P007,Premium Olive Oil 1L,Pantry,0,14.08,8.68,0,21,
2024-09-06,P007,Premium Olive Oil 1L,Pantry,5,14.08,8.68,0,21,
2024-09-07,P007,Premium Olive Oil 1L,Pantry,1,14.08,8.68,0,21,
2024-09-08,P007,Premium Olive Oil 1L,Pantry,3,14.08,8.68,0,21,
2024-09-09,P007,Premium Olive Oil 1L,Pantry,3,14.08,8.68,0,21,
2024-09-10,P007,Premium Olive Oil 1L,Pantry,2,14.08,8.68,0,21,
2024-09-11,P007,Premium Olive Oil 1L,Pantry,0,14.08,8.68,0,21,
2024-09-12,P007,Premium Olive Oil 1L,Pantry,4,14.08,8.68,0,21,
2024-09-13,P007,Premium Olive Oil 1L,Pantry,4,14.09,8.68,0,21,
2024-09-14,P007,Premium Olive Oil 1L,Pantry,4,14.09,8.68,0,21,
2024-09-15,P007,Premium Olive Oil 1L,Pantry,0,14.09,8.68,0,21,
2024-09-16,P007,Premium Olive Oil 1L,Pantry,1,14.09,8.68,0,21,
2024-09-17,P007,Premium Olive Oil 1L,Pantry,2,14.09,8.68,0,21,
2024-09-18,P007,Premium Olive Oil 1L,Pantry,1,14.09,8.68,0,21,
2024-09-19,P007,Premium Olive Oil 1L,Pantry,9,14.09,8.68,0,21,
2024-09-20,P007,Premium Olive Oil 1L,Pantry,3,14.09,8.68,0,21,
2024-09-21,P007,Premium Olive Oil 1L,Pantry,7,14.09,8.68,0,21,
2024-09-22,P007,Premium Olive Oil 1L,Pantry,4,14.1,8.68,0,21,
2024-09-23,P007,Premium Olive Oil 1L,Pantry,4,14.1,8.68,0,21,
2024-09-24,P007,Premium Olive Oil 1L,Pantry,2,14.1,8.68,0,21,
2024-09-25,P007,Premium Olive Oil 1L,Pantry,9,14.1,8.68,0,21,
2024-09-26,P007,Premium Olive Oil 1L,Pantry,2,14.1,8.68,0,21,
2024-09-27,P007,Premium Olive Oil 1L,Pantry,7,14.1,8.68,0,21,
2024-09-28,P007,Premium Olive Oil 1L,Pantry,1,14.1,8.68,0,21,
2024-09-29,P007,Premium Olive Oil 1L,Pantry,8,14.1,8.68,0,21,
2024-09-30,P007,Premium Olive Oil 1L,Pantry,0,14.1,8.68,0,21,
2024-10-01,P007,Premium Olive Oil 1L,Pantry,0,14.11,8.68,0,21,
2024-10-02,P007,Premium Olive Oil 1L,Pantry,1,14.11,8.68,0,21,
2024-10-03,P007,Premium Olive Oil 1L,Pantry,2,14.11,8.68,0,21,
2024-10-04,P007,Premium Olive Oil 1L,Pantry,1,14.11,8.68,0,21,
2024-10-05,P007,Premium Olive Oil 1L,Pantry,1,14.11,8.68,0,21,
2024-10-06,P007,Premium Olive Oil 1L,Pantry,2,14.11,8.68,0,21,
2024-10-07,P007,Premium Olive Oil 1L,Pantry,7,14.11,8.68,0,21,
2024-10-08,P007,Premium Olive Oil 1L,Pantry,1,14.11,8.68,0,21,
2024-10-09,P007,Premium Olive Oil 1L,Pantry,3,14.11,8.68,0,21,
2024-10-10,P007,Premium Olive Oil 1L,Pantry,1,14.12,8.68,0,21,
2024-10-11,P007,Premium Olive Oil 1L,Pantry,1,14.12,8.68,0,21,
2024-10-12,P007,Premium Olive Oil 1L,Pantry,2,14.12,8.68,0,21,
2024-10-13,P007,Premium Olive Oil 1L,Pantry,5,14.12,8.68,0,21,
2024-10-14,P007,Premium Olive Oil 1L,Pantry,2,14.12,8.68,0,21,
2024-10-15,P007,Premium Olive Oil 1L,Pantry,6,14.12,8.68,0,21,
2024-10-16,P007,Premium Olive Oil 1L,Pantry,1,14.12,8.68,0,21,
2024-10-17,P007,Premium Olive Oil 1L,Pantry,4,14.12,8.68,0,21,
2024-10-18,P007,Premium Olive Oil 1L,Pantry,1,14.13,8.68,0,21,
2024-10-19,P007,Premium Olive Oil 1L,Pantry,3,14.13,8.68,0,21,
2024-10-20,P007,Premium Olive Oil 1L,Pantry,3,14.13,8.68,0,21,
2024-10-21,P007,Premium Olive Oil 1L,Pantry,17,14.13,8.68,0,21,
2024-10-22,P007,Premium Olive Oil 1L,Pantry,4,14.13,8.68,0,21,
2024-10-23,P007,Premium Olive Oil 1L,Pantry,3,14.13,8.68,0,21,
2024-10-24,P007,Premium Olive Oil 1L,Pantry,0,14.13,8.68,0,21,
2024-10-25,P007,Premium Olive Oil 1L,Pantry,7,14.13,8.68,0,21,
2024-10-26,P007,Premium Olive Oil 1L,Pantry,2,14.13,8.68,0,21,
2024-10-27,P007,Premium Olive Oil 1L,Pantry,5,14.14,8.68,0,21,
2024-10-28,P007,Premium Olive Oil 1L,Pantry,10,14.14,8.68,0,21,
2024-10-29,P007,Premium Olive Oil 1L,Pantry,2,14.14,8.68,0,21,
2024-10-30,P007,Premium Olive Oil 1L,Pantry,3,14.14,8.68,0,21,
2024-10-31,P007,Premium Olive Oil 1L,Pantry,1,14.14,8.68,0,21,
2024-11-01,P007,Premium Olive Oil 1L,Pantry,6,14.14,8.68,0,21,
2024-11-02,P007,Premium Olive Oil 1L,Pantry,3,14.14,8.68,0,21,
2024-11-03,P007,Premium Olive Oil 1L,Pantry,0,14.14,8.68,0,21,
2024-11-04,P007,Premium Olive Oil 1L,Pantry,9,12.02,8.68,1,21,
2024-11-05,P007,Premium Olive Oil 1L,Pantry,19,12.02,8.68,1,21,
2024-11-06,P007,Premium Olive Oil 1L,Pantry,1,12.03,8.68,1,21,
2024-11-07,P007,Premium Olive Oil 1L,Pantry,1,12.03,8.68,1,21,
2024-11-08,P007,Premium Olive Oil 1L,Pantry,5,14.15,8.68,0,21,
2024-11-09,P007,Premium Olive Oil 1L,Pantry,5,14.15,8.68,0,21,
2024-11-10,P007,Premium Olive Oil 1L,Pantry,2,14.15,8.68,0,21,
2024-11-11,P007,Premium Olive Oil 1L,Pantry,1,14.15,8.68,0,21,
2024-11-12,P007,Premium Olive Oil 1L,Pantry,4,14.15,8.68,0,21,
2024-11-13,P007,Premium Olive Oil 1L,Pantry,0,14.16,8.68,0,21,
2024-11-14,P007,Premium Olive Oil 1L,Pantry,0,14.16,8.68,0,21,
2024-11-15,P007,Premium Olive Oil 1L,Pantry,3,14.16,8.68,0,21,
2024-11-16,P007,Premium Olive Oil 1L,Pantry,1,14.16,8.68,0,21,
2024-11-17,P007,Premium Olive Oil 1L,Pantry,1,14.16,8.68,0,21,
2024-11-18,P007,Premium Olive Oil 1L,Pantry,0,14.16,8.68,0,21,
2024-11-19,P007,Premium Olive Oil 1L,Pantry,1,14.16,8.68,0,21,
2024-11-20,P007,Premium Olive Oil 1L,Pantry,7,14.16,8.68,0,21,
2024-11-21,P007,Premium Olive Oil 1L,Pantry,3,14.16,8.68,0,21,
2024-11-22,P007,Premium Olive Oil 1L,Pantry,3,14.17,8.68,0,21,
2024-11-23,P007,Premium Olive Oil 1L,Pantry,0,14.17,8.68,0,21,
2024-11-24,P007,Premium Olive Oil 1L,Pantry,2,14.17,8.68,0,21,
2024-11-25,P007,Premium Olive Oil 1L,Pantry,6,14.17,8.68,0,21,
2024-11-26,P007,Premium Olive Oil 1L,Pantry,2,14.17,8.68,0,21,
2024-11-27,P007,Premium Olive Oil 1L,Pantry,0,14.17,8.68,0,21,
2024-11-28,P007,Premium Olive Oil 1L,Pantry,4,14.17,8.68,0,21,
2024-11-29,P007,Premium Olive Oil 1L,Pantry,2,14.17,8.68,0,21,
2024-11-30,P007,Premium Olive Oil 1L,Pantry,9,14.17,8.68,0,21,
2024-12-01,P007,Premium Olive Oil 1L,Pantry,3,14.18,8.68,0,21,
2024-12-02,P007,Premium Olive Oil 1L,Pantry,9,14.18,8.68,0,21,
2024-12-03,P007,Premium Olive Oil 1L,Pantry,2,14.18,8.68,0,21,
2024-12-04,P007,Premium Olive Oil 1L,Pantry,8,14.18,8.68,0,21,
2024-12-05,P007,Premium Olive Oil 1L,Pantry,0,12.05,8.68,1,21,
2024-12-06,P007,Premium Olive Oil 1L,Pantry,7,12.05,8.68,1,21,
2024-12-07,P007,Premium Olive Oil 1L,Pantry,9,12.06,8.68,1,21,
2024-12-08,P007,Premium Olive Oil 1L,Pantry,3,12.06,8.68,1,21,
2024-12-09,P007,Premium Olive Oil 1L,Pantry,1,12.06,8.68,1,21,
2024-12-10,P007,Premium Olive Oil 1L,Pantry,3,12.06,8.68,1,21,
2024-12-11,P007,Premium Olive Oil 1L,Pantry,1,12.06,8.68,1,21,
2024-12-12,P007,Premium Olive Oil 1L,Pantry,5,12.06,8.68,1,21,
2024-12-13,P007,Premium Olive Oil 1L,Pantry,4,12.06,8.68,1,21,
2024-12-14,P007,Premium Olive Oil 1L,Pantry,4,14.19,8.68,0,21,
2024-12-15,P007,Premium Olive Oil 1L,Pantry,4,14.19,8.68,0,21,
2024-12-16,P007,Premium Olive Oil 1L,Pantry,4,14.19,8.68,0,21,
2024-12-17,P007,Premium Olive Oil 1L,Pantry,6,14.19,8.68,0,21,
2024-12-18,P007,Premium Olive Oil 1L,Pantry,0,14.2,8.68,0,21,
2024-12-19,P007,Premium Olive Oil 1L,Pantry,5,14.2,8.68,0,21,
2024-12-20,P007,Premium Olive Oil 1L,Pantry,1,14.2,8.68,0,21,
2024-12-21,P007,Premium Olive Oil 1L,Pantry,0,14.2,8.68,0,21,
2024-12-22,P007,Premium Olive Oil 1L,Pantry,0,14.2,8.68,0,21,
2024-12-23,P007,Premium Olive Oil 1L,Pantry,1,14.2,8.68,0,21,
2024-12-24,P007,Premium Olive Oil 1L,Pantry,5,14.2,8.68,0,21,
2024-12-25,P007,Premium Olive Oil 1L,Pantry,5,14.2,8.68,0,21,
2024-12-26,P007,Premium Olive Oil 1L,Pantry,5,14.2,8.68,0,21,
2024-12-27,P007,Premium Olive Oil 1L,Pantry,3,14.21,8.68,0,21,
2024-12-28,P007,Premium Olive Oil 1L,Pantry,14,14.21,8.68,0,21,
2024-12-29,P007,Premium Olive Oil 1L,Pantry,5,14.21,8.68,0,21,
2024-12-30,P007,Premium Olive Oil 1L,Pantry,1,14.21,8.68,0,21,
2024-12-31,P007,Premium Olive Oil 1L,Pantry,1,14.21,8.68,0,21,
2025-01-01,P007,Premium Olive Oil 1L,Pantry,6,14.21,8.68,0,21,
2025-01-02,P007,Premium Olive Oil 1L,Pantry,1,14.21,8.68,0,21,
2025-01-03,P007,Premium Olive Oil 1L,Pantry,2,14.21,8.68,0,21,
2025-01-04,P007,Premium Olive Oil 1L,Pantry,6,14.22,8.68,0,21,
2025-01-05,P007,Premium Olive Oil 1L,Pantry,1,14.22,8.68,0,21,
2025-01-06,P007,Premium Olive Oil 1L,Pantry,5,14.22,8.68,0,21,
2025-01-07,P007,Premium Olive Oil 1L,Pantry,4,14.22,8.68,0,21,
2025-01-08,P007,Premium Olive Oil 1L,Pantry,6,12.09,8.68,1,21,
2025-01-09,P007,Premium Olive Oil 1L,Pantry,6,12.09,8.68,1,21,
2025-01-10,P007,Premium Olive Oil 1L,Pantry,3,12.09,8.68,1,21,
2025-01-11,P007,Premium Olive Oil 1L,Pantry,1,12.09,8.68,1,21,
2025-01-12,P007,Premium Olive Oil 1L,Pantry,13,12.09,8.68,1,21,
2025-01-13,P007,Premium Olive Oil 1L,Pantry,0,14.23,8.68,0,21,
2025-01-14,P007,Premium Olive Oil 1L,Pantry,6,14.23,8.68,0,21,
2025-01-15,P007,Premium Olive Oil 1L,Pantry,0,14.23,8.68,0,21,
2025-01-16,P007,Premium Olive Oil 1L,Pantry,5,14.23,8.68,0,21,
2025-01-17,P007,Premium Olive Oil 1L,Pantry,3,14.23,8.68,0,21,
2025-01-18,P007,Premium Olive Oil 1L,Pantry,1,14.23,8.68,0,21,
2025-01-19,P007,Premium Olive Oil 1L,Pantry,2,14.23,8.68,0,21,
2025-01-20,P007,Premium Olive Oil 1L,Pantry,2,14.23,8.68,0,21,
2025-01-21,P007,Premium Olive Oil 1L,Pantry,7,14.23,8.68,0,21,
2025-01-22,P007,Premium Olive Oil 1L,Pantry,2,14.24,8.68,0,21,
2025-01-23,P007,Premium Olive Oil 1L,Pantry,4,14.24,8.68,0,21,
2025-01-24,P007,Premium Olive Oil 1L,Pantry,2,14.24,8.68,0,21,
2025-01-25,P007,Premium Olive Oil 1L,Pantry,1,14.24,8.68,0,21,
2025-01-26,P007,Premium Olive Oil 1L,Pantry,4,14.24,8.68,0,21,
2025-01-27,P007,Premium Olive Oil 1L,Pantry,3,14.24,8.68,0,21,
2025-01-28,P007,Premium Olive Oil 1L,Pantry,0,14.24,8.68,0,21,
2025-01-29,P007,Premium Olive Oil 1L,Pantry,3,14.24,8.68,0,21,
2025-01-30,P007,Premium Olive Oil 1L,Pantry,0,14.24,8.68,0,21,
2025-01-31,P007,Premium Olive Oil 1L,Pantry,1,14.25,8.68,0,21,
2025-02-01,P007,Premium Olive Oil 1L,Pantry,4,14.25,8.68,0,21,
2025-02-02,P007,Premium Olive Oil 1L,Pantry,0,14.25,8.68,0,21,
2025-02-03,P007,Premium Olive Oil 1L,Pantry,3,14.25,8.68,0,21,
2025-02-04,P007,Premium Olive Oil 1L,Pantry,4,14.25,8.68,0,21,
2025-02-05,P007,Premium Olive Oil 1L,Pantry,6,14.25,8.68,0,21,
2025-02-06,P007,Premium Olive Oil 1L,Pantry,4,14.25,8.68,0,21,
2025-02-07,P007,Premium Olive Oil 1L,Pantry,2,14.25,8.68,0,21,
2025-02-08,P007,Premium Olive Oil 1L,Pantry,4,14.26,8.68,0,21,
2025-02-09,P007,Premium Olive Oil 1L,Pantry,5,14.26,8.68,0,21,
2025-02-10,P007,Premium Olive Oil 1L,Pantry,6,14.26,8.68,0,21,
2025-02-11,P007,Premium Olive Oil 1L,Pantry,0,14.26,8.68,0,21,
2025-02-12,P007,Premium Olive Oil 1L,Pantry,8,14.26,8.68,0,21,
2025-02-13,P007,Premium Olive Oil 1L,Pantry,2,14.26,8.68,0,21,
2025-02-14,P007,Premium Olive Oil 1L,Pantry,2,14.26,8.68,0,21,
2025-02-15,P007,Premium Olive Oil 1L,Pantry,0,14.26,8.68,0,21,
2025-02-16,P007,Premium Olive Oil 1L,Pantry,0,14.26,8.68,0,21,
2025-02-17,P007,Premium Olive Oil 1L,Pantry,1,14.27,8.68,0,21,
2025-02-18,P007,Premium Olive Oil 1L,Pantry,5,14.27,8.68,0,21,
2025-02-19,P007,Premium Olive Oil 1L,Pantry,4,14.27,8.68,0,21,
2025-02-20,P007,Premium Olive Oil 1L,Pantry,3,14.27,8.68,0,21,
2025-02-21,P007,Premium Olive Oil 1L,Pantry,1,14.27,8.68,0,21,
2025-02-22,P007,Premium Olive Oil 1L,Pantry,0,14.27,8.68,0,21,
2025-02-23,P007,Premium Olive Oil 1L,Pantry,5,14.27,8.68,0,21,
2025-02-24,P007,Premium Olive Oil 1L,Pantry,3,14.27,8.68,0,21,
2025-02-25,P007,Premium Olive Oil 1L,Pantry,3,14.27,8.68,0,21,
2025-02-26,P007,Premium Olive Oil 1L,Pantry,4,14.28,8.68,0,21,
2025-02-27,P007,Premium Olive Oil 1L,Pantry,0,14.28,8.68,0,21,
2025-02-28,P007,Premium Olive Oil 1L,Pantry,0,14.28,8.68,0,21,
2025-03-01,P007,Premium Olive Oil 1L,Pantry,6,14.28,8.68,0,21,
2025-03-02,P007,Premium Olive Oil 1L,Pantry,2,14.28,8.68,0,21,
2025-03-03,P007,Premium Olive Oil 1L,Pantry,1,14.28,8.68,0,21,
2025-03-04,P007,Premium Olive Oil 1L,Pantry,4,14.28,8.68,0,21,
2025-03-05,P007,Premium Olive Oil 1L,Pantry,6,14.28,8.68,0,21,
2025-03-06,P007,Premium Olive Oil 1L,Pantry,0,14.29,8.68,0,21,
2025-03-07,P007,Premium Olive Oil 1L,Pantry,4,14.29,8.68,0,21,
2025-03-08,P007,Premium Olive Oil 1L,Pantry,3,14.29,8.68,0,21,
2025-03-09,P007,Premium Olive Oil 1L,Pantry,5,14.29,8.68,0,21,
2025-03-10,P007,Premium Olive Oil 1L,Pantry,0,14.29,8.68,0,21,
2025-03-11,P007,Premium Olive Oil 1L,Pantry,3,14.29,8.68,0,21,
2025-03-12,P007,Premium Olive Oil 1L,Pantry,0,14.29,8.68,0,21,
2025-03-13,P007,Premium Olive Oil 1L,Pantry,6,14.29,8.68,0,21,
2025-03-14,P007,Premium Olive Oil 1L,Pantry,0,12.15,8.68,1,21,
2025-03-15,P007,Premium Olive Oil 1L,Pantry,7,12.15,8.68,1,21,
2025-03-16,P007,Premium Olive Oil 1L,Pantry,3,12.15,8.68,1,21,
2025-03-17,P007,Premium Olive Oil 1L,Pantry,10,12.15,8.68,1,21,
2025-03-18,P007,Premium Olive Oil 1L,Pantry,2,14.3,8.68,0,21,
2025-03-19,P007,Premium Olive Oil 1L,Pantry,2,14.3,8.68,0,21,
2025-03-20,P007,Premium Olive Oil 1L,Pantry,2,14.3,8.68,0,21,
2025-03-21,P007,Premium Olive Oil 1L,Pantry,6,14.3,8.68,0,21,
2025-03-22,P007,Premium Olive Oil 1L,Pantry,0,14.3,8.68,0,21,
2025-03-23,P007,Premium Olive Oil 1L,Pantry,0,14.3,8.68,0,21,
2025-03-24,P007,Premium Olive Oil 1L,Pantry,0,14.31,8.68,0,21,
2025-03-25,P007,Premium Olive Oil 1L,Pantry,3,14.31,8.68,0,21,
2025-03-26,P007,Premium Olive Oil 1L,Pantry,1,14.31,8.68,0,21,
2025-03-27,P007,Premium Olive Oil 1L,Pantry,2,14.31,8.68,0,21,
2025-03-28,P007,Premium Olive Oil 1L,Pantry,5,14.31,8.68,0,21,
2025-03-29,P007,Premium Olive Oil 1L,Pantry,4,14.31,8.68,0,21,
2025-03-30,P007,Premium Olive Oil 1L,Pantry,4,14.31,8.68,0,21,
2025-03-31,P007,Premium Olive Oil 1L,Pantry,3,14.31,8.68,0,21,
2025-04-01,P007,Premium Olive Oil 1L,Pantry,0,14.32,8.68,0,21,
2025-04-02,P007,Premium Olive Oil 1L,Pantry,3,14.32,8.68,0,21,
2025-04-03,P007,Premium Olive Oil 1L,Pantry,0,14.32,8.68,0,21,
2025-04-04,P007,Premium Olive Oil 1L,Pantry,3,14.32,8.68,0,21,
2025-04-05,P007,Premium Olive Oil 1L,Pantry,1,14.32,8.68,0,21,
2025-04-06,P007,Premium Olive Oil 1L,Pantry,0,14.32,8.68,0,21,
2025-04-07,P007,Premium Olive Oil 1L,Pantry,3,14.32,8.68,0,21,
2025-04-08,P007,Premium Olive Oil 1L,Pantry,1,14.32,8.68,0,21,
2025-04-09,P007,Premium Olive Oil 1L,Pantry,1,14.32,8.68,0,21,
2025-04-10,P007,Premium Olive Oil 1L,Pantry,4,14.33,8.68,0,21,
2025-04-11,P007,Premium Olive Oil 1L,Pantry,2,14.33,8.68,0,21,
2025-04-12,P007,Premium Olive Oil 1L,Pantry,7,14.33,8.68,0,21,
2025-04-13,P007,Premium Olive Oil 1L,Pantry,3,14.33,8.68,0,21,
2025-04-14,P007,Premium Olive Oil 1L,Pantry,19,14.33,8.68,0,21,
2025-04-15,P007,Premium Olive Oil 1L,Pantry,0,14.33,8.68,0,21,
2025-04-16,P007,Premium Olive Oil 1L,Pantry,0,14.33,8.68,0,21,
2025-04-17,P007,Premium Olive Oil 1L,Pantry,3,14.33,8.68,0,21,
2025-04-18,P007,Premium Olive Oil 1L,Pantry,1,14.33,8.68,0,21,
2025-04-19,P007,Premium Olive Oil 1L,Pantry,3,14.34,8.68,0,21,
2025-04-20,P007,Premium Olive Oil 1L,Pantry,2,14.34,8.68,0,21,
2025-04-21,P007,Premium Olive Oil 1L,Pantry,0,14.34,8.68,0,21,
2025-04-22,P007,Premium Olive Oil 1L,Pantry,6,14.34,8.68,0,21,
2025-04-23,P007,Premium Olive Oil 1L,Pantry,6,14.34,8.68,0,21,
2025-04-24,P007,Premium Olive Oil 1L,Pantry,6,14.34,8.68,0,21,
2025-04-25,P007,Premium Olive Oil 1L,Pantry,1,14.34,8.68,0,21,
2025-04-26,P007,Premium Olive Oil 1L,Pantry,5,14.34,8.68,0,21,
2025-04-27,P007,Premium Olive Oil 1L,Pantry,4,14.34,8.68,0,21,
2025-04-28,P007,Premium Olive Oil 1L,Pantry,4,14.35,8.68,0,21,
2025-04-29,P007,Premium Olive Oil 1L,Pantry,0,14.35,8.68,0,21,
2025-04-30,P007,Premium Olive Oil 1L,Pantry,3,14.35,8.68,0,21,
2025-05-01,P007,Premium Olive Oil 1L,Pantry,1,14.35,8.68,0,21,
2025-05-02,P007,Premium Olive Oil 1L,Pantry,12,14.35,8.68,0,21,
2025-05-03,P007,Premium Olive Oil 1L,Pantry,1,14.35,8.68,0,21,
2025-05-04,P007,Premium Olive Oil 1L,Pantry,1,14.35,8.68,0,21,
2025-05-05,P007,Premium Olive Oil 1L,Pantry,0,14.35,8.68,0,21,
2025-05-06,P007,Premium Olive Oil 1L,Pantry,2,14.36,8.68,0,21,
2025-05-07,P007,Premium Olive Oil 1L,Pantry,4,14.36,8.68,0,21,
2025-05-08,P007,Premium Olive Oil 1L,Pantry,2,14.36,8.68,0,21,
2025-05-09,P007,Premium Olive Oil 1L,Pantry,0,14.36,8.68,0,21,
2025-05-10,P007,Premium Olive Oil 1L,Pantry,0,14.36,8.68,0,21,
2025-05-11,P007,Premium Olive Oil 1L,Pantry,5,14.36,8.68,0,21,
2025-05-12,P007,Premium Olive Oil 1L,Pantry,12,14.36,8.68,0,21,
2025-05-13,P007,Premium Olive Oil 1L,Pantry,9,14.36,8.68,0,21,
2025-05-14,P007,Premium Olive Oil 1L,Pantry,4,14.36,8.68,0,21,
2025-05-15,P007,Premium Olive Oil 1L,Pantry,3,14.37,8.68,0,21,
2025-05-16,P007,Premium Olive Oil 1L,Pantry,6,14.37,8.68,0,21,
2025-05-17,P007,Premium Olive Oil 1L,Pantry,0,14.37,8.68,0,21,
2025-05-18,P007,Premium Olive Oil 1L,Pantry,0,14.37,8.68,0,21,
2025-05-19,P007,Premium Olive Oil 1L,Pantry,1,14.37,8.68,0,21,
2025-05-20,P007,Premium Olive Oil 1L,Pantry,1,14.37,8.68,0,21,
2025-05-21,P007,Premium Olive Oil 1L,Pantry,1,14.37,8.68,0,21,
2025-05-22,P007,Premium Olive Oil 1L,Pantry,7,14.37,8.68,0,21,
2025-05-23,P007,Premium Olive Oil 1L,Pantry,3,14.37,8.68,0,21,
2025-05-24,P007,Premium Olive Oil 1L,Pantry,1,14.38,8.68,0,21,
2025-05-25,P007,Premium Olive Oil 1L,Pantry,0,14.38,8.68,0,21,
2025-05-26,P007,Premium Olive Oil 1L,Pantry,0,14.38,8.68,0,21,
2025-05-27,P007,Premium Olive Oil 1L,Pantry,3,14.38,8.68,0,21,
2025-05-28,P007,Premium Olive Oil 1L,Pantry,4,14.38,8.68,0,21,
2025-05-29,P007,Premium Olive Oil 1L,Pantry,2,14.38,8.68,0,21,
2025-05-30,P007,Premium Olive Oil 1L,Pantry,0,14.38,8.68,0,21,
2025-05-31,P007,Premium Olive Oil 1L,Pantry,0,14.38,8.68,0,21,
2025-06-01,P007,Premium Olive Oil 1L,Pantry,0,14.39,8.68,0,21,
2025-06-02,P007,Premium Olive Oil 1L,Pantry,2,14.39,8.68,0,21,
2025-06-03,P007,Premium Olive Oil 1L,Pantry,4,14.39,8.68,0,21,
2025-06-04,P007,Premium Olive Oil 1L,Pantry,2,14.39,8.68,0,21,
2025-06-05,P007,Premium Olive Oil 1L,Pantry,7,14.39,8.68,0,21,
2025-06-06,P007,Premium Olive Oil 1L,Pantry,2,12.23,8.68,1,21,
2025-06-07,P007,Premium Olive Oil 1L,Pantry,1,12.23,8.68,1,21,
2025-06-08,P007,Premium Olive Oil 1L,Pantry,4,12.23,8.68,1,21,
2025-06-09,P007,Premium Olive Oil 1L,Pantry,1,12.24,8.68,1,21,
2025-06-10,P007,Premium Olive Oil 1L,Pantry,8,12.24,8.68,1,21,
2025-06-11,P007,Premium Olive Oil 1L,Pantry,1,12.24,8.68,1,21,
2025-06-12,P007,Premium Olive Oil 1L,Pantry,0,12.24,8.68,1,21,
2025-06-13,P007,Premium Olive Oil 1L,Pantry,3,14.4,8.68,0,21,
2025-06-14,P007,Premium Olive Oil 1L,Pantry,2,14.4,8.68,0,21,
2025-06-15,P007,Premium Olive Oil 1L,Pantry,2,14.4,8.68,0,21,
2025-06-16,P007,Premium Olive Oil 1L,Pantry,1,14.4,8.68,0,21,
2025-06-17,P007,Premium Olive Oil 1L,Pantry,1,14.4,8.68,0,21,
2025-06-18,P007,Premium Olive Oil 1L,Pantry,2,14.4,8.68,0,21,
2025-06-19,P007,Premium Olive Oil 1L,Pantry,0,14.41,8.68,0,21,
2025-06-20,P007,Premium Olive Oil 1L,Pantry,3,14.41,8.68,0,21,
2025-06-21,P007,Premium Olive Oil 1L,Pantry,3,14.41,8.68,0,21,
2025-06-22,P007,Premium Olive Oil 1L,Pantry,1,14.41,8.68,0,21,
2025-06-23,P007,Premium Olive Oil 1L,Pantry,0,14.41,8.68,0,21,
2025-06-24,P007,Premium Olive Oil 1L,Pantry,0,14.41,8.68,0,21,
2025-06-25,P007,Premium Olive Oil 1L,Pantry,6,14.41,8.68,0,21,
2025-06-26,P007,Premium Olive Oil 1L,Pantry,3,14.41,8.68,0,21,
2025-06-27,P007,Premium Olive Oil 1L,Pantry,2,14.42,8.68,0,21,
2025-06-28,P007,Premium Olive Oil 1L,Pantry,3,14.42,8.68,0,21,
2025-06-29,P007,Premium Olive Oil 1L,Pantry,1,14.42,8.68,0,21,
2025-06-30,P007,Premium Olive Oil 1L,Pantry,5,14.42,8.68,0,21,
2025-07-01,P007,Premium Olive Oil 1L,Pantry,0,14.42,8.68,0,21,
2025-07-02,P007,Premium Olive Oil 1L,Pantry,11,14.42,8.68,0,21,
2025-07-03,P007,Premium Olive Oil 1L,Pantry,4,14.42,8.68,0,21,
2025-07-04,P007,Premium Olive Oil 1L,Pantry,6,14.42,8.68,0,21,
2025-07-05,P007,Premium Olive Oil 1L,Pantry,2,14.42,8.68,0,21,
2025-07-06,P007,Premium Olive Oil 1L,Pantry,4,14.43,8.68,0,21,
2025-07-07,P007,Premium Olive Oil 1L,Pantry,0,14.43,8.68,0,21,
2025-07-08,P007,Premium Olive Oil 1L,Pantry,2,14.43,8.68,0,21,
2025-07-09,P007,Premium Olive Oil 1L,Pantry,0,14.43,8.68,0,21,
2025-07-10,P007,Premium Olive Oil 1L,Pantry,6,14.43,8.68,0,21,
2025-07-11,P007,Premium Olive Oil 1L,Pantry,1,14.43,8.68,0,21,
2025-07-12,P007,Premium Olive Oil 1L,Pantry,2,14.43,8.68,0,21,
2025-07-13,P007,Premium Olive Oil 1L,Pantry,0,14.43,8.68,0,21,
2025-07-14,P007,Premium Olive Oil 1L,Pantry,4,14.43,8.68,0,21,
2025-07-15,P007,Premium Olive Oil 1L,Pantry,0,14.44,8.68,0,21,
2025-07-16,P007,Premium Olive Oil 1L,Pantry,1,14.44,8.68,0,21,
2025-07-17,P007,Premium Olive Oil 1L,Pantry,3,14.44,8.68,0,21,
2025-07-18,P007,Premium Olive Oil 1L,Pantry,10,14.44,8.68,0,21,
2025-07-19,P007,Premium Olive Oil 1L,Pantry,0,14.44,8.68,0,21,
2025-07-20,P007,Premium Olive Oil 1L,Pantry,5,14.44,8.68,0,21,
2025-07-21,P007,Premium Olive Oil 1L,Pantry,3,14.44,8.68,0,21,
2025-07-22,P007,Premium Olive Oil 1L,Pantry,1,14.44,8.68,0,21,
2025-07-23,P007,Premium Olive Oil 1L,Pantry,5,14.45,8.68,0,21,
2025-07-24,P007,Premium Olive Oil 1L,Pantry,1,14.45,8.68,0,21,
2025-07-25,P007,Premium Olive Oil 1L,Pantry,8,14.45,8.68,0,21,
2025-07-26,P007,Premium Olive Oil 1L,Pantry,0,14.45,8.68,0,21,
2025-07-27,P007,Premium Olive Oil 1L,Pantry,2,14.45,8.68,0,21,
2025-07-28,P007,Premium Olive Oil 1L,Pantry,5,14.45,8.68,0,21,
2025-07-29,P007,Premium Olive Oil 1L,Pantry,5,14.45,8.68,0,21,
2025-07-30,P007,Premium Olive Oil 1L,Pantry,5,14.45,8.68,0,21,
2025-07-31,P007,Premium Olive Oil 1L,Pantry,9,14.45,8.68,0,21,
2025-08-01,P007,Premium Olive Oil 1L,Pantry,1,14.46,8.68,0,21,
2025-08-02,P007,Premium Olive Oil 1L,Pantry,4,14.46,8.68,0,21,
2025-08-03,P007,Premium Olive Oil 1L,Pantry,0,14.46,8.68,0,21,
2025-08-04,P007,Premium Olive Oil 1L,Pantry,1,14.46,8.68,0,21,
2025-08-05,P007,Premium Olive Oil 1L,Pantry,2,14.46,8.68,0,21,
2025-08-06,P007,Premium Olive Oil 1L,Pantry,1,14.46,8.68,0,21,
2025-08-07,P007,Premium Olive Oil 1L,Pantry,2,14.46,8.68,0,21,
2025-08-08,P007,Premium Olive Oil 1L,Pantry,6,14.46,8.68,0,21,
2025-08-09,P007,Premium Olive Oil 1L,Pantry,2,14.46,8.68,0,21,
2025-08-10,P007,Premium Olive Oil 1L,Pantry,6,14.47,8.68,0,21,
2025-08-11,P007,Premium Olive Oil 1L,Pantry,0,14.47,8.68,0,21,
2025-08-12,P007,Premium Olive Oil 1L,Pantry,5,14.47,8.68,0,21,
2025-08-13,P007,Premium Olive Oil 1L,Pantry,3,14.47,8.68,0,21,
2025-08-14,P007,Premium Olive Oil 1L,Pantry,1,14.47,8.68,0,21,
2025-08-15,P007,Premium Olive Oil 1L,Pantry,2,14.47,8.68,0,21,
2025-08-16,P007,Premium Olive Oil 1L,Pantry,1,14.47,8.68,0,21,
2025-08-17,P007,Premium Olive Oil 1L,Pantry,2,14.47,8.68,0,21,
2025-08-18,P007,Premium Olive Oil 1L,Pantry,2,14.47,8.68,0,21,
2025-08-19,P007,Premium Olive Oil 1L,Pantry,3,14.48,8.68,0,21,
2025-08-20,P007,Premium Olive Oil 1L,Pantry,2,14.48,8.68,0,21,
2025-08-21,P007,Premium Olive Oil 1L,Pantry,2,14.48,8.68,0,21,
2025-08-22,P007,Premium Olive Oil 1L,Pantry,2,14.48,8.68,0,21,
2025-08-23,P007,Premium Olive Oil 1L,Pantry,3,14.48,8.68,0,21,
2025-08-24,P007,Premium Olive Oil 1L,Pantry,2,14.48,8.68,0,21,
2025-08-25,P007,Premium Olive Oil 1L,Pantry,2,14.48,8.68,0,21,
2025-08-26,P007,Premium Olive Oil 1L,Pantry,0,14.48,8.68,0,21,
2025-08-27,P007,Premium Olive Oil 1L,Pantry,4,14.49,8.68,0,21,
2025-08-28,P007,Premium Olive Oil 1L,Pantry,4,14.49,8.68,0,21,
2025-08-29,P007,Premium Olive Oil 1L,Pantry,3,14.49,8.68,0,21,
2025-08-30,P007,Premium Olive Oil 1L,Pantry,4,14.49,8.68,0,21,
2025-08-31,P007,Premium Olive Oil 1L,Pantry,0,14.49,8.68,0,21,
2025-09-01,P007,Premium Olive Oil 1L,Pantry,6,14.49,8.68,0,21,
2025-09-02,P007,Premium Olive Oil 1L,Pantry,4,14.49,8.68,0,21,
2025-09-03,P007,Premium Olive Oil 1L,Pantry,6,14.49,8.68,0,21,
2025-09-04,P007,Premium Olive Oil 1L,Pantry,5,14.49,8.68,0,21,
2025-09-05,P007,Premium Olive Oil 1L,Pantry,16,14.5,8.68,0,21,
2025-09-06,P007,Premium Olive Oil 1L,Pantry,2,14.5,8.68,0,21,
2025-09-07,P007,Premium Olive Oil 1L,Pantry,3,14.5,8.68,0,21,
2025-09-08,P007,Premium Olive Oil 1L,Pantry,6,14.5,8.68,0,21,
2025-09-09,P007,Premium Olive Oil 1L,Pantry,0,12.33,8.68,1,21,
2025-09-10,P007,Premium Olive Oil 1L,Pantry,1,12.33,8.68,1,21,
2025-09-11,P007,Premium Olive Oil 1L,Pantry,10,12.33,8.68,1,21,
2025-09-12,P007,Premium Olive Oil 1L,Pantry,7,12.33,8.68,1,21,
2025-09-13,P007,Premium Olive Oil 1L,Pantry,3,12.33,8.68,1,21,
2025-09-14,P007,Premium Olive Oil 1L,Pantry,8,14.51,8.68,0,21,
2025-09-15,P007,Premium Olive Oil 1L,Pantry,9,14.51,8.68,0,21,
2025-09-16,P007,Premium Olive Oil 1L,Pantry,2,14.51,8.68,0,21,
2025-09-17,P007,Premium Olive Oil 1L,Pantry,11,14.51,8.68,0,21,
2025-09-18,P007,Premium Olive Oil 1L,Pantry,5,14.51,8.68,0,21,
2025-09-19,P007,Premium Olive Oil 1L,Pantry,3,14.51,8.68,0,21,
2025-09-20,P007,Premium Olive Oil 1L,Pantry,1,14.51,8.68,0,21,
2025-09-21,P007,Premium Olive Oil 1L,Pantry,13,12.34,8.68,1,21,
2025-09-22,P007,Premium Olive Oil 1L,Pantry,3,12.34,8.68,1,21,
2025-09-23,P007,Premium Olive Oil 1L,Pantry,12,12.34,8.68,1,21,
2025-09-24,P007,Premium Olive Oil 1L,Pantry,2,12.34,8.68,1,21,
2025-09-25,P007,Premium Olive Oil 1L,Pantry,0,12.34,8.68,1,21,
2025-09-26,P007,Premium Olive Oil 1L,Pantry,2,12.34,8.68,1,21,
2025-09-27,P007,Premium Olive Oil 1L,Pantry,4,12.34,8.68,1,21,
2025-09-28,P007,Premium Olive Oil 1L,Pantry,5,14.52,8.68,0,21,
2025-09-29,P007,Premium Olive Oil 1L,Pantry,2,14.52,8.68,0,21,
2025-09-30,P007,Premium Olive Oil 1L,Pantry,2,14.52,8.68,0,21,
2025-10-01,P007,Premium Olive Oil 1L,Pantry,1,14.53,8.68,0,21,
2025-10-02,P007,Premium Olive Oil 1L,Pantry,2,14.53,8.68,0,21,
2025-10-03,P007,Premium Olive Oil 1L,Pantry,0,14.53,8.68,0,21,
2025-10-04,P007,Premium Olive Oil 1L,Pantry,0,14.53,8.68,0,21,
2025-10-05,P007,Premium Olive Oil 1L,Pantry,4,14.53,8.68,0,21,
2025-10-06,P007,Premium Olive Oil 1L,Pantry,3,14.53,8.68,0,21,
2025-10-07,P007,Premium Olive Oil 1L,Pantry,6,14.53,8.68,0,21,
2025-10-08,P007,Premium Olive Oil 1L,Pantry,4,14.53,8.68,0,21,
2025-10-09,P007,Premium Olive Oil 1L,Pantry,1,14.53,8.68,0,21,
2025-10-10,P007,Premium Olive Oil 1L,Pantry,10,14.54,8.68,0,21,
2025-10-11,P007,Premium Olive Oil 1L,Pantry,1,14.54,8.68,0,21,
2025-10-12,P007,Premium Olive Oil 1L,Pantry,0,14.54,8.68,0,21,
2025-10-13,P007,Premium Olive Oil 1L,Pantry,5,14.54,8.68,0,21,
2025-10-14,P007,Premium Olive Oil 1L,Pantry,2,14.54,8.68,0,21,
2025-10-15,P007,Premium Olive Oil 1L,Pantry,1,14.54,8.68,0,21,
2025-10-16,P007,Premium Olive Oil 1L,Pantry,1,14.54,8.68,0,21,
2025-10-17,P007,Premium Olive Oil 1L,Pantry,1,14.54,8.68,0,21,
2025-10-18,P007,Premium Olive Oil 1L,Pantry,1,14.55,8.68,0,21,
2025-10-19,P007,Premium Olive Oil 1L,Pantry,3,14.55,8.68,0,21,
2025-10-20,P007,Premium Olive Oil 1L,Pantry,0,14.55,8.68,0,21,
2025-10-21,P007,Premium Olive Oil 1L,Pantry,2,14.55,8.68,0,21,
2025-10-22,P007,Premium Olive Oil 1L,Pantry,3,14.55,8.68,0,21,
2025-10-23,P007,Premium Olive Oil 1L,Pantry,0,14.55,8.68,0,21,
2025-10-24,P007,Premium Olive Oil 1L,Pantry,1,14.55,8.68,0,21,
2025-10-25,P007,Premium Olive Oil 1L,Pantry,6,14.55,8.68,0,21,
2025-10-26,P007,Premium Olive Oil 1L,Pantry,0,14.55,8.68,0,21,
2025-10-27,P007,Premium Olive Oil 1L,Pantry,6,14.56,8.68,0,21,
2025-10-28,P007,Premium Olive Oil 1L,Pantry,2,14.56,8.68,0,21,
2025-10-29,P007,Premium Olive Oil 1L,Pantry,2,14.56,8.68,0,21,
2025-10-30,P007,Premium Olive Oil 1L,Pantry,6,14.56,8.68,0,21,
2025-10-31,P007,Premium Olive Oil 1L,Pantry,5,14.56,8.68,0,21,
2025-11-01,P007,Premium Olive Oil 1L,Pantry,7,14.56,8.68,0,21,
2025-11-02,P007,Premium Olive Oil 1L,Pantry,6,14.56,8.68,0,21,
2025-11-03,P007,Premium Olive Oil 1L,Pantry,2,14.56,8.68,0,21,
2025-11-04,P007,Premium Olive Oil 1L,Pantry,1,14.56,8.68,0,21,
2025-11-05,P007,Premium Olive Oil 1L,Pantry,4,14.57,8.68,0,21,
2025-11-06,P007,Premium Olive Oil 1L,Pantry,0,14.57,8.68,0,21,
2025-11-07,P007,Premium Olive Oil 1L,Pantry,8,14.57,8.68,0,21,
2025-11-08,P007,Premium Olive Oil 1L,Pantry,0,14.57,8.68,0,21,
2025-11-09,P007,Premium Olive Oil 1L,Pantry,1,14.57,8.68,0,21,
2025-11-10,P007,Premium Olive Oil 1L,Pantry,2,14.57,8.68,0,21,
2025-11-11,P007,Premium Olive Oil 1L,Pantry,1,14.57,8.68,0,21,
2025-11-12,P007,Premium Olive Oil 1L,Pantry,5,14.57,8.68,0,21,
2025-11-13,P007,Premium Olive Oil 1L,Pantry,4,14.57,8.68,0,21,
2025-11-14,P007,Premium Olive Oil 1L,Pantry,8,14.58,8.68,0,21,
2025-11-15,P007,Premium Olive Oil 1L,Pantry,1,14.58,8.68,0,21,
2025-11-16,P007,Premium Olive Oil 1L,Pantry,0,14.58,8.68,0,21,
2025-11-17,P007,Premium Olive Oil 1L,Pantry,1,14.58,8.68,0,21,
2025-11-18,P007,Premium Olive Oil 1L,Pantry,1,14.58,8.68,0,21,
2025-11-19,P007,Premium Olive Oil 1L,Pantry,1,14.58,8.68,0,21,
2025-11-20,P007,Premium Olive Oil 1L,Pantry,3,14.58,8.68,0,21,
2025-11-21,P007,Premium Olive Oil 1L,Pantry,0,14.58,8.68,0,21,
2025-11-22,P007,Premium Olive Oil 1L,Pantry,3,14.59,8.68,0,21,
2025-11-23,P007,Premium Olive Oil 1L,Pantry,0,14.59,8.68,0,21,
2025-11-24,P007,Premium Olive Oil 1L,Pantry,1,14.59,8.68,0,21,
2025-11-25,P007,Premium Olive Oil 1L,Pantry,1,14.59,8.68,0,21,
2025-11-26,P007,Premium Olive Oil 1L,Pantry,3,14.59,8.68,0,21,
2025-11-27,P007,Premium Olive Oil 1L,Pantry,4,14.59,8.68,0,21,
2025-11-28,P007,Premium Olive Oil 1L,Pantry,2,14.59,8.68,0,21,
2025-11-29,P007,Premium Olive Oil 1L,Pantry,5,14.59,8.68,0,21,
2025-11-30,P007,Premium Olive Oil 1L,Pantry,0,14.59,8.68,0,21,
2025-12-01,P007,Premium Olive Oil 1L,Pantry,2,14.6,8.68,0,21,
2025-12-02,P007,Premium Olive Oil 1L,Pantry,3,14.6,8.68,0,21,
2025-12-03,P007,Premium Olive Oil 1L,Pantry,4,14.6,8.68,0,21,
2025-12-04,P007,Premium Olive Oil 1L,Pantry,6,14.6,8.68,0,21,
2025-12-05,P007,Premium Olive Oil 1L,Pantry,0,14.6,8.68,0,21,
2025-12-06,P007,Premium Olive Oil 1L,Pantry,5,14.6,8.68,0,21,
2025-12-07,P007,Premium Olive Oil 1L,Pantry,7,12.41,8.68,1,21,
2025-12-08,P007,Premium Olive Oil 1L,Pantry,2,12.41,8.68,1,21,
2025-12-09,P007,Premium Olive Oil 1L,Pantry,24,12.41,8.68,1,21,
2025-12-10,P007,Premium Olive Oil 1L,Pantry,0,12.42,8.68,1,21,
2025-12-11,P007,Premium Olive Oil 1L,Pantry,10,14.61,8.68,0,21,
2025-12-12,P007,Premium Olive Oil 1L,Pantry,4,14.61,8.68,0,21,
2025-12-13,P007,Premium Olive Oil 1L,Pantry,3,14.61,8.68,0,21,
2025-12-14,P007,Premium Olive Oil 1L,Pantry,8,14.61,8.68,0,21,
2025-12-15,P007,Premium Olive Oil 1L,Pantry,1,14.61,8.68,0,21,
2025-12-16,P007,Premium Olive Oil 1L,Pantry,0,14.61,8.68,0,21,
2025-12-17,P007,Premium Olive Oil 1L,Pantry,0,14.61,8.68,0,21,
2025-12-18,P007,Premium Olive Oil 1L,Pantry,4,14.62,8.68,0,21,
2025-12-19,P007,Premium Olive Oil 1L,Pantry,4,14.62,8.68,0,21,
2025-12-20,P007,Premium Olive Oil 1L,Pantry,1,14.62,8.68,0,21,
2025-12-21,P007,Premium Olive Oil 1L,Pantry,0,14.62,8.68,0,21,
2025-12-22,P007,Premium Olive Oil 1L,Pantry,1,14.62,8.68,0,21,
2025-12-23,P007,Premium Olive Oil 1L,Pantry,0,14.62,8.68,0,21,
2025-12-24,P007,Premium Olive Oil 1L,Pantry,1,14.62,8.68,0,21,
2025-12-25,P007,Premium Olive Oil 1L,Pantry,9,14.62,8.68,0,21,
2025-12-26,P007,Premium Olive Oil 1L,Pantry,1,14.62,8.68,0,21,
2025-12-27,P007,Premium Olive Oil 1L,Pantry,7,14.63,8.68,0,21,
2025-12-28,P007,Premium Olive Oil 1L,Pantry,0,14.63,8.68,0,21,
2025-12-29,P007,Premium Olive Oil 1L,Pantry,1,14.63,8.68,0,21,
2025-12-30,P007,Premium Olive Oil 1L,Pantry,1,14.63,8.68,0,21,
2025-12-31,P007,Premium Olive Oil 1L,Pantry,4,14.63,8.68,0,21,
2026-01-01,P007,Premium Olive Oil 1L,Pantry,1,14.63,8.68,0,21,
2026-01-02,P007,Premium Olive Oil 1L,Pantry,11,14.63,8.68,0,21,
2026-01-03,P007,Premium Olive Oil 1L,Pantry,2,14.63,8.68,0,21,
2026-01-04,P007,Premium Olive Oil 1L,Pantry,5,14.63,8.68,0,21,
2026-01-05,P007,Premium Olive Oil 1L,Pantry,3,14.64,8.68,0,21,
2026-01-06,P007,Premium Olive Oil 1L,Pantry,2,14.64,8.68,0,21,
2026-01-07,P007,Premium Olive Oil 1L,Pantry,3,14.64,8.68,0,21,
2026-01-08,P007,Premium Olive Oil 1L,Pantry,3,14.64,8.68,0,21,
2026-01-09,P007,Premium Olive Oil 1L,Pantry,0,14.64,8.68,0,21,
2026-01-10,P007,Premium Olive Oil 1L,Pantry,6,14.64,8.68,0,21,
2026-01-11,P007,Premium Olive Oil 1L,Pantry,0,14.64,8.68,0,21,
2026-01-12,P007,Premium Olive Oil 1L,Pantry,1,14.64,8.68,0,21,
2026-01-13,P007,Premium Olive Oil 1L,Pantry,7,14.65,8.68,0,21,
2026-01-14,P007,Premium Olive Oil 1L,Pantry,3,14.65,8.68,0,21,
2026-01-15,P007,Premium Olive Oil 1L,Pantry,13,14.65,8.68,0,21,
2026-01-16,P007,Premium Olive Oil 1L,Pantry,2,14.65,8.68,0,21,
2026-01-17,P007,Premium Olive Oil 1L,Pantry,8,14.65,8.68,0,21,
2026-01-18,P007,Premium Olive Oil 1L,Pantry,0,14.65,8.68,0,21,
2026-01-19,P007,Premium Olive Oil 1L,Pantry,8,14.65,8.68,0,21,
2026-01-20,P007,Premium Olive Oil 1L,Pantry,1,14.65,8.68,0,21,
2026-01-21,P007,Premium Olive Oil 1L,Pantry,2,14.65,8.68,0,21,
2026-01-22,P007,Premium Olive Oil 1L,Pantry,0,14.66,8.68,0,21,
2026-01-23,P007,Premium Olive Oil 1L,Pantry,2,14.66,8.68,0,21,
2026-01-24,P007,Premium Olive Oil 1L,Pantry,0,14.66,8.68,0,21,
2026-01-25,P007,Premium Olive Oil 1L,Pantry,4,14.66,8.68,0,21,
2026-01-26,P007,Premium Olive Oil 1L,Pantry,6,14.66,8.68,0,21,
2026-01-27,P007,Premium Olive Oil 1L,Pantry,0,14.66,8.68,0,21,
2026-01-28,P007,Premium Olive Oil 1L,Pantry,0,14.66,8.68,0,21,
2026-01-29,P007,Premium Olive Oil 1L,Pantry,1,14.66,8.68,0,21,
2026-01-30,P007,Premium Olive Oil 1L,Pantry,5,14.66,8.68,0,21,
2026-01-31,P007,Premium Olive Oil 1L,Pantry,6,14.67,8.68,0,21,
2026-02-01,P007,Premium Olive Oil 1L,Pantry,11,14.67,8.68,0,21,
2026-02-02,P007,Premium Olive Oil 1L,Pantry,1,14.67,8.68,0,21,
2026-02-03,P007,Premium Olive Oil 1L,Pantry,2,14.67,8.68,0,21,
2026-02-04,P007,Premium Olive Oil 1L,Pantry,3,14.67,8.68,0,21,
2026-02-05,P007,Premium Olive Oil 1L,Pantry,10,14.67,8.68,0,21,
2026-02-06,P007,Premium Olive Oil 1L,Pantry,0,14.67,8.68,0,21,
2026-02-07,P007,Premium Olive Oil 1L,Pantry,2,14.67,8.68,0,21,
2026-02-08,P007,Premium Olive Oil 1L,Pantry,7,14.67,8.68,0,21,
2026-02-09,P007,Premium Olive Oil 1L,Pantry,0,14.68,8.68,0,21,
2026-02-10,P007,Premium Olive Oil 1L,Pantry,9,12.48,8.68,1,21,
2026-02-11,P007,Premium Olive Oil 1L,Pantry,5,12.48,8.68,1,21,
2026-02-12,P007,Premium Olive Oil 1L,Pantry,15,12.48,8.68,1,21,
2026-02-13,P007,Premium Olive Oil 1L,Pantry,0,12.48,8.68,1,21,
2026-02-14,P007,Premium Olive Oil 1L,Pantry,10,12.48,8.68,1,21,
2026-02-15,P007,Premium Olive Oil 1L,Pantry,2,12.48,8.68,1,21,
2026-02-16,P007,Premium Olive Oil 1L,Pantry,1,12.48,8.68,1,21,
2026-02-17,P007,Premium Olive Oil 1L,Pantry,1,14.69,8.68,0,21,
2026-02-18,P007,Premium Olive Oil 1L,Pantry,4,14.69,8.68,0,21,
2026-02-19,P007,Premium Olive Oil 1L,Pantry,1,14.69,8.68,0,21,
2026-02-20,P007,Premium Olive Oil 1L,Pantry,1,14.69,8.68,0,21,
2026-02-21,P007,Premium Olive Oil 1L,Pantry,1,14.69,8.68,0,21,
2026-02-22,P007,Premium Olive Oil 1L,Pantry,19,14.69,8.68,0,21,
2026-02-23,P007,Premium Olive Oil 1L,Pantry,5,14.69,8.68,0,21,
2026-02-24,P007,Premium Olive Oil 1L,Pantry,0,14.69,8.68,0,21,
2026-02-25,P007,Premium Olive Oil 1L,Pantry,3,14.69,8.68,0,21,
2026-02-26,P007,Premium Olive Oil 1L,Pantry,2,14.7,8.68,0,21,
2026-02-27,P007,Premium Olive Oil 1L,Pantry,0,14.7,8.68,0,21,
2026-02-28,P007,Premium Olive Oil 1L,Pantry,3,14.7,8.68,0,21,
2026-03-01,P007,Premium Olive Oil 1L,Pantry,4,14.7,8.68,0,21,
2026-03-02,P007,Premium Olive Oil 1L,Pantry,4,14.7,8.68,0,21,
2026-03-03,P007,Premium Olive Oil 1L,Pantry,5,14.7,8.68,0,21,
2026-03-04,P007,Premium Olive Oil 1L,Pantry,2,14.7,8.68,0,21,
2026-03-05,P007,Premium Olive Oil 1L,Pantry,1,14.7,8.68,0,21,
2026-03-06,P007,Premium Olive Oil 1L,Pantry,4,14.7,8.68,0,21,
2026-03-07,P007,Premium Olive Oil 1L,Pantry,3,14.71,8.68,0,21,
2026-03-08,P007,Premium Olive Oil 1L,Pantry,1,14.71,8.68,0,21,
2026-03-09,P007,Premium Olive Oil 1L,Pantry,1,14.71,8.68,0,21,
2026-03-10,P007,Premium Olive Oil 1L,Pantry,5,14.71,8.68,0,21,
2026-03-11,P007,Premium Olive Oil 1L,Pantry,2,14.71,8.68,0,21,
2026-03-12,P007,Premium Olive Oil 1L,Pantry,2,14.71,8.68,0,21,
2026-03-13,P007,Premium Olive Oil 1L,Pantry,3,14.71,8.68,0,21,
2026-03-14,P007,Premium Olive Oil 1L,Pantry,1,14.71,8.68,0,21,
2026-03-15,P007,Premium Olive Oil 1L,Pantry,4,14.72,8.68,0,21,
2026-03-16,P007,Premium Olive Oil 1L,Pantry,2,14.72,8.68,0,21,
2026-03-17,P007,Premium Olive Oil 1L,Pantry,1,14.72,8.68,0,21,
2026-03-18,P007,Premium Olive Oil 1L,Pantry,2,14.72,8.68,0,21,
2026-03-19,P007,Premium Olive Oil 1L,Pantry,0,14.72,8.68,0,21,
2026-03-20,P007,Premium Olive Oil 1L,Pantry,4,14.72,8.68,0,21,
2026-03-21,P007,Premium Olive Oil 1L,Pantry,5,14.72,8.68,0,21,
2026-03-22,P007,Premium Olive Oil 1L,Pantry,2,14.72,8.68,0,21,
2026-03-23,P007,Premium Olive Oil 1L,Pantry,3,14.72,8.68,0,21,
2026-03-24,P007,Premium Olive Oil 1L,Pantry,3,14.73,8.68,0,21,
2026-03-25,P007,Premium Olive Oil 1L,Pantry,0,14.73,8.68,0,21,
2026-03-26,P007,Premium Olive Oil 1L,Pantry,3,14.73,8.68,0,21,
2026-03-27,P007,Premium Olive Oil 1L,Pantry,2,14.73,8.68,0,21,
2026-03-28,P007,Premium Olive Oil 1L,Pantry,0,14.73,8.68,0,21,
2026-03-29,P007,Premium Olive Oil 1L,Pantry,4,14.73,8.68,0,21,
2026-03-30,P007,Premium Olive Oil 1L,Pantry,14,14.73,8.68,0,21,
2026-03-31,P007,Premium Olive Oil 1L,Pantry,1,14.73,8.68,0,21,
2026-04-01,P007,Premium Olive Oil 1L,Pantry,1,14.73,8.68,0,21,
2026-04-02,P007,Premium Olive Oil 1L,Pantry,1,14.74,8.68,0,21,
2026-04-03,P007,Premium Olive Oil 1L,Pantry,3,14.74,8.68,0,21,
2026-04-04,P007,Premium Olive Oil 1L,Pantry,4,14.74,8.68,0,21,
2026-04-05,P007,Premium Olive Oil 1L,Pantry,1,14.74,8.68,0,21,
2026-04-06,P007,Premium Olive Oil 1L,Pantry,4,14.74,8.68,0,21,
2026-04-07,P007,Premium Olive Oil 1L,Pantry,5,14.74,8.68,0,21,
2026-04-08,P007,Premium Olive Oil 1L,Pantry,3,14.74,8.68,0,21,
2026-04-09,P007,Premium Olive Oil 1L,Pantry,3,14.74,8.68,0,21,
2026-04-10,P007,Premium Olive Oil 1L,Pantry,2,14.75,8.68,0,21,
2026-04-11,P007,Premium Olive Oil 1L,Pantry,1,14.75,8.68,0,21,
2026-04-12,P007,Premium Olive Oil 1L,Pantry,0,14.75,8.68,0,21,
2026-04-13,P007,Premium Olive Oil 1L,Pantry,10,14.75,8.68,0,21,
2026-04-14,P007,Premium Olive Oil 1L,Pantry,8,14.75,8.68,0,21,
2026-04-15,P007,Premium Olive Oil 1L,Pantry,2,14.75,8.68,0,21,
2026-04-16,P007,Premium Olive Oil 1L,Pantry,6,14.75,8.68,0,21,
2026-04-17,P007,Premium Olive Oil 1L,Pantry,1,14.75,8.68,0,21,
2026-04-18,P007,Premium Olive Oil 1L,Pantry,2,14.75,8.68,0,21,
2026-04-19,P007,Premium Olive Oil 1L,Pantry,1,14.76,8.68,0,21,
2026-04-20,P007,Premium Olive Oil 1L,Pantry,4,14.76,8.68,0,21,
2026-04-21,P007,Premium Olive Oil 1L,Pantry,6,14.76,8.68,0,21,
2026-04-22,P007,Premium Olive Oil 1L,Pantry,1,14.76,8.68,0,21,
2026-04-23,P007,Premium Olive Oil 1L,Pantry,8,14.76,8.68,0,21,
2026-04-24,P007,Premium Olive Oil 1L,Pantry,4,14.76,8.68,0,21,
2026-04-25,P007,Premium Olive Oil 1L,Pantry,8,14.76,8.68,0,21,
2026-04-26,P007,Premium Olive Oil 1L,Pantry,1,14.76,8.68,0,21,
2026-04-27,P007,Premium Olive Oil 1L,Pantry,3,14.76,8.68,0,21,
2026-04-28,P007,Premium Olive Oil 1L,Pantry,8,14.77,8.68,0,21,
2026-04-29,P007,Premium Olive Oil 1L,Pantry,6,14.77,8.68,0,21,
2026-04-30,P007,Premium Olive Oil 1L,Pantry,3,14.77,8.68,0,21,
2026-05-01,P007,Premium Olive Oil 1L,Pantry,0,14.77,8.68,0,21,
2026-05-02,P007,Premium Olive Oil 1L,Pantry,2,14.77,8.68,0,21,
2026-05-03,P007,Premium Olive Oil 1L,Pantry,8,14.77,8.68,0,21,
2026-05-04,P007,Premium Olive Oil 1L,Pantry,7,14.77,8.68,0,21,
2026-05-05,P007,Premium Olive Oil 1L,Pantry,0,14.77,8.68,0,21,
2026-05-06,P007,Premium Olive Oil 1L,Pantry,6,14.78,8.68,0,21,
2026-05-07,P007,Premium Olive Oil 1L,Pantry,4,14.78,8.68,0,21,
2026-05-08,P007,Premium Olive Oil 1L,Pantry,1,14.78,8.68,0,21,
2026-05-09,P007,Premium Olive Oil 1L,Pantry,6,14.78,8.68,0,21,
2026-05-10,P007,Premium Olive Oil 1L,Pantry,0,14.78,8.68,0,21,
2026-05-11,P007,Premium Olive Oil 1L,Pantry,4,14.78,8.68,0,21,
2026-05-12,P007,Premium Olive Oil 1L,Pantry,0,14.78,8.68,0,21,
2026-05-13,P007,Premium Olive Oil 1L,Pantry,5,14.78,8.68,0,21,
2026-05-14,P007,Premium Olive Oil 1L,Pantry,1,14.78,8.68,0,21,
2026-05-15,P007,Premium Olive Oil 1L,Pantry,5,14.79,8.68,0,21,
2026-05-16,P007,Premium Olive Oil 1L,Pantry,1,14.79,8.68,0,21,
2026-05-17,P007,Premium Olive Oil 1L,Pantry,6,14.79,8.68,0,21,
2026-05-18,P007,Premium Olive Oil 1L,Pantry,2,14.79,8.68,0,21,
2026-05-19,P007,Premium Olive Oil 1L,Pantry,4,14.79,8.68,0,21,
2026-05-20,P007,Premium Olive Oil 1L,Pantry,0,14.79,8.68,0,21,
2026-05-21,P007,Premium Olive Oil 1L,Pantry,5,14.79,8.68,0,21,
2026-05-22,P007,Premium Olive Oil 1L,Pantry,1,14.79,8.68,0,21,
2026-05-23,P007,Premium Olive Oil 1L,Pantry,2,14.79,8.68,0,21,
2026-05-24,P007,Premium Olive Oil 1L,Pantry,0,14.8,8.68,0,21,
2026-05-25,P007,Premium Olive Oil 1L,Pantry,0,14.8,8.68,0,21,
2026-05-26,P007,Premium Olive Oil 1L,Pantry,3,14.8,8.68,0,21,
2026-05-27,P007,Premium Olive Oil 1L,Pantry,0,14.8,8.68,0,21,
2026-05-28,P007,Premium Olive Oil 1L,Pantry,5,14.8,8.68,0,21,
2026-05-29,P007,Premium Olive Oil 1L,Pantry,11,14.8,8.68,0,21,
2026-05-30,P007,Premium Olive Oil 1L,Pantry,4,14.8,8.68,0,21,
2026-05-31,P007,Premium Olive Oil 1L,Pantry,1,14.8,8.68,0,21,
2026-06-01,P007,Premium Olive Oil 1L,Pantry,0,14.8,8.68,0,21,
2026-06-02,P007,Premium Olive Oil 1L,Pantry,1,14.81,8.68,0,21,
2026-06-03,P007,Premium Olive Oil 1L,Pantry,4,14.81,8.68,0,21,
2026-06-04,P007,Premium Olive Oil 1L,Pantry,0,14.81,8.68,0,21,
2026-06-05,P007,Premium Olive Oil 1L,Pantry,1,14.81,8.68,0,21,
2026-06-06,P007,Premium Olive Oil 1L,Pantry,6,14.81,8.68,0,21,
2026-06-07,P007,Premium Olive Oil 1L,Pantry,2,14.81,8.68,0,21,
2026-06-08,P007,Premium Olive Oil 1L,Pantry,2,14.81,8.68,0,21,
2026-06-09,P007,Premium Olive Oil 1L,Pantry,0,14.81,8.68,0,21,
2026-06-10,P007,Premium Olive Oil 1L,Pantry,7,14.82,8.68,0,21,
2026-06-11,P007,Premium Olive Oil 1L,Pantry,3,14.82,8.68,0,21,
2026-06-12,P007,Premium Olive Oil 1L,Pantry,2,14.82,8.68,0,21,
2026-06-13,P007,Premium Olive Oil 1L,Pantry,5,14.82,8.68,0,21,
2026-06-14,P007,Premium Olive Oil 1L,Pantry,2,14.82,8.68,0,21,
2026-06-15,P007,Premium Olive Oil 1L,Pantry,2,14.82,8.68,0,21,
2026-06-16,P007,Premium Olive Oil 1L,Pantry,2,14.82,8.68,0,21,
2026-06-17,P007,Premium Olive Oil 1L,Pantry,4,14.82,8.68,0,21,
2026-06-18,P007,Premium Olive Oil 1L,Pantry,1,14.82,8.68,0,21,
2026-06-19,P007,Premium Olive Oil 1L,Pantry,2,14.83,8.68,0,21,
2026-06-20,P007,Premium Olive Oil 1L,Pantry,2,14.83,8.68,0,21,
2026-06-21,P007,Premium Olive Oil 1L,Pantry,3,14.83,8.68,0,21,
2026-06-22,P007,Premium Olive Oil 1L,Pantry,0,14.83,8.68,0,21,
2026-06-23,P007,Premium Olive Oil 1L,Pantry,0,14.83,8.68,0,21,
2026-06-24,P007,Premium Olive Oil 1L,Pantry,1,14.83,8.68,0,21,
2026-06-25,P007,Premium Olive Oil 1L,Pantry,0,14.83,8.68,0,21,
2026-06-26,P007,Premium Olive Oil 1L,Pantry,1,14.83,8.68,0,21,
2026-06-27,P007,Premium Olive Oil 1L,Pantry,7,14.83,8.68,0,21,
2026-06-28,P007,Premium Olive Oil 1L,Pantry,8,14.84,8.68,0,21,
2026-06-29,P007,Premium Olive Oil 1L,Pantry,0,14.84,8.68,0,21,
2026-06-30,P007,Premium Olive Oil 1L,Pantry,4,14.84,8.68,0,21,101
2024-07-01,P008,Festive Gift Hamper,Seasonal,1,25.0,15.5,0,10,
2024-07-02,P008,Festive Gift Hamper,Seasonal,1,25.0,15.5,0,10,
2024-07-03,P008,Festive Gift Hamper,Seasonal,2,25.0,15.5,0,10,
2024-07-04,P008,Festive Gift Hamper,Seasonal,9,25.01,15.5,0,10,
2024-07-05,P008,Festive Gift Hamper,Seasonal,15,25.01,15.5,0,10,
2024-07-06,P008,Festive Gift Hamper,Seasonal,15,25.01,15.5,0,10,
2024-07-07,P008,Festive Gift Hamper,Seasonal,0,25.01,15.5,0,10,
2024-07-08,P008,Festive Gift Hamper,Seasonal,0,25.01,15.5,0,10,
2024-07-09,P008,Festive Gift Hamper,Seasonal,3,25.02,15.5,0,10,
2024-07-10,P008,Festive Gift Hamper,Seasonal,3,25.02,15.5,0,10,
2024-07-11,P008,Festive Gift Hamper,Seasonal,1,25.02,15.5,0,10,
2024-07-12,P008,Festive Gift Hamper,Seasonal,2,25.02,15.5,0,10,
2024-07-13,P008,Festive Gift Hamper,Seasonal,8,25.02,15.5,0,10,
2024-07-14,P008,Festive Gift Hamper,Seasonal,4,25.03,15.5,0,10,
2024-07-15,P008,Festive Gift Hamper,Seasonal,6,25.03,15.5,0,10,
2024-07-16,P008,Festive Gift Hamper,Seasonal,4,25.03,15.5,0,10,
2024-07-17,P008,Festive Gift Hamper,Seasonal,5,25.03,15.5,0,10,
2024-07-18,P008,Festive Gift Hamper,Seasonal,2,25.03,15.5,0,10,
2024-07-19,P008,Festive Gift Hamper,Seasonal,2,25.04,15.5,0,10,
2024-07-20,P008,Festive Gift Hamper,Seasonal,4,25.04,15.5,0,10,
2024-07-21,P008,Festive Gift Hamper,Seasonal,1,25.04,15.5,0,10,
2024-07-22,P008,Festive Gift Hamper,Seasonal,3,25.04,15.5,0,10,
2024-07-23,P008,Festive Gift Hamper,Seasonal,4,25.05,15.5,0,10,
2024-07-24,P008,Festive Gift Hamper,Seasonal,4,25.05,15.5,0,10,
2024-07-25,P008,Festive Gift Hamper,Seasonal,6,25.05,15.5,0,10,
2024-07-26,P008,Festive Gift Hamper,Seasonal,2,25.05,15.5,0,10,
2024-07-27,P008,Festive Gift Hamper,Seasonal,1,25.05,15.5,0,10,
2024-07-28,P008,Festive Gift Hamper,Seasonal,3,25.06,15.5,0,10,
2024-07-29,P008,Festive Gift Hamper,Seasonal,9,25.06,15.5,0,10,
2024-07-30,P008,Festive Gift Hamper,Seasonal,0,25.06,15.5,0,10,
2024-07-31,P008,Festive Gift Hamper,Seasonal,1,25.06,15.5,0,10,
2024-08-01,P008,Festive Gift Hamper,Seasonal,2,25.06,15.5,0,10,
2024-08-02,P008,Festive Gift Hamper,Seasonal,2,25.07,15.5,0,10,
2024-08-03,P008,Festive Gift Hamper,Seasonal,15,25.07,15.5,0,10,
2024-08-04,P008,Festive Gift Hamper,Seasonal,6,25.07,15.5,0,10,
2024-08-05,P008,Festive Gift Hamper,Seasonal,2,25.07,15.5,0,10,
2024-08-06,P008,Festive Gift Hamper,Seasonal,7,25.07,15.5,0,10,
2024-08-07,P008,Festive Gift Hamper,Seasonal,13,25.08,15.5,0,10,
2024-08-08,P008,Festive Gift Hamper,Seasonal,7,25.08,15.5,0,10,
2024-08-09,P008,Festive Gift Hamper,Seasonal,3,25.08,15.5,0,10,
2024-08-10,P008,Festive Gift Hamper,Seasonal,7,25.08,15.5,0,10,
2024-08-11,P008,Festive Gift Hamper,Seasonal,10,25.08,15.5,0,10,
2024-08-12,P008,Festive Gift Hamper,Seasonal,7,25.09,15.5,0,10,
2024-08-13,P008,Festive Gift Hamper,Seasonal,10,25.09,15.5,0,10,
2024-08-14,P008,Festive Gift Hamper,Seasonal,1,25.09,15.5,0,10,
2024-08-15,P008,Festive Gift Hamper,Seasonal,0,25.09,15.5,0,10,
2024-08-16,P008,Festive Gift Hamper,Seasonal,2,25.09,15.5,0,10,
2024-08-17,P008,Festive Gift Hamper,Seasonal,8,25.1,15.5,0,10,
2024-08-18,P008,Festive Gift Hamper,Seasonal,1,25.1,15.5,0,10,
2024-08-19,P008,Festive Gift Hamper,Seasonal,4,25.1,15.5,0,10,
2024-08-20,P008,Festive Gift Hamper,Seasonal,6,25.1,15.5,0,10,
2024-08-21,P008,Festive Gift Hamper,Seasonal,5,25.1,15.5,0,10,
2024-08-22,P008,Festive Gift Hamper,Seasonal,1,25.11,15.5,0,10,
2024-08-23,P008,Festive Gift Hamper,Seasonal,0,25.11,15.5,0,10,
2024-08-24,P008,Festive Gift Hamper,Seasonal,5,25.11,15.5,0,10,
2024-08-25,P008,Festive Gift Hamper,Seasonal,4,25.11,15.5,0,10,
2024-08-26,P008,Festive Gift Hamper,Seasonal,8,25.11,15.5,0,10,
2024-08-27,P008,Festive Gift Hamper,Seasonal,0,25.12,15.5,0,10,
2024-08-28,P008,Festive Gift Hamper,Seasonal,5,25.12,15.5,0,10,
2024-08-29,P008,Festive Gift Hamper,Seasonal,0,25.12,15.5,0,10,
2024-08-30,P008,Festive Gift Hamper,Seasonal,3,25.12,15.5,0,10,
2024-08-31,P008,Festive Gift Hamper,Seasonal,2,25.13,15.5,0,10,
2024-09-01,P008,Festive Gift Hamper,Seasonal,2,25.13,15.5,0,10,
2024-09-02,P008,Festive Gift Hamper,Seasonal,3,25.13,15.5,0,10,
2024-09-03,P008,Festive Gift Hamper,Seasonal,8,25.13,15.5,0,10,
2024-09-04,P008,Festive Gift Hamper,Seasonal,7,25.13,15.5,0,10,
2024-09-05,P008,Festive Gift Hamper,Seasonal,3,25.14,15.5,0,10,
2024-09-06,P008,Festive Gift Hamper,Seasonal,6,25.14,15.5,0,10,
2024-09-07,P008,Festive Gift Hamper,Seasonal,4,25.14,15.5,0,10,
2024-09-08,P008,Festive Gift Hamper,Seasonal,9,25.14,15.5,0,10,
2024-09-09,P008,Festive Gift Hamper,Seasonal,8,25.14,15.5,0,10,
2024-09-10,P008,Festive Gift Hamper,Seasonal,9,21.37,15.5,1,10,
2024-09-11,P008,Festive Gift Hamper,Seasonal,0,21.38,15.5,1,10,
2024-09-12,P008,Festive Gift Hamper,Seasonal,6,21.38,15.5,1,10,
2024-09-13,P008,Festive Gift Hamper,Seasonal,16,21.38,15.5,1,10,
2024-09-14,P008,Festive Gift Hamper,Seasonal,9,21.38,15.5,1,10,
2024-09-15,P008,Festive Gift Hamper,Seasonal,5,21.38,15.5,1,10,
2024-09-16,P008,Festive Gift Hamper,Seasonal,13,21.38,15.5,1,10,
2024-09-17,P008,Festive Gift Hamper,Seasonal,6,25.16,15.5,0,10,
2024-09-18,P008,Festive Gift Hamper,Seasonal,2,25.16,15.5,0,10,
2024-09-19,P008,Festive Gift Hamper,Seasonal,3,25.16,15.5,0,10,
2024-09-20,P008,Festive Gift Hamper,Seasonal,1,25.17,15.5,0,10,
2024-09-21,P008,Festive Gift Hamper,Seasonal,11,25.17,15.5,0,10,
2024-09-22,P008,Festive Gift Hamper,Seasonal,4,25.17,15.5,0,10,
2024-09-23,P008,Festive Gift Hamper,Seasonal,7,25.17,15.5,0,10,
2024-09-24,P008,Festive Gift Hamper,Seasonal,3,25.17,15.5,0,10,
2024-09-25,P008,Festive Gift Hamper,Seasonal,2,25.18,15.5,0,10,
2024-09-26,P008,Festive Gift Hamper,Seasonal,0,25.18,15.5,0,10,
2024-09-27,P008,Festive Gift Hamper,Seasonal,3,25.18,15.5,0,10,
2024-09-28,P008,Festive Gift Hamper,Seasonal,6,25.18,15.5,0,10,
2024-09-29,P008,Festive Gift Hamper,Seasonal,0,25.18,15.5,0,10,
2024-09-30,P008,Festive Gift Hamper,Seasonal,14,25.19,15.5,0,10,
2024-10-01,P008,Festive Gift Hamper,Seasonal,14,25.19,15.5,0,10,
2024-10-02,P008,Festive Gift Hamper,Seasonal,15,25.19,15.5,0,10,
2024-10-03,P008,Festive Gift Hamper,Seasonal,0,25.19,15.5,0,10,
2024-10-04,P008,Festive Gift Hamper,Seasonal,15,25.2,15.5,0,10,
2024-10-05,P008,Festive Gift Hamper,Seasonal,6,25.2,15.5,0,10,
2024-10-06,P008,Festive Gift Hamper,Seasonal,3,25.2,15.5,0,10,
2024-10-07,P008,Festive Gift Hamper,Seasonal,20,21.42,15.5,1,10,
2024-10-08,P008,Festive Gift Hamper,Seasonal,16,21.42,15.5,1,10,
2024-10-09,P008,Festive Gift Hamper,Seasonal,9,21.42,15.5,1,10,
2024-10-10,P008,Festive Gift Hamper,Seasonal,4,21.43,15.5,1,10,
2024-10-11,P008,Festive Gift Hamper,Seasonal,19,25.21,15.5,0,10,
2024-10-12,P008,Festive Gift Hamper,Seasonal,4,25.21,15.5,0,10,
2024-10-13,P008,Festive Gift Hamper,Seasonal,6,25.21,15.5,0,10,
2024-10-14,P008,Festive Gift Hamper,Seasonal,4,25.22,15.5,0,10,
2024-10-15,P008,Festive Gift Hamper,Seasonal,28,25.22,15.5,0,10,
2024-10-16,P008,Festive Gift Hamper,Seasonal,7,25.22,15.5,0,10,
2024-10-17,P008,Festive Gift Hamper,Seasonal,16,25.22,15.5,0,10,
2024-10-18,P008,Festive Gift Hamper,Seasonal,6,25.22,15.5,0,10,
2024-10-19,P008,Festive Gift Hamper,Seasonal,10,25.23,15.5,0,10,
2024-10-20,P008,Festive Gift Hamper,Seasonal,18,25.23,15.5,0,10,
2024-10-21,P008,Festive Gift Hamper,Seasonal,12,25.23,15.5,0,10,
2024-10-22,P008,Festive Gift Hamper,Seasonal,10,25.23,15.5,0,10,
2024-10-23,P008,Festive Gift Hamper,Seasonal,9,25.23,15.5,0,10,
2024-10-24,P008,Festive Gift Hamper,Seasonal,28,25.24,15.5,0,10,
2024-10-25,P008,Festive Gift Hamper,Seasonal,35,25.24,15.5,0,10,
2024-10-26,P008,Festive Gift Hamper,Seasonal,1,25.24,15.5,0,10,
2024-10-27,P008,Festive Gift Hamper,Seasonal,3,25.24,15.5,0,10,
2024-10-28,P008,Festive Gift Hamper,Seasonal,6,25.24,15.5,0,10,
2024-10-29,P008,Festive Gift Hamper,Seasonal,3,25.25,15.5,0,10,
2024-10-30,P008,Festive Gift Hamper,Seasonal,27,25.25,15.5,0,10,
2024-10-31,P008,Festive Gift Hamper,Seasonal,60,25.25,15.5,0,10,
2024-11-01,P008,Festive Gift Hamper,Seasonal,21,25.25,15.5,0,10,
2024-11-02,P008,Festive Gift Hamper,Seasonal,5,25.25,15.5,0,10,
2024-11-03,P008,Festive Gift Hamper,Seasonal,13,25.26,15.5,0,10,
2024-11-04,P008,Festive Gift Hamper,Seasonal,16,25.26,15.5,0,10,
2024-11-05,P008,Festive Gift Hamper,Seasonal,27,25.26,15.5,0,10,
2024-11-06,P008,Festive Gift Hamper,Seasonal,10,25.26,15.5,0,10,
2024-11-07,P008,Festive Gift Hamper,Seasonal,2,25.26,15.5,0,10,
2024-11-08,P008,Festive Gift Hamper,Seasonal,14,25.27,15.5,0,10,
2024-11-09,P008,Festive Gift Hamper,Seasonal,17,25.27,15.5,0,10,
2024-11-10,P008,Festive Gift Hamper,Seasonal,9,25.27,15.5,0,10,
2024-11-11,P008,Festive Gift Hamper,Seasonal,16,25.27,15.5,0,10,
2024-11-12,P008,Festive Gift Hamper,Seasonal,19,25.28,15.5,0,10,
2024-11-13,P008,Festive Gift Hamper,Seasonal,8,25.28,15.5,0,10,
2024-11-14,P008,Festive Gift Hamper,Seasonal,2,25.28,15.5,0,10,
2024-11-15,P008,Festive Gift Hamper,Seasonal,11,25.28,15.5,0,10,
2024-11-16,P008,Festive Gift Hamper,Seasonal,6,25.28,15.5,0,10,
2024-11-17,P008,Festive Gift Hamper,Seasonal,14,25.29,15.5,0,10,
2024-11-18,P008,Festive Gift Hamper,Seasonal,13,25.29,15.5,0,10,
2024-11-19,P008,Festive Gift Hamper,Seasonal,9,25.29,15.5,0,10,
2024-11-20,P008,Festive Gift Hamper,Seasonal,5,25.29,15.5,0,10,
2024-11-21,P008,Festive Gift Hamper,Seasonal,9,25.29,15.5,0,10,
2024-11-22,P008,Festive Gift Hamper,Seasonal,0,25.3,15.5,0,10,
2024-11-23,P008,Festive Gift Hamper,Seasonal,2,25.3,15.5,0,10,
2024-11-24,P008,Festive Gift Hamper,Seasonal,4,25.3,15.5,0,10,
2024-11-25,P008,Festive Gift Hamper,Seasonal,23,25.3,15.5,0,10,
2024-11-26,P008,Festive Gift Hamper,Seasonal,6,25.3,15.5,0,10,
2024-11-27,P008,Festive Gift Hamper,Seasonal,8,25.31,15.5,0,10,
2024-11-28,P008,Festive Gift Hamper,Seasonal,7,25.31,15.5,0,10,
2024-11-29,P008,Festive Gift Hamper,Seasonal,12,25.31,15.5,0,10,
2024-11-30,P008,Festive Gift Hamper,Seasonal,6,25.31,15.5,0,10,
2024-12-01,P008,Festive Gift Hamper,Seasonal,7,25.31,15.5,0,10,
2024-12-02,P008,Festive Gift Hamper,Seasonal,14,25.32,15.5,0,10,
2024-12-03,P008,Festive Gift Hamper,Seasonal,9,25.32,15.5,0,10,
2024-12-04,P008,Festive Gift Hamper,Seasonal,11,25.32,15.5,0,10,
2024-12-05,P008,Festive Gift Hamper,Seasonal,0,25.32,15.5,0,10,
2024-12-06,P008,Festive Gift Hamper,Seasonal,7,25.32,15.5,0,10,
2024-12-07,P008,Festive Gift Hamper,Seasonal,4,25.33,15.5,0,10,
2024-12-08,P008,Festive Gift Hamper,Seasonal,10,25.33,15.5,0,10,
2024-12-09,P008,Festive Gift Hamper,Seasonal,2,25.33,15.5,0,10,
2024-12-10,P008,Festive Gift Hamper,Seasonal,7,25.33,15.5,0,10,
2024-12-11,P008,Festive Gift Hamper,Seasonal,3,25.33,15.5,0,10,
2024-12-12,P008,Festive Gift Hamper,Seasonal,2,25.34,15.5,0,10,
2024-12-13,P008,Festive Gift Hamper,Seasonal,9,25.34,15.5,0,10,
2024-12-14,P008,Festive Gift Hamper,Seasonal,3,25.34,15.5,0,10,
2024-12-15,P008,Festive Gift Hamper,Seasonal,74,25.34,15.5,0,10,
2024-12-16,P008,Festive Gift Hamper,Seasonal,8,25.34,15.5,0,10,
2024-12-17,P008,Festive Gift Hamper,Seasonal,4,25.35,15.5,0,10,
2024-12-18,P008,Festive Gift Hamper,Seasonal,4,25.35,15.5,0,10,
2024-12-19,P008,Festive Gift Hamper,Seasonal,6,25.35,15.5,0,10,
2024-12-20,P008,Festive Gift Hamper,Seasonal,3,25.35,15.5,0,10,
2024-12-21,P008,Festive Gift Hamper,Seasonal,30,25.36,15.5,0,10,
2024-12-22,P008,Festive Gift Hamper,Seasonal,19,25.36,15.5,0,10,
2024-12-23,P008,Festive Gift Hamper,Seasonal,11,25.36,15.5,0,10,
2024-12-24,P008,Festive Gift Hamper,Seasonal,1,25.36,15.5,0,10,
2024-12-25,P008,Festive Gift Hamper,Seasonal,7,25.36,15.5,0,10,
2024-12-26,P008,Festive Gift Hamper,Seasonal,7,25.37,15.5,0,10,
2024-12-27,P008,Festive Gift Hamper,Seasonal,1,25.37,15.5,0,10,
2024-12-28,P008,Festive Gift Hamper,Seasonal,8,25.37,15.5,0,10,
2024-12-29,P008,Festive Gift Hamper,Seasonal,11,25.37,15.5,0,10,
2024-12-30,P008,Festive Gift Hamper,Seasonal,12,25.37,15.5,0,10,
2024-12-31,P008,Festive Gift Hamper,Seasonal,8,21.57,15.5,1,10,
2025-01-01,P008,Festive Gift Hamper,Seasonal,7,21.57,15.5,1,10,
2025-01-02,P008,Festive Gift Hamper,Seasonal,10,21.57,15.5,1,10,
2025-01-03,P008,Festive Gift Hamper,Seasonal,5,21.57,15.5,1,10,
2025-01-04,P008,Festive Gift Hamper,Seasonal,3,25.38,15.5,0,10,
2025-01-05,P008,Festive Gift Hamper,Seasonal,5,25.39,15.5,0,10,
2025-01-06,P008,Festive Gift Hamper,Seasonal,4,25.39,15.5,0,10,
2025-01-07,P008,Festive Gift Hamper,Seasonal,6,25.39,15.5,0,10,
2025-01-08,P008,Festive Gift Hamper,Seasonal,1,25.39,15.5,0,10,
2025-01-09,P008,Festive Gift Hamper,Seasonal,1,25.39,15.5,0,10,
2025-01-10,P008,Festive Gift Hamper,Seasonal,0,25.4,15.5,0,10,
2025-01-11,P008,Festive Gift Hamper,Seasonal,11,25.4,15.5,0,10,
2025-01-12,P008,Festive Gift Hamper,Seasonal,19,25.4,15.5,0,10,
2025-01-13,P008,Festive Gift Hamper,Seasonal,0,25.4,15.5,0,10,
2025-01-14,P008,Festive Gift Hamper,Seasonal,3,25.4,15.5,0,10,
2025-01-15,P008,Festive Gift Hamper,Seasonal,4,25.41,15.5,0,10,
2025-01-16,P008,Festive Gift Hamper,Seasonal,2,25.41,15.5,0,10,
2025-01-17,P008,Festive Gift Hamper,Seasonal,5,25.41,15.5,0,10,
2025-01-18,P008,Festive Gift Hamper,Seasonal,1,25.41,15.5,0,10,
2025-01-19,P008,Festive Gift Hamper,Seasonal,9,25.41,15.5,0,10,
2025-01-20,P008,Festive Gift Hamper,Seasonal,0,25.42,15.5,0,10,
2025-01-21,P008,Festive Gift Hamper,Seasonal,1,25.42,15.5,0,10,
2025-01-22,P008,Festive Gift Hamper,Seasonal,0,25.42,15.5,0,10,
2025-01-23,P008,Festive Gift Hamper,Seasonal,3,25.42,15.5,0,10,
2025-01-24,P008,Festive Gift Hamper,Seasonal,1,25.43,15.5,0,10,
2025-01-25,P008,Festive Gift Hamper,Seasonal,9,25.43,15.5,0,10,
2025-01-26,P008,Festive Gift Hamper,Seasonal,12,25.43,15.5,0,10,
2025-01-27,P008,Festive Gift Hamper,Seasonal,5,25.43,15.5,0,10,
2025-01-28,P008,Festive Gift Hamper,Seasonal,2,25.43,15.5,0,10,
2025-01-29,P008,Festive Gift Hamper,Seasonal,5,25.44,15.5,0,10,
2025-01-30,P008,Festive Gift Hamper,Seasonal,0,25.44,15.5,0,10,
2025-01-31,P008,Festive Gift Hamper,Seasonal,2,25.44,15.5,0,10,
2025-02-01,P008,Festive Gift Hamper,Seasonal,11,25.44,15.5,0,10,
2025-02-02,P008,Festive Gift Hamper,Seasonal,7,25.44,15.5,0,10,
2025-02-03,P008,Festive Gift Hamper,Seasonal,0,25.45,15.5,0,10,
2025-02-04,P008,Festive Gift Hamper,Seasonal,14,25.45,15.5,0,10,
2025-02-05,P008,Festive Gift Hamper,Seasonal,7,25.45,15.5,0,10,
2025-02-06,P008,Festive Gift Hamper,Seasonal,2,25.45,15.5,0,10,
2025-02-07,P008,Festive Gift Hamper,Seasonal,4,25.45,15.5,0,10,
2025-02-08,P008,Festive Gift Hamper,Seasonal,2,25.46,15.5,0,10,
2025-02-09,P008,Festive Gift Hamper,Seasonal,9,25.46,15.5,0,10,
2025-02-10,P008,Festive Gift Hamper,Seasonal,0,25.46,15.5,0,10,
2025-02-11,P008,Festive Gift Hamper,Seasonal,2,25.46,15.5,0,10,
2025-02-12,P008,Festive Gift Hamper,Seasonal,1,25.46,15.5,0,10,
2025-02-13,P008,Festive Gift Hamper,Seasonal,2,25.47,15.5,0,10,
2025-02-14,P008,Festive Gift Hamper,Seasonal,4,25.47,15.5,0,10,
2025-02-15,P008,Festive Gift Hamper,Seasonal,0,25.47,15.5,0,10,
2025-02-16,P008,Festive Gift Hamper,Seasonal,1,25.47,15.5,0,10,
2025-02-17,P008,Festive Gift Hamper,Seasonal,3,25.47,15.5,0,10,
2025-02-18,P008,Festive Gift Hamper,Seasonal,0,25.48,15.5,0,10,
2025-02-19,P008,Festive Gift Hamper,Seasonal,7,25.48,15.5,0,10,
2025-02-20,P008,Festive Gift Hamper,Seasonal,3,25.48,15.5,0,10,
2025-02-21,P008,Festive Gift Hamper,Seasonal,0,25.48,15.5,0,10,
2025-02-22,P008,Festive Gift Hamper,Seasonal,6,25.48,15.5,0,10,
2025-02-23,P008,Festive Gift Hamper,Seasonal,4,21.66,15.5,1,10,
2025-02-24,P008,Festive Gift Hamper,Seasonal,9,21.67,15.5,1,10,
2025-02-25,P008,Festive Gift Hamper,Seasonal,0,21.67,15.5,1,10,
2025-02-26,P008,Festive Gift Hamper,Seasonal,11,21.67,15.5,1,10,
2025-02-27,P008,Festive Gift Hamper,Seasonal,4,21.67,15.5,1,10,
2025-02-28,P008,Festive Gift Hamper,Seasonal,5,21.67,15.5,1,10,
2025-03-01,P008,Festive Gift Hamper,Seasonal,22,25.5,15.5,0,10,
2025-03-02,P008,Festive Gift Hamper,Seasonal,3,25.5,15.5,0,10,
2025-03-03,P008,Festive Gift Hamper,Seasonal,0,25.5,15.5,0,10,
2025-03-04,P008,Festive Gift Hamper,Seasonal,0,25.51,15.5,0,10,
2025-03-05,P008,Festive Gift Hamper,Seasonal,7,25.51,15.5,0,10,
2025-03-06,P008,Festive Gift Hamper,Seasonal,2,25.51,15.5,0,10,
2025-03-07,P008,Festive Gift Hamper,Seasonal,1,25.51,15.5,0,10,
2025-03-08,P008,Festive Gift Hamper,Seasonal,11,25.51,15.5,0,10,
2025-03-09,P008,Festive Gift Hamper,Seasonal,12,25.52,15.5,0,10,
2025-03-10,P008,Festive Gift Hamper,Seasonal,4,25.52,15.5,0,10,
2025-03-11,P008,Festive Gift Hamper,Seasonal,7,25.52,15.5,0,10,
2025-03-12,P008,Festive Gift Hamper,Seasonal,0,25.52,15.5,0,10,
2025-03-13,P008,Festive Gift Hamper,Seasonal,8,25.52,15.5,0,10,
2025-03-14,P008,Festive Gift Hamper,Seasonal,7,25.53,15.5,0,10,
2025-03-15,P008,Festive Gift Hamper,Seasonal,2,25.53,15.5,0,10,
2025-03-16,P008,Festive Gift Hamper,Seasonal,7,25.53,15.5,0,10,
2025-03-17,P008,Festive Gift Hamper,Seasonal,4,25.53,15.5,0,10,
2025-03-18,P008,Festive Gift Hamper,Seasonal,12,25.53,15.5,0,10,
2025-03-19,P008,Festive Gift Hamper,Seasonal,15,25.54,15.5,0,10,
2025-03-20,P008,Festive Gift Hamper,Seasonal,4,25.54,15.5,0,10,
2025-03-21,P008,Festive Gift Hamper,Seasonal,2,25.54,15.5,0,10,
2025-03-22,P008,Festive Gift Hamper,Seasonal,19,25.54,15.5,0,10,
2025-03-23,P008,Festive Gift Hamper,Seasonal,6,25.54,15.5,0,10,
2025-03-24,P008,Festive Gift Hamper,Seasonal,4,25.55,15.5,0,10,
2025-03-25,P008,Festive Gift Hamper,Seasonal,17,25.55,15.5,0,10,
2025-03-26,P008,Festive Gift Hamper,Seasonal,7,25.55,15.5,0,10,
2025-03-27,P008,Festive Gift Hamper,Seasonal,5,25.55,15.5,0,10,
2025-03-28,P008,Festive Gift Hamper,Seasonal,3,25.55,15.5,0,10,
2025-03-29,P008,Festive Gift Hamper,Seasonal,8,25.56,15.5,0,10,
2025-03-30,P008,Festive Gift Hamper,Seasonal,7,25.56,15.5,0,10,
2025-03-31,P008,Festive Gift Hamper,Seasonal,0,25.56,15.5,0,10,
2025-04-01,P008,Festive Gift Hamper,Seasonal,0,25.56,15.5,0,10,
2025-04-02,P008,Festive Gift Hamper,Seasonal,4,25.56,15.5,0,10,
2025-04-03,P008,Festive Gift Hamper,Seasonal,1,25.57,15.5,0,10,
2025-04-04,P008,Festive Gift Hamper,Seasonal,3,25.57,15.5,0,10,
2025-04-05,P008,Festive Gift Hamper,Seasonal,2,25.57,15.5,0,10,
2025-04-06,P008,Festive Gift Hamper,Seasonal,2,25.57,15.5,0,10,
2025-04-07,P008,Festive Gift Hamper,Seasonal,10,25.57,15.5,0,10,
2025-04-08,P008,Festive Gift Hamper,Seasonal,6,25.58,15.5,0,10,
2025-04-09,P008,Festive Gift Hamper,Seasonal,3,25.58,15.5,0,10,
2025-04-10,P008,Festive Gift Hamper,Seasonal,3,25.58,15.5,0,10,
2025-04-11,P008,Festive Gift Hamper,Seasonal,4,25.58,15.5,0,10,
2025-04-12,P008,Festive Gift Hamper,Seasonal,7,25.59,15.5,0,10,
2025-04-13,P008,Festive Gift Hamper,Seasonal,1,25.59,15.5,0,10,
2025-04-14,P008,Festive Gift Hamper,Seasonal,14,25.59,15.5,0,10,
2025-04-15,P008,Festive Gift Hamper,Seasonal,5,25.59,15.5,0,10,
2025-04-16,P008,Festive Gift Hamper,Seasonal,3,25.59,15.5,0,10,
2025-04-17,P008,Festive Gift Hamper,Seasonal,2,25.6,15.5,0,10,
2025-04-18,P008,Festive Gift Hamper,Seasonal,3,25.6,15.5,0,10,
2025-04-19,P008,Festive Gift Hamper,Seasonal,6,25.6,15.5,0,10,
2025-04-20,P008,Festive Gift Hamper,Seasonal,5,25.6,15.5,0,10,
2025-04-21,P008,Festive Gift Hamper,Seasonal,1,25.6,15.5,0,10,
2025-04-22,P008,Festive Gift Hamper,Seasonal,0,25.61,15.5,0,10,
2025-04-23,P008,Festive Gift Hamper,Seasonal,4,25.61,15.5,0,10,
2025-04-24,P008,Festive Gift Hamper,Seasonal,8,25.61,15.5,0,10,
2025-04-25,P008,Festive Gift Hamper,Seasonal,0,25.61,15.5,0,10,
2025-04-26,P008,Festive Gift Hamper,Seasonal,1,25.61,15.5,0,10,
2025-04-27,P008,Festive Gift Hamper,Seasonal,15,25.62,15.5,0,10,
2025-04-28,P008,Festive Gift Hamper,Seasonal,2,25.62,15.5,0,10,
2025-04-29,P008,Festive Gift Hamper,Seasonal,4,25.62,15.5,0,10,
2025-04-30,P008,Festive Gift Hamper,Seasonal,0,25.62,15.5,0,10,
2025-05-01,P008,Festive Gift Hamper,Seasonal,5,25.62,15.5,0,10,
2025-05-02,P008,Festive Gift Hamper,Seasonal,11,25.63,15.5,0,10,
2025-05-03,P008,Festive Gift Hamper,Seasonal,3,25.63,15.5,0,10,
2025-05-04,P008,Festive Gift Hamper,Seasonal,2,25.63,15.5,0,10,
2025-05-05,P008,Festive Gift Hamper,Seasonal,4,25.63,15.5,0,10,
2025-05-06,P008,Festive Gift Hamper,Seasonal,7,25.63,15.5,0,10,
2025-05-07,P008,Festive Gift Hamper,Seasonal,8,25.64,15.5,0,10,
2025-05-08,P008,Festive Gift Hamper,Seasonal,12,25.64,15.5,0,10,
2025-05-09,P008,Festive Gift Hamper,Seasonal,5,25.64,15.5,0,10,
2025-05-10,P008,Festive Gift Hamper,Seasonal,7,25.64,15.5,0,10,
2025-05-11,P008,Festive Gift Hamper,Seasonal,7,25.64,15.5,0,10,
2025-05-12,P008,Festive Gift Hamper,Seasonal,1,25.65,15.5,0,10,
2025-05-13,P008,Festive Gift Hamper,Seasonal,4,25.65,15.5,0,10,
2025-05-14,P008,Festive Gift Hamper,Seasonal,15,25.65,15.5,0,10,
2025-05-15,P008,Festive Gift Hamper,Seasonal,4,25.65,15.5,0,10,
2025-05-16,P008,Festive Gift Hamper,Seasonal,3,25.66,15.5,0,10,
2025-05-17,P008,Festive Gift Hamper,Seasonal,2,25.66,15.5,0,10,
2025-05-18,P008,Festive Gift Hamper,Seasonal,12,25.66,15.5,0,10,
2025-05-19,P008,Festive Gift Hamper,Seasonal,5,25.66,15.5,0,10,
2025-05-20,P008,Festive Gift Hamper,Seasonal,2,25.66,15.5,0,10,
2025-05-21,P008,Festive Gift Hamper,Seasonal,3,25.67,15.5,0,10,
2025-05-22,P008,Festive Gift Hamper,Seasonal,3,25.67,15.5,0,10,
2025-05-23,P008,Festive Gift Hamper,Seasonal,2,25.67,15.5,0,10,
2025-05-24,P008,Festive Gift Hamper,Seasonal,10,25.67,15.5,0,10,
2025-05-25,P008,Festive Gift Hamper,Seasonal,0,25.67,15.5,0,10,
2025-05-26,P008,Festive Gift Hamper,Seasonal,3,21.82,15.5,1,10,
2025-05-27,P008,Festive Gift Hamper,Seasonal,22,21.83,15.5,1,10,
2025-05-28,P008,Festive Gift Hamper,Seasonal,8,21.83,15.5,1,10,
2025-05-29,P008,Festive Gift Hamper,Seasonal,6,21.83,15.5,1,10,
2025-05-30,P008,Festive Gift Hamper,Seasonal,3,25.68,15.5,0,10,
2025-05-31,P008,Festive Gift Hamper,Seasonal,0,25.69,15.5,0,10,
2025-06-01,P008,Festive Gift Hamper,Seasonal,4,25.69,15.5,0,10,
2025-06-02,P008,Festive Gift Hamper,Seasonal,1,25.69,15.5,0,10,
2025-06-03,P008,Festive Gift Hamper,Seasonal,0,25.69,15.5,0,10,
2025-06-04,P008,Festive Gift Hamper,Seasonal,15,25.69,15.5,0,10,
2025-06-05,P008,Festive Gift Hamper,Seasonal,2,25.7,15.5,0,10,
2025-06-06,P008,Festive Gift Hamper,Seasonal,3,25.7,15.5,0,10,
2025-06-07,P008,Festive Gift Hamper,Seasonal,6,25.7,15.5,0,10,
2025-06-08,P008,Festive Gift Hamper,Seasonal,3,25.7,15.5,0,10,
2025-06-09,P008,Festive Gift Hamper,Seasonal,2,25.7,15.5,0,10,
2025-06-10,P008,Festive Gift Hamper,Seasonal,3,25.71,15.5,0,10,
2025-06-11,P008,Festive Gift Hamper,Seasonal,14,25.71,15.5,0,10,
2025-06-12,P008,Festive Gift Hamper,Seasonal,1,25.71,15.5,0,10,
2025-06-13,P008,Festive Gift Hamper,Seasonal,8,25.71,15.5,0,10,
2025-06-14,P008,Festive Gift Hamper,Seasonal,1,25.71,15.5,0,10,
2025-06-15,P008,Festive Gift Hamper,Seasonal,6,25.72,15.5,0,10,
2025-06-16,P008,Festive Gift Hamper,Seasonal,10,25.72,15.5,0,10,
2025-06-17,P008,Festive Gift Hamper,Seasonal,1,25.72,15.5,0,10,
2025-06-18,P008,Festive Gift Hamper,Seasonal,0,25.72,15.5,0,10,
2025-06-19,P008,Festive Gift Hamper,Seasonal,4,25.72,15.5,0,10,
2025-06-20,P008,Festive Gift Hamper,Seasonal,5,25.73,15.5,0,10,
2025-06-21,P008,Festive Gift Hamper,Seasonal,11,25.73,15.5,0,10,
2025-06-22,P008,Festive Gift Hamper,Seasonal,4,25.73,15.5,0,10,
2025-06-23,P008,Festive Gift Hamper,Seasonal,4,25.73,15.5,0,10,
2025-06-24,P008,Festive Gift Hamper,Seasonal,0,25.74,15.5,0,10,
2025-06-25,P008,Festive Gift Hamper,Seasonal,8,21.88,15.5,1,10,
2025-06-26,P008,Festive Gift Hamper,Seasonal,1,21.88,15.5,1,10,
2025-06-27,P008,Festive Gift Hamper,Seasonal,4,21.88,15.5,1,10,
2025-06-28,P008,Festive Gift Hamper,Seasonal,1,21.88,15.5,1,10,
2025-06-29,P008,Festive Gift Hamper,Seasonal,6,21.88,15.5,1,10,
2025-06-30,P008,Festive Gift Hamper,Seasonal,8,21.89,15.5,1,10,
2025-07-01,P008,Festive Gift Hamper,Seasonal,21,21.89,15.5,1,10,
2025-07-02,P008,Festive Gift Hamper,Seasonal,3,25.75,15.5,0,10,
2025-07-03,P008,Festive Gift Hamper,Seasonal,4,21.89,15.5,1,10,
2025-07-04,P008,Festive Gift Hamper,Seasonal,2,21.89,15.5,1,10,
2025-07-05,P008,Festive Gift Hamper,Seasonal,13,21.89,15.5,1,10,
2025-07-06,P008,Festive Gift Hamper,Seasonal,8,21.9,15.5,1,10,
2025-07-07,P008,Festive Gift Hamper,Seasonal,5,21.9,15.5,1,10,
2025-07-08,P008,Festive Gift Hamper,Seasonal,5,21.9,15.5,1,10,
2025-07-09,P008,Festive Gift Hamper,Seasonal,1,25.77,15.5,0,10,
2025-07-10,P008,Festive Gift Hamper,Seasonal,5,25.77,15.5,0,10,
2025-07-11,P008,Festive Gift Hamper,Seasonal,5,25.77,15.5,0,10,
2025-07-12,P008,Festive Gift Hamper,Seasonal,0,25.77,15.5,0,10,
2025-07-13,P008,Festive Gift Hamper,Seasonal,3,25.77,15.5,0,10,
2025-07-14,P008,Festive Gift Hamper,Seasonal,5,25.78,15.5,0,10,
2025-07-15,P008,Festive Gift Hamper,Seasonal,2,25.78,15.5,0,10,
2025-07-16,P008,Festive Gift Hamper,Seasonal,7,25.78,15.5,0,10,
2025-07-17,P008,Festive Gift Hamper,Seasonal,8,25.78,15.5,0,10,
2025-07-18,P008,Festive Gift Hamper,Seasonal,5,25.78,15.5,0,10,
2025-07-19,P008,Festive Gift Hamper,Seasonal,7,25.79,15.5,0,10,
2025-07-20,P008,Festive Gift Hamper,Seasonal,14,25.79,15.5,0,10,
2025-07-21,P008,Festive Gift Hamper,Seasonal,0,25.79,15.5,0,10,
2025-07-22,P008,Festive Gift Hamper,Seasonal,5,25.79,15.5,0,10,
2025-07-23,P008,Festive Gift Hamper,Seasonal,2,25.79,15.5,0,10,
2025-07-24,P008,Festive Gift Hamper,Seasonal,6,25.8,15.5,0,10,
2025-07-25,P008,Festive Gift Hamper,Seasonal,5,25.8,15.5,0,10,
2025-07-26,P008,Festive Gift Hamper,Seasonal,3,25.8,15.5,0,10,
2025-07-27,P008,Festive Gift Hamper,Seasonal,13,25.8,15.5,0,10,
2025-07-28,P008,Festive Gift Hamper,Seasonal,0,25.8,15.5,0,10,
2025-07-29,P008,Festive Gift Hamper,Seasonal,2,25.81,15.5,0,10,
2025-07-30,P008,Festive Gift Hamper,Seasonal,4,25.81,15.5,0,10,
2025-07-31,P008,Festive Gift Hamper,Seasonal,6,25.81,15.5,0,10,
2025-08-01,P008,Festive Gift Hamper,Seasonal,19,25.81,15.5,0,10,
2025-08-02,P008,Festive Gift Hamper,Seasonal,0,25.82,15.5,0,10,
2025-08-03,P008,Festive Gift Hamper,Seasonal,2,25.82,15.5,0,10,
2025-08-04,P008,Festive Gift Hamper,Seasonal,10,25.82,15.5,0,10,
2025-08-05,P008,Festive Gift Hamper,Seasonal,4,25.82,15.5,0,10,
2025-08-06,P008,Festive Gift Hamper,Seasonal,1,25.82,15.5,0,10,
2025-08-07,P008,Festive Gift Hamper,Seasonal,10,25.83,15.5,0,10,
2025-08-08,P008,Festive Gift Hamper,Seasonal,2,21.95,15.5,1,10,
2025-08-09,P008,Festive Gift Hamper,Seasonal,21,21.96,15.5,1,10,
2025-08-10,P008,Festive Gift Hamper,Seasonal,1,21.96,15.5,1,10,
2025-08-11,P008,Festive Gift Hamper,Seasonal,0,25.83,15.5,0,10,
2025-08-12,P008,Festive Gift Hamper,Seasonal,4,25.84,15.5,0,10,
2025-08-13,P008,Festive Gift Hamper,Seasonal,1,25.84,15.5,0,10,
2025-08-14,P008,Festive Gift Hamper,Seasonal,2,25.84,15.5,0,10,
2025-08-15,P008,Festive Gift Hamper,Seasonal,4,25.84,15.5,0,10,
2025-08-16,P008,Festive Gift Hamper,Seasonal,5,25.84,15.5,0,10,
2025-08-17,P008,Festive Gift Hamper,Seasonal,5,25.85,15.5,0,10,
2025-08-18,P008,Festive Gift Hamper,Seasonal,5,25.85,15.5,0,10,
2025-08-19,P008,Festive Gift Hamper,Seasonal,6,25.85,15.5,0,10,
2025-08-20,P008,Festive Gift Hamper,Seasonal,8,25.85,15.5,0,10,
2025-08-21,P008,Festive Gift Hamper,Seasonal,0,25.85,15.5,0,10,
2025-08-22,P008,Festive Gift Hamper,Seasonal,3,25.86,15.5,0,10,
2025-08-23,P008,Festive Gift Hamper,Seasonal,0,25.86,15.5,0,10,
2025-08-24,P008,Festive Gift Hamper,Seasonal,8,25.86,15.5,0,10,
2025-08-25,P008,Festive Gift Hamper,Seasonal,1,25.86,15.5,0,10,
2025-08-26,P008,Festive Gift Hamper,Seasonal,3,25.86,15.5,0,10,
2025-08-27,P008,Festive Gift Hamper,Seasonal,1,25.87,15.5,0,10,
2025-08-28,P008,Festive Gift Hamper,Seasonal,11,25.87,15.5,0,10,
2025-08-29,P008,Festive Gift Hamper,Seasonal,2,25.87,15.5,0,10,
2025-08-30,P008,Festive Gift Hamper,Seasonal,5,25.87,15.5,0,10,
2025-08-31,P008,Festive Gift Hamper,Seasonal,5,25.87,15.5,0,10,
2025-09-01,P008,Festive Gift Hamper,Seasonal,5,25.88,15.5,0,10,
2025-09-02,P008,Festive Gift Hamper,Seasonal,2,25.88,15.5,0,10,
2025-09-03,P008,Festive Gift Hamper,Seasonal,0,25.88,15.5,0,10,
2025-09-04,P008,Festive Gift Hamper,Seasonal,10,25.88,15.5,0,10,
2025-09-05,P008,Festive Gift Hamper,Seasonal,0,25.89,15.5,0,10,
2025-09-06,P008,Festive Gift Hamper,Seasonal,4,25.89,15.5,0,10,
2025-09-07,P008,Festive Gift Hamper,Seasonal,22,25.89,15.5,0,10,
2025-09-08,P008,Festive Gift Hamper,Seasonal,0,25.89,15.5,0,10,
2025-09-09,P008,Festive Gift Hamper,Seasonal,1,25.89,15.5,0,10,
2025-09-10,P008,Festive Gift Hamper,Seasonal,2,25.9,15.5,0,10,
2025-09-11,P008,Festive Gift Hamper,Seasonal,6,25.9,15.5,0,10,
2025-09-12,P008,Festive Gift Hamper,Seasonal,4,25.9,15.5,0,10,
2025-09-13,P008,Festive Gift Hamper,Seasonal,2,25.9,15.5,0,10,
2025-09-14,P008,Festive Gift Hamper,Seasonal,1,25.9,15.5,0,10,
2025-09-15,P008,Festive Gift Hamper,Seasonal,9,25.91,15.5,0,10,
2025-09-16,P008,Festive Gift Hamper,Seasonal,0,25.91,15.5,0,10,
2025-09-17,P008,Festive Gift Hamper,Seasonal,3,25.91,15.5,0,10,
2025-09-18,P008,Festive Gift Hamper,Seasonal,0,25.91,15.5,0,10,
2025-09-19,P008,Festive Gift Hamper,Seasonal,2,25.91,15.5,0,10,
2025-09-20,P008,Festive Gift Hamper,Seasonal,6,25.92,15.5,0,10,
2025-09-21,P008,Festive Gift Hamper,Seasonal,2,25.92,15.5,0,10,
2025-09-22,P008,Festive Gift Hamper,Seasonal,1,25.92,15.5,0,10,
2025-09-23,P008,Festive Gift Hamper,Seasonal,0,25.92,15.5,0,10,
2025-09-24,P008,Festive Gift Hamper,Seasonal,5,22.04,15.5,1,10,
2025-09-25,P008,Festive Gift Hamper,Seasonal,0,22.04,15.5,1,10,
2025-09-26,P008,Festive Gift Hamper,Seasonal,7,22.04,15.5,1,10,
2025-09-27,P008,Festive Gift Hamper,Seasonal,1,22.04,15.5,1,10,
2025-09-28,P008,Festive Gift Hamper,Seasonal,3,22.04,15.5,1,10,
2025-09-29,P008,Festive Gift Hamper,Seasonal,2,22.04,15.5,1,10,
2025-09-30,P008,Festive Gift Hamper,Seasonal,5,25.94,15.5,0,10,
2025-10-01,P008,Festive Gift Hamper,Seasonal,40,25.94,15.5,0,10,
2025-10-02,P008,Festive Gift Hamper,Seasonal,7,25.94,15.5,0,10,
2025-10-03,P008,Festive Gift Hamper,Seasonal,3,25.94,15.5,0,10,
2025-10-04,P008,Festive Gift Hamper,Seasonal,2,25.94,15.5,0,10,
2025-10-05,P008,Festive Gift Hamper,Seasonal,7,25.95,15.5,0,10,
2025-10-06,P008,Festive Gift Hamper,Seasonal,5,25.95,15.5,0,10,
2025-10-07,P008,Festive Gift Hamper,Seasonal,6,25.95,15.5,0,10,
2025-10-08,P008,Festive Gift Hamper,Seasonal,6,25.95,15.5,0,10,
2025-10-09,P008,Festive Gift Hamper,Seasonal,4,25.95,15.5,0,10,
2025-10-10,P008,Festive Gift Hamper,Seasonal,2,25.96,15.5,0,10,
2025-10-11,P008,Festive Gift Hamper,Seasonal,13,25.96,15.5,0,10,
2025-10-12,P008,Festive Gift Hamper,Seasonal,14,25.96,15.5,0,10,
2025-10-13,P008,Festive Gift Hamper,Seasonal,23,25.96,15.5,0,10,
2025-10-14,P008,Festive Gift Hamper,Seasonal,1,25.97,15.5,0,10,
2025-10-15,P008,Festive Gift Hamper,Seasonal,1,25.97,15.5,0,10,
2025-10-16,P008,Festive Gift Hamper,Seasonal,7,25.97,15.5,0,10,
2025-10-17,P008,Festive Gift Hamper,Seasonal,6,25.97,15.5,0,10,
2025-10-18,P008,Festive Gift Hamper,Seasonal,3,25.97,15.5,0,10,
2025-10-19,P008,Festive Gift Hamper,Seasonal,30,25.98,15.5,0,10,
2025-10-20,P008,Festive Gift Hamper,Seasonal,0,25.98,15.5,0,10,
2025-10-21,P008,Festive Gift Hamper,Seasonal,2,25.98,15.5,0,10,
2025-10-22,P008,Festive Gift Hamper,Seasonal,12,25.98,15.5,0,10,
2025-10-23,P008,Festive Gift Hamper,Seasonal,18,25.98,15.5,0,10,
2025-10-24,P008,Festive Gift Hamper,Seasonal,33,25.99,15.5,0,10,
2025-10-25,P008,Festive Gift Hamper,Seasonal,13,25.99,15.5,0,10,
2025-10-26,P008,Festive Gift Hamper,Seasonal,15,25.99,15.5,0,10,
2025-10-27,P008,Festive Gift Hamper,Seasonal,34,25.99,15.5,0,10,
2025-10-28,P008,Festive Gift Hamper,Seasonal,9,25.99,15.5,0,10,
2025-10-29,P008,Festive Gift Hamper,Seasonal,6,26.0,15.5,0,10,
2025-10-30,P008,Festive Gift Hamper,Seasonal,27,26.0,15.5,0,10,
2025-10-31,P008,Festive Gift Hamper,Seasonal,27,26.0,15.5,0,10,
2025-11-01,P008,Festive Gift Hamper,Seasonal,27,26.0,15.5,0,10,
2025-11-02,P008,Festive Gift Hamper,Seasonal,3,26.0,15.5,0,10,
2025-11-03,P008,Festive Gift Hamper,Seasonal,10,26.01,15.5,0,10,
2025-11-04,P008,Festive Gift Hamper,Seasonal,11,26.01,15.5,0,10,
2025-11-05,P008,Festive Gift Hamper,Seasonal,51,26.01,15.5,0,10,
2025-11-06,P008,Festive Gift Hamper,Seasonal,12,26.01,15.5,0,10,
2025-11-07,P008,Festive Gift Hamper,Seasonal,17,26.01,15.5,0,10,
2025-11-08,P008,Festive Gift Hamper,Seasonal,28,26.02,15.5,0,10,
2025-11-09,P008,Festive Gift Hamper,Seasonal,15,26.02,15.5,0,10,
2025-11-10,P008,Festive Gift Hamper,Seasonal,2,26.02,15.5,0,10,
2025-11-11,P008,Festive Gift Hamper,Seasonal,18,26.02,15.5,0,10,
2025-11-12,P008,Festive Gift Hamper,Seasonal,20,26.02,15.5,0,10,
2025-11-13,P008,Festive Gift Hamper,Seasonal,29,26.03,15.5,0,10,
2025-11-14,P008,Festive Gift Hamper,Seasonal,12,26.03,15.5,0,10,
2025-11-15,P008,Festive Gift Hamper,Seasonal,2,26.03,15.5,0,10,
2025-11-16,P008,Festive Gift Hamper,Seasonal,7,26.03,15.5,0,10,
2025-11-17,P008,Festive Gift Hamper,Seasonal,9,26.03,15.5,0,10,
2025-11-18,P008,Festive Gift Hamper,Seasonal,66,26.04,15.5,0,10,
2025-11-19,P008,Festive Gift Hamper,Seasonal,45,26.04,15.5,0,10,
2025-11-20,P008,Festive Gift Hamper,Seasonal,4,26.04,15.5,0,10,
2025-11-21,P008,Festive Gift Hamper,Seasonal,29,26.04,15.5,0,10,
2025-11-22,P008,Festive Gift Hamper,Seasonal,11,26.05,15.5,0,10,
2025-11-23,P008,Festive Gift Hamper,Seasonal,13,26.05,15.5,0,10,
2025-11-24,P008,Festive Gift Hamper,Seasonal,3,26.05,15.5,0,10,
2025-11-25,P008,Festive Gift Hamper,Seasonal,18,26.05,15.5,0,10,
2025-11-26,P008,Festive Gift Hamper,Seasonal,17,26.05,15.5,0,10,
2025-11-27,P008,Festive Gift Hamper,Seasonal,5,26.06,15.5,0,10,
2025-11-28,P008,Festive Gift Hamper,Seasonal,0,26.06,15.5,0,10,
2025-11-29,P008,Festive Gift Hamper,Seasonal,3,26.06,15.5,0,10,
2025-11-30,P008,Festive Gift Hamper,Seasonal,5,26.06,15.5,0,10,
2025-12-01,P008,Festive Gift Hamper,Seasonal,2,26.06,15.5,0,10,
2025-12-02,P008,Festive Gift Hamper,Seasonal,8,26.07,15.5,0,10,
2025-12-03,P008,Festive Gift Hamper,Seasonal,6,26.07,15.5,0,10,
2025-12-04,P008,Festive Gift Hamper,Seasonal,5,26.07,15.5,0,10,
2025-12-05,P008,Festive Gift Hamper,Seasonal,6,26.07,15.5,0,10,
2025-12-06,P008,Festive Gift Hamper,Seasonal,6,26.07,15.5,0,10,
2025-12-07,P008,Festive Gift Hamper,Seasonal,10,26.08,15.5,0,10,
2025-12-08,P008,Festive Gift Hamper,Seasonal,9,26.08,15.5,0,10,
2025-12-09,P008,Festive Gift Hamper,Seasonal,10,26.08,15.5,0,10,
2025-12-10,P008,Festive Gift Hamper,Seasonal,1,26.08,15.5,0,10,
2025-12-11,P008,Festive Gift Hamper,Seasonal,3,26.08,15.5,0,10,
2025-12-12,P008,Festive Gift Hamper,Seasonal,12,22.17,15.5,1,10,
2025-12-13,P008,Festive Gift Hamper,Seasonal,16,22.18,15.5,1,10,
2025-12-14,P008,Festive Gift Hamper,Seasonal,12,22.18,15.5,1,10,
2025-12-15,P008,Festive Gift Hamper,Seasonal,22,22.18,15.5,1,10,
2025-12-16,P008,Festive Gift Hamper,Seasonal,26,22.18,15.5,1,10,
2025-12-17,P008,Festive Gift Hamper,Seasonal,29,22.18,15.5,1,10,
2025-12-18,P008,Festive Gift Hamper,Seasonal,14,26.1,15.5,0,10,
2025-12-19,P008,Festive Gift Hamper,Seasonal,3,26.1,15.5,0,10,
2025-12-20,P008,Festive Gift Hamper,Seasonal,32,26.1,15.5,0,10,
2025-12-21,P008,Festive Gift Hamper,Seasonal,0,26.1,15.5,0,10,
2025-12-22,P008,Festive Gift Hamper,Seasonal,0,26.11,15.5,0,10,
2025-12-23,P008,Festive Gift Hamper,Seasonal,2,26.11,15.5,0,10,
2025-12-24,P008,Festive Gift Hamper,Seasonal,3,26.11,15.5,0,10,
2025-12-25,P008,Festive Gift Hamper,Seasonal,11,26.11,15.5,0,10,
2025-12-26,P008,Festive Gift Hamper,Seasonal,4,26.11,15.5,0,10,
2025-12-27,P008,Festive Gift Hamper,Seasonal,10,26.12,15.5,0,10,
2025-12-28,P008,Festive Gift Hamper,Seasonal,5,26.12,15.5,0,10,
2025-12-29,P008,Festive Gift Hamper,Seasonal,6,26.12,15.5,0,10,
2025-12-30,P008,Festive Gift Hamper,Seasonal,1,26.12,15.5,0,10,
2025-12-31,P008,Festive Gift Hamper,Seasonal,0,26.13,15.5,0,10,
2026-01-01,P008,Festive Gift Hamper,Seasonal,1,26.13,15.5,0,10,
2026-01-02,P008,Festive Gift Hamper,Seasonal,2,22.21,15.5,1,10,
2026-01-03,P008,Festive Gift Hamper,Seasonal,3,22.21,15.5,1,10,
2026-01-04,P008,Festive Gift Hamper,Seasonal,3,22.21,15.5,1,10,
2026-01-05,P008,Festive Gift Hamper,Seasonal,5,22.22,15.5,1,10,
2026-01-06,P008,Festive Gift Hamper,Seasonal,0,22.22,15.5,1,10,
2026-01-07,P008,Festive Gift Hamper,Seasonal,5,22.22,15.5,1,10,
2026-01-08,P008,Festive Gift Hamper,Seasonal,1,26.14,15.5,0,10,
2026-01-09,P008,Festive Gift Hamper,Seasonal,1,26.14,15.5,0,10,
2026-01-10,P008,Festive Gift Hamper,Seasonal,7,26.15,15.5,0,10,
2026-01-11,P008,Festive Gift Hamper,Seasonal,9,26.15,15.5,0,10,
2026-01-12,P008,Festive Gift Hamper,Seasonal,9,26.15,15.5,0,10,
2026-01-13,P008,Festive Gift Hamper,Seasonal,14,26.15,15.5,0,10,
2026-01-14,P008,Festive Gift Hamper,Seasonal,7,26.15,15.5,0,10,
2026-01-15,P008,Festive Gift Hamper,Seasonal,1,26.16,15.5,0,10,
2026-01-16,P008,Festive Gift Hamper,Seasonal,5,26.16,15.5,0,10,
2026-01-17,P008,Festive Gift Hamper,Seasonal,4,26.16,15.5,0,10,
2026-01-18,P008,Festive Gift Hamper,Seasonal,2,26.16,15.5,0,10,
2026-01-19,P008,Festive Gift Hamper,Seasonal,6,26.16,15.5,0,10,
2026-01-20,P008,Festive Gift Hamper,Seasonal,8,26.17,15.5,0,10,
2026-01-21,P008,Festive Gift Hamper,Seasonal,8,26.17,15.5,0,10,
2026-01-22,P008,Festive Gift Hamper,Seasonal,0,26.17,15.5,0,10,
2026-01-23,P008,Festive Gift Hamper,Seasonal,10,26.17,15.5,0,10,
2026-01-24,P008,Festive Gift Hamper,Seasonal,0,26.17,15.5,0,10,
2026-01-25,P008,Festive Gift Hamper,Seasonal,5,26.18,15.5,0,10,
2026-01-26,P008,Festive Gift Hamper,Seasonal,6,26.18,15.5,0,10,
2026-01-27,P008,Festive Gift Hamper,Seasonal,3,26.18,15.5,0,10,
2026-01-28,P008,Festive Gift Hamper,Seasonal,6,26.18,15.5,0,10,
2026-01-29,P008,Festive Gift Hamper,Seasonal,5,26.18,15.5,0,10,
2026-01-30,P008,Festive Gift Hamper,Seasonal,5,26.19,15.5,0,10,
2026-01-31,P008,Festive Gift Hamper,Seasonal,6,26.19,15.5,0,10,
2026-02-01,P008,Festive Gift Hamper,Seasonal,1,26.19,15.5,0,10,
2026-02-02,P008,Festive Gift Hamper,Seasonal,1,26.19,15.5,0,10,
2026-02-03,P008,Festive Gift Hamper,Seasonal,11,26.2,15.5,0,10,
2026-02-04,P008,Festive Gift Hamper,Seasonal,13,26.2,15.5,0,10,
2026-02-05,P008,Festive Gift Hamper,Seasonal,10,26.2,15.5,0,10,
2026-02-06,P008,Festive Gift Hamper,Seasonal,0,26.2,15.5,0,10,
2026-02-07,P008,Festive Gift Hamper,Seasonal,2,26.2,15.5,0,10,
2026-02-08,P008,Festive Gift Hamper,Seasonal,2,26.21,15.5,0,10,
2026-02-09,P008,Festive Gift Hamper,Seasonal,1,26.21,15.5,0,10,
2026-02-10,P008,Festive Gift Hamper,Seasonal,2,26.21,15.5,0,10,
2026-02-11,P008,Festive Gift Hamper,Seasonal,1,26.21,15.5,0,10,
2026-02-12,P008,Festive Gift Hamper,Seasonal,6,26.21,15.5,0,10,
2026-02-13,P008,Festive Gift Hamper,Seasonal,2,26.22,15.5,0,10,
2026-02-14,P008,Festive Gift Hamper,Seasonal,4,26.22,15.5,0,10,
2026-02-15,P008,Festive Gift Hamper,Seasonal,4,26.22,15.5,0,10,
2026-02-16,P008,Festive Gift Hamper,Seasonal,4,26.22,15.5,0,10,
2026-02-17,P008,Festive Gift Hamper,Seasonal,13,26.22,15.5,0,10,
2026-02-18,P008,Festive Gift Hamper,Seasonal,4,26.23,15.5,0,10,
2026-02-19,P008,Festive Gift Hamper,Seasonal,0,26.23,15.5,0,10,
2026-02-20,P008,Festive Gift Hamper,Seasonal,3,26.23,15.5,0,10,
2026-02-21,P008,Festive Gift Hamper,Seasonal,4,26.23,15.5,0,10,
2026-02-22,P008,Festive Gift Hamper,Seasonal,14,26.23,15.5,0,10,
2026-02-23,P008,Festive Gift Hamper,Seasonal,5,26.24,15.5,0,10,
2026-02-24,P008,Festive Gift Hamper,Seasonal,4,26.24,15.5,0,10,
2026-02-25,P008,Festive Gift Hamper,Seasonal,0,26.24,15.5,0,10,
2026-02-26,P008,Festive Gift Hamper,Seasonal,2,26.24,15.5,0,10,
2026-02-27,P008,Festive Gift Hamper,Seasonal,5,26.24,15.5,0,10,
2026-02-28,P008,Festive Gift Hamper,Seasonal,1,26.25,15.5,0,10,
2026-03-01,P008,Festive Gift Hamper,Seasonal,6,26.25,15.5,0,10,
2026-03-02,P008,Festive Gift Hamper,Seasonal,8,26.25,15.5,0,10,
2026-03-03,P008,Festive Gift Hamper,Seasonal,5,26.25,15.5,0,10,
2026-03-04,P008,Festive Gift Hamper,Seasonal,1,26.25,15.5,0,10,
2026-03-05,P008,Festive Gift Hamper,Seasonal,2,26.26,15.5,0,10,
2026-03-06,P008,Festive Gift Hamper,Seasonal,3,26.26,15.5,0,10,
2026-03-07,P008,Festive Gift Hamper,Seasonal,0,26.26,15.5,0,10,
2026-03-08,P008,Festive Gift Hamper,Seasonal,6,26.26,15.5,0,10,
2026-03-09,P008,Festive Gift Hamper,Seasonal,12,26.26,15.5,0,10,
2026-03-10,P008,Festive Gift Hamper,Seasonal,6,26.27,15.5,0,10,
2026-03-11,P008,Festive Gift Hamper,Seasonal,4,26.27,15.5,0,10,
2026-03-12,P008,Festive Gift Hamper,Seasonal,0,26.27,15.5,0,10,
2026-03-13,P008,Festive Gift Hamper,Seasonal,5,26.27,15.5,0,10,
2026-03-14,P008,Festive Gift Hamper,Seasonal,4,26.28,15.5,0,10,
2026-03-15,P008,Festive Gift Hamper,Seasonal,14,26.28,15.5,0,10,
2026-03-16,P008,Festive Gift Hamper,Seasonal,5,26.28,15.5,0,10,
2026-03-17,P008,Festive Gift Hamper,Seasonal,6,26.28,15.5,0,10,
2026-03-18,P008,Festive Gift Hamper,Seasonal,0,26.28,15.5,0,10,
2026-03-19,P008,Festive Gift Hamper,Seasonal,4,26.29,15.5,0,10,
2026-03-20,P008,Festive Gift Hamper,Seasonal,17,26.29,15.5,0,10,
2026-03-21,P008,Festive Gift Hamper,Seasonal,13,26.29,15.5,0,10,
2026-03-22,P008,Festive Gift Hamper,Seasonal,8,26.29,15.5,0,10,
2026-03-23,P008,Festive Gift Hamper,Seasonal,4,26.29,15.5,0,10,
2026-03-24,P008,Festive Gift Hamper,Seasonal,2,26.3,15.5,0,10,
2026-03-25,P008,Festive Gift Hamper,Seasonal,8,26.3,15.5,0,10,
2026-03-26,P008,Festive Gift Hamper,Seasonal,0,26.3,15.5,0,10,
2026-03-27,P008,Festive Gift Hamper,Seasonal,0,26.3,15.5,0,10,
2026-03-28,P008,Festive Gift Hamper,Seasonal,2,26.3,15.5,0,10,
2026-03-29,P008,Festive Gift Hamper,Seasonal,5,26.31,15.5,0,10,
2026-03-30,P008,Festive Gift Hamper,Seasonal,2,26.31,15.5,0,10,
2026-03-31,P008,Festive Gift Hamper,Seasonal,5,26.31,15.5,0,10,
2026-04-01,P008,Festive Gift Hamper,Seasonal,6,26.31,15.5,0,10,
2026-04-02,P008,Festive Gift Hamper,Seasonal,3,26.31,15.5,0,10,
2026-04-03,P008,Festive Gift Hamper,Seasonal,2,26.32,15.5,0,10,
2026-04-04,P008,Festive Gift Hamper,Seasonal,0,26.32,15.5,0,10,
2026-04-05,P008,Festive Gift Hamper,Seasonal,2,26.32,15.5,0,10,
2026-04-06,P008,Festive Gift Hamper,Seasonal,10,26.32,15.5,0,10,
2026-04-07,P008,Festive Gift Hamper,Seasonal,6,26.32,15.5,0,10,
2026-04-08,P008,Festive Gift Hamper,Seasonal,11,26.33,15.5,0,10,
2026-04-09,P008,Festive Gift Hamper,Seasonal,2,26.33,15.5,0,10,
2026-04-10,P008,Festive Gift Hamper,Seasonal,2,26.33,15.5,0,10,
2026-04-11,P008,Festive Gift Hamper,Seasonal,20,26.33,15.5,0,10,
2026-04-12,P008,Festive Gift Hamper,Seasonal,0,26.33,15.5,0,10,
2026-04-13,P008,Festive Gift Hamper,Seasonal,0,26.34,15.5,0,10,
2026-04-14,P008,Festive Gift Hamper,Seasonal,1,26.34,15.5,0,10,
2026-04-15,P008,Festive Gift Hamper,Seasonal,16,26.34,15.5,0,10,
2026-04-16,P008,Festive Gift Hamper,Seasonal,5,26.34,15.5,0,10,
2026-04-17,P008,Festive Gift Hamper,Seasonal,3,26.34,15.5,0,10,
2026-04-18,P008,Festive Gift Hamper,Seasonal,9,26.35,15.5,0,10,
2026-04-19,P008,Festive Gift Hamper,Seasonal,2,26.35,15.5,0,10,
2026-04-20,P008,Festive Gift Hamper,Seasonal,4,26.35,15.5,0,10,
2026-04-21,P008,Festive Gift Hamper,Seasonal,2,26.35,15.5,0,10,
2026-04-22,P008,Festive Gift Hamper,Seasonal,4,26.36,15.5,0,10,
2026-04-23,P008,Festive Gift Hamper,Seasonal,1,26.36,15.5,0,10,
2026-04-24,P008,Festive Gift Hamper,Seasonal,15,26.36,15.5,0,10,
2026-04-25,P008,Festive Gift Hamper,Seasonal,0,26.36,15.5,0,10,
2026-04-26,P008,Festive Gift Hamper,Seasonal,15,26.36,15.5,0,10,
2026-04-27,P008,Festive Gift Hamper,Seasonal,11,26.37,15.5,0,10,
2026-04-28,P008,Festive Gift Hamper,Seasonal,5,26.37,15.5,0,10,
2026-04-29,P008,Festive Gift Hamper,Seasonal,2,26.37,15.5,0,10,
2026-04-30,P008,Festive Gift Hamper,Seasonal,6,26.37,15.5,0,10,
2026-05-01,P008,Festive Gift Hamper,Seasonal,3,26.37,15.5,0,10,
2026-05-02,P008,Festive Gift Hamper,Seasonal,3,26.38,15.5,0,10,
2026-05-03,P008,Festive Gift Hamper,Seasonal,5,26.38,15.5,0,10,
2026-05-04,P008,Festive Gift Hamper,Seasonal,3,26.38,15.5,0,10,
2026-05-05,P008,Festive Gift Hamper,Seasonal,8,26.38,15.5,0,10,
2026-05-06,P008,Festive Gift Hamper,Seasonal,3,26.38,15.5,0,10,
2026-05-07,P008,Festive Gift Hamper,Seasonal,8,26.39,15.5,0,10,
2026-05-08,P008,Festive Gift Hamper,Seasonal,2,26.39,15.5,0,10,
2026-05-09,P008,Festive Gift Hamper,Seasonal,5,26.39,15.5,0,10,
2026-05-10,P008,Festive Gift Hamper,Seasonal,8,26.39,15.5,0,10,
2026-05-11,P008,Festive Gift Hamper,Seasonal,0,26.39,15.5,0,10,
2026-05-12,P008,Festive Gift Hamper,Seasonal,0,26.4,15.5,0,10,
2026-05-13,P008,Festive Gift Hamper,Seasonal,3,26.4,15.5,0,10,
2026-05-14,P008,Festive Gift Hamper,Seasonal,6,26.4,15.5,0,10,
2026-05-15,P008,Festive Gift Hamper,Seasonal,4,26.4,15.5,0,10,
2026-05-16,P008,Festive Gift Hamper,Seasonal,1,26.4,15.5,0,10,
2026-05-17,P008,Festive Gift Hamper,Seasonal,3,26.41,15.5,0,10,
2026-05-18,P008,Festive Gift Hamper,Seasonal,3,26.41,15.5,0,10,
2026-05-19,P008,Festive Gift Hamper,Seasonal,6,26.41,15.5,0,10,
2026-05-20,P008,Festive Gift Hamper,Seasonal,2,26.41,15.5,0,10,
2026-05-21,P008,Festive Gift Hamper,Seasonal,1,26.41,15.5,0,10,
2026-05-22,P008,Festive Gift Hamper,Seasonal,5,26.42,15.5,0,10,
2026-05-23,P008,Festive Gift Hamper,Seasonal,6,26.42,15.5,0,10,
2026-05-24,P008,Festive Gift Hamper,Seasonal,9,26.42,15.5,0,10,
2026-05-25,P008,Festive Gift Hamper,Seasonal,7,26.42,15.5,0,10,
2026-05-26,P008,Festive Gift Hamper,Seasonal,12,26.43,15.5,0,10,
2026-05-27,P008,Festive Gift Hamper,Seasonal,13,26.43,15.5,0,10,
2026-05-28,P008,Festive Gift Hamper,Seasonal,11,26.43,15.5,0,10,
2026-05-29,P008,Festive Gift Hamper,Seasonal,9,26.43,15.5,0,10,
2026-05-30,P008,Festive Gift Hamper,Seasonal,15,26.43,15.5,0,10,
2026-05-31,P008,Festive Gift Hamper,Seasonal,2,26.44,15.5,0,10,
2026-06-01,P008,Festive Gift Hamper,Seasonal,1,26.44,15.5,0,10,
2026-06-02,P008,Festive Gift Hamper,Seasonal,5,26.44,15.5,0,10,
2026-06-03,P008,Festive Gift Hamper,Seasonal,2,26.44,15.5,0,10,
2026-06-04,P008,Festive Gift Hamper,Seasonal,2,26.44,15.5,0,10,
2026-06-05,P008,Festive Gift Hamper,Seasonal,0,26.45,15.5,0,10,
2026-06-06,P008,Festive Gift Hamper,Seasonal,1,26.45,15.5,0,10,
2026-06-07,P008,Festive Gift Hamper,Seasonal,13,26.45,15.5,0,10,
2026-06-08,P008,Festive Gift Hamper,Seasonal,6,26.45,15.5,0,10,
2026-06-09,P008,Festive Gift Hamper,Seasonal,11,26.45,15.5,0,10,
2026-06-10,P008,Festive Gift Hamper,Seasonal,5,26.46,15.5,0,10,
2026-06-11,P008,Festive Gift Hamper,Seasonal,2,26.46,15.5,0,10,
2026-06-12,P008,Festive Gift Hamper,Seasonal,1,26.46,15.5,0,10,
2026-06-13,P008,Festive Gift Hamper,Seasonal,0,26.46,15.5,0,10,
2026-06-14,P008,Festive Gift Hamper,Seasonal,6,26.46,15.5,0,10,
2026-06-15,P008,Festive Gift Hamper,Seasonal,2,26.47,15.5,0,10,
2026-06-16,P008,Festive Gift Hamper,Seasonal,7,26.47,15.5,0,10,
2026-06-17,P008,Festive Gift Hamper,Seasonal,7,26.47,15.5,0,10,
2026-06-18,P008,Festive Gift Hamper,Seasonal,1,26.47,15.5,0,10,
2026-06-19,P008,Festive Gift Hamper,Seasonal,3,26.47,15.5,0,10,
2026-06-20,P008,Festive Gift Hamper,Seasonal,20,26.48,15.5,0,10,
2026-06-21,P008,Festive Gift Hamper,Seasonal,6,26.48,15.5,0,10,
2026-06-22,P008,Festive Gift Hamper,Seasonal,6,26.48,15.5,0,10,
2026-06-23,P008,Festive Gift Hamper,Seasonal,4,26.48,15.5,0,10,
2026-06-24,P008,Festive Gift Hamper,Seasonal,7,26.48,15.5,0,10,
2026-06-25,P008,Festive Gift Hamper,Seasonal,5,26.49,15.5,0,10,
2026-06-26,P008,Festive Gift Hamper,Seasonal,1,26.49,15.5,0,10,
2026-06-27,P008,Festive Gift Hamper,Seasonal,8,26.49,15.5,0,10,
2026-06-28,P008,Festive Gift Hamper,Seasonal,10,26.49,15.5,0,10,
2026-06-29,P008,Festive Gift Hamper,Seasonal,4,26.49,15.5,0,10,
2026-06-30,P008,Festive Gift Hamper,Seasonal,0,26.5,15.5,0,10,50
